1970,[introduces]
1970,[decides]
1970,[moves]
1970,[finds, stops]
1970,[comes, takes]
1970,[plays]
1970,[meets]
1970,[]
1970,[tells, performs, agrees, introduces, believes, asks, takes]
1970,[]
1970,[falls, gives]
1970,[]
1970,[]
1970,[gets]
1970,[molests]
1970,[asks]
1970,[]
1970,[enters]
1970,[meets, manages, accuses, takes]
1970,[leaves]
1970,[accepts, realizes]
1970,[promises]
1970,[ends, approaches, receives]
1970,[]
1970,[]
1970,[finds, learns, opens]
1970,[loves]
1970,[]
1970,[]
1970,[marries]
1970,[]
1970,[]
1970,[finds]
1970,[]
1970,[does]
1970,[teaches]
1970,[tells]
1970,[]
1970,[]
1970,[feels, lives, warns, rushes, takes, pacifies]
1970,[tells, confronts]
1970,[]
1970,[grows, feels, admires, meets, thinks]
1970,[visits, finds, starts, disappears, understands]
1970,[testifies]
1970,[meets, decides]
1970,[unites]
1970,[traps, trusts, believes, plans, pretends]
1970,[needs, reconciles, believes]
1970,[loves]
1971,[]
1971,[convinces]
1971,[]
1971,[confronts, decides, asks]
1971,[loves]
1971,[]
1971,[finds]
1971,[finds]
1971,[]
1971,[announces, loves, manages]
1971,[asks, rebukes, belabours, gives, pacifies]
1971,[]
1971,[sees]
1971,[feels]
1971,[comes, starts, frightens]
1971,[lets]
1971,[]
1971,[]
1971,[witnesses]
1971,[meets]
1971,[]
1971,[]
1971,[]
1971,[enters]
1971,[]
1971,[follows, gets]
1971,[meets]
1971,[]
1971,[tries, identifies]
1971,[hires]
1971,[discloses, realises, comes]
1971,[tells, feels]
1971,[lives, sees]
1971,[]
1971,[]
1971,[sees, asks]
1971,[]
1971,[]
1971,[lives]
1971,[]
1971,[reveals]
1971,[meets, attracts]
1971,[]
1971,[falls, asks]
1971,[tells, asks, urges]
1971,[comes]
1971,[]
1971,[wins, promises]
1971,[]
1971,[]
1971,[recognizes, takes, thinks]
1971,[]
1971,[reaches, manages, discovers, gives]
1971,[accepts]
1971,[meets]
1971,[]
1971,[wants]
1971,[]
1971,[leaves]
1971,[]
1971,[agrees, asks]
1971,[]
1971,[leaves, studies, returns, gets]
1971,[realises, leaves, goes, asks, starts, excels]
1971,[welcomes]
1973,[]
1973,[]
1973,[tells, jumps]
1973,[sees, regains]
1973,[tries]
1973,[saves, continues]
1973,[]
1973,[woos]
1973,[walks]
1973,[]
1973,[tells]
1973,[]
1973,[agrees]
1973,[]
1973,[tries]
1973,[discusses, hesitates]
1973,[abducts]
1973,[]
1973,[finds]
1973,[hits, attempts]
1973,[finds]
1973,[abducts]
1973,[shields, asks, emerges, takes, dives, shoots]
1973,[]
1973,[]
1973,[tells, calls, panics, asks]
1973,[]
1973,[]
1973,[gets]
1973,[suffers, returns, takes]
1973,[commits, woos, faces]
1973,[]
1973,[finds]
1973,[stays]
1973,[kills]
1973,[kidnaps, asks, realizes, dies]
1973,[]
1973,[delivers]
1973,[]
1973,[]
1973,[]
1973,[passes]
1973,[]
1973,[wants]
1973,[]
1973,[]
1973,[tells, warns]
1973,[]
1973,[]
1973,[]
1973,[reports, gets]
1973,[]
1973,[]
1973,[meets]
1973,[]
1973,[begins, relents]
1974,[]
1974,[]
1974,[]
1974,[]
1974,[]
1974,[feels]
1974,[instructs, happens, presents]
1974,[]
1974,[arrives, fires, matures]
1974,[begins, lives, asks, attends, rushes]
1974,[]
1974,[]
1974,[]
1974,[]
1974,[]
1974,[marries, dislikes, understands]
1974,[]
1974,[]
1974,[tells, agrees]
1974,[accepts]
1974,[names]
1974,[sees]
1974,[accepts]
1974,[]
1974,[]
1974,[]
1974,[calls]
1974,[finds]
1974,[decides, forgives]
1974,[takes]
1974,[]
1974,[]
1974,[starts]
1974,[]
1974,[meets]
1974,[meets]
1974,[agrees, asks]
1974,[]
1974,[]
1974,[tells, leaves, marries, takes, gives]
1974,[knows]
1974,[comes, gets]
1974,[recovers, hears, insists, develops]
1974,[]
1974,[]
1974,[continues, contacts]
1974,[opposes, goes, follows]
1974,[meets]
1974,[reciprocates]
1974,[]
1974,[spends]
1974,[finds, goes]
1974,[plays]
1974,[]
1974,[]
1974,[takes]
1974,[]
1974,[lives, moves]
1974,[feels]
1974,[]
1974,[lives, starts, gets]
1974,[marries]
1975,[]
1975,[saves]
1975,[falls]
1975,[]
1975,[]
1975,[finds]
1975,[suspects]
1975,[]
1975,[]
1975,[]
1975,[brings]
1975,[]
1975,[applies, finds, returns, shoots]
1975,[falls]
1975,[passes]
1975,[falls]
1975,[]
1975,[]
1975,[]
1975,[]
1975,[rescues]
1975,[meets, plans, completes]
1975,[thinks, arranges]
1975,[]
1975,[tells, returns, blames]
1975,[]
1975,[goes]
1975,[]
1975,[dies]
1975,[]
1975,[considers, grows, rejects, recognizes, gets]
1975,[]
1975,[]
1975,[promises]
1975,[begins]
1975,[]
1975,[]
1975,[loves]
1975,[]
1975,[wants]
1975,[helps]
1975,[slips, sees, helps, rapes]
1975,[gets]
1975,[lives]
1975,[grows]
1975,[]
1975,[introduces]
1975,[finds]
1975,[]
1975,[]
1975,[finds]
1975,[]
1975,[]
1975,[recovers]
1975,[escapes, meets, finds]
1975,[]
1975,[]
1975,[]
1975,[asks]
1975,[gets]
1976,[makes]
1976,[]
1976,[]
1976,[sends]
1976,[]
1976,[recovers, tries, decides]
1976,[informs]
1976,[insists]
1976,[dies]
1976,[]
1976,[]
1976,[]
1976,[]
1976,[escapes, unites, loves, resists, urges]
1976,[identifies, finds]
1976,[]
1976,[]
1976,[]
1976,[meets]
1976,[hears]
1976,[makes]
1976,[]
1976,[]
1976,[]
1976,[]
1976,[]
1976,[accepts]
1976,[informs]
1976,[stays, decides]
1976,[]
1977,[]
1977,[]
1977,[]
1977,[]
1977,[leaves, returns, stops, gets]
1977,[attempts]
1977,[meets, wants]
1977,[]
1977,[kidnaps, believes, pleads, supports]
1977,[wants]
1977,[]
1977,[meets]
1977,[approaches]
1977,[]
1977,[ends]
1977,[]
1977,[]
1977,[allows, wants]
1977,[]
1977,[regains, comforts]
1977,[helps]
1977,[]
1977,[admires]
1977,[comes, recognizes]
1977,[]
1977,[meets, realizes]
1977,[]
1977,[finds, likes]
1977,[]
1977,[]
1977,[]
1977,[]
1977,[refuses]
1977,[]
1977,[]
1977,[]
1977,[]
1977,[]
1977,[reaches]
1977,[]
1977,[]
1977,[]
1977,[rebukes]
1977,[]
1977,[misses, forms]
1977,[manages]
1977,[rescues]
1977,[]
1977,[wants]
1977,[]
1977,[finds, sends]
1977,[]
1977,[stays, tells, arrives, meets, blackmails, asks, refuses]
1977,[]
1977,[stays, pleads]
1977,[finds]
1977,[]
1977,[]
1977,[consoles]
1977,[returns]
1977,[tells, feels, finds, asks, loves, comes, gets]
1977,[tells, asks, wants, steps]
1977,[]
1977,[]
1977,[tells]
1977,[finds]
1977,[]
1977,[]
1977,[]
1977,[]
1977,[tells, does, marries, faces, says, gets, urges, fears]
1977,[]
1978,[]
1978,[]
1978,[falls]
1978,[tells, Marries, meets, lives, saves, fumes, refuses, takes, writes, hates, knows, disagrees]
1978,[introduces]
1978,[]
1978,[hatches, remembers, reads, buries, intervenes]
1978,[seduces]
1978,[agrees, goes, ends, gets, apologizes]
1978,[succumbs]
1978,[decides]
1978,[]
1978,[]
1978,[passes]
1978,[]
1978,[]
1978,[faces, gives]
1978,[]
1978,[enters, dons]
1978,[]
1978,[]
1978,[makes, wants, gets]
1978,[sacrifices]
1978,[feels, realizes]
1978,[visits, falls, refuses]
1978,[dies]
1978,[]
1978,[kidnaps, rescues, empathizes, mistakes]
1978,[]
1978,[lives, saves, decides, remains, keeps, disowns]
1978,[]
1978,[kills, assists, decides]
1978,[assists]
1978,[enrages]
1978,[comes]
1978,[]
1978,[encourages]
1978,[comes]
1978,[]
1978,[starts, chooses]
1978,[]
1979,[wants]
1979,[]
1979,[desires, refuses]
1979,[]
1979,[confesses, asks, loves]
1979,[feels, starts]
1979,[]
1979,[saves]
1979,[decides, receives, takes]
1979,[]
1979,[meets, lives, continues]
1979,[]
1979,[spends, shows]
1979,[]
1979,[notices, summons, hires, sees, ends]
1979,[]
1979,[tells]
1979,[]
1979,[]
1979,[rescues]
1979,[]
1979,[]
1979,[]
1979,[]
1979,[tells, meets]
1979,[]
1979,[]
1979,[]
1979,[attends]
1979,[]
1979,[]
1979,[rejects, appears, assigns, gives]
1979,[]
1979,[]
1979,[encourages]
1979,[]
1979,[]
1979,[]
1979,[considers, remains]
1979,[]
1979,[features, starts]
1979,[]
1979,[]
1979,[travels, lives, continues]
1979,[]
1979,[plays]
1979,[untangles]
1979,[]
1979,[goes]
1979,[brings]
1979,[]
1979,[]
1979,[]
1979,[brings, gives]
1979,[]
1979,[loses, informs]
1980,[]
1980,[]
1980,[tells, meets, goes]
1980,[tells, finds]
1980,[]
1980,[cancels, meets, goes, invites, wishes, gives]
1980,[gives]
1980,[]
1980,[]
1980,[lets, takes]
1980,[]
1980,[saves, turns]
1980,[leaves, refuses, gives]
1980,[dies]
1980,[calls]
1980,[tells, recovers, sees, gives]
1980,[displeases, announces, finds, manages, learns]
1980,[discloses, finds]
1980,[meets, sends]
1980,[escapes, confesses, attacks, throws]
1980,[tells]
1980,[reveals]
1980,[tells, lives, attacks, marries]
1980,[]
1980,[]
1980,[tries, comes, attracts, acts, gains]
1980,[]
1980,[performs, teaches, moves, gives]
1980,[realizes, starts]
1980,[escapes]
1980,[]
1980,[]
1980,[likes]
1980,[]
1980,[catches, returns]
1980,[believes]
1980,[]
1980,[]
1980,[insists, stumbles]
1980,[tries, knows]
1980,[marries, grieves]
1980,[kidnaps, identifies]
1980,[]
1980,[explores]
1980,[]
1980,[leaves]
1980,[]
1980,[comes]
1980,[remarries]
1980,[grows, asks, undergoes, returns, takes, gets]
1980,[accepts, asks, makes, takes, gives]
1980,[picks]
1981,[shows, comes, wants, runs]
1981,[]
1981,[visits, meets]
1981,[asks]
1981,[knows]
1981,[]
1981,[]
1981,[meets]
1981,[meets, comes]
1981,[]
1981,[brings]
1981,[finds, betrays]
1981,[]
1981,[]
1981,[]
1981,[opposes, accepts]
1981,[forces]
1981,[]
1981,[]
1981,[kidnaps]
1981,[settles, decides]
1981,[saves]
1981,[]
1981,[]
1981,[visits, dashes, meets, remembers]
1981,[]
1981,[]
1981,[marries]
1981,[leaves, takes]
1981,[dies]
1981,[kidnaps]
1981,[gets]
1981,[invites]
1981,[]
1981,[]
1981,[]
1981,[passes, gives]
1981,[comes]
1981,[]
1981,[]
1981,[]
1981,[]
1981,[shatters, loses]
1981,[hits, realises]
1981,[catches, recognizes]
1981,[]
1981,[]
1981,[]
1981,[turns]
1981,[]
1981,[pledges]
1981,[rapes]
1981,[asks]
1981,[manipulates]
1981,[meets, finds]
1981,[]
1982,[reincarnates]
1982,[promises]
1982,[passes]
1982,[]
1982,[]
1982,[]
1982,[]
1982,[wants, helps]
1982,[]
1982,[]
1982,[]
1982,[marries]
1982,[]
1982,[reveals, gets]
1982,[thinks]
1982,[]
1982,[]
1982,[]
1982,[]
1982,[]
1982,[]
1982,[meets, dies]
1982,[]
1982,[joins, wants, discovers]
1982,[meets]
1982,[]
1982,[promises]
1982,[rents]
1982,[rents]
1982,[meets, checks, accepts, makes, likes]
1982,[helps]
1982,[works, meets, continues, apologizes]
1982,[looks]
1982,[joins, sees, loves, comes]
1982,[]
1982,[Romeos]
1982,[]
1982,[brings, encounters]
1982,[]
1982,[tries, comes]
1982,[]
1982,[]
1982,[]
1982,[]
1982,[]
1982,[illtreats]
1982,[]
1982,[gets]
1982,[gives]
1982,[]
1982,[gets]
1982,[sacrifices, divorces]
1982,[slaps]
1982,[meets]
1982,[beats]
1982,[marries, gives]
1982,[comes]
1982,[meets, falls, marries]
1982,[hands, appoints, suspects, promises]
1982,[marries]
1982,[meets, believes, marries]
1982,[]
1982,[]
1982,[]
1982,[]
1982,[]
1982,[]
1982,[does, loves, decides, comes, dies]
1982,[learns, loves]
1982,[]
1982,[]
1982,[lives]
1982,[admits, returns, sends, understands]
1982,[leaves, obeys, advices, promises, gives, knows]
1982,[warns]
1982,[leaves]
1982,[hears]
1982,[returns]
1982,[]
1982,[despises, marries]
1982,[]
1982,[]
1982,[falls]
1982,[]
1982,[reveals]
1982,[tries]
1982,[meets]
1982,[]
1982,[dies]
1982,[meets, lives, admits, loves, owns]
1982,[]
1982,[]
1982,[]
1982,[]
1982,[]
1982,[supports]
1982,[goes]
1982,[barges, moves, decides]
1982,[walks, takes]
1982,[understands]
1982,[]
1982,[]
1982,[tells, finds]
1982,[sings, leaves, asks, angers, hears, runs]
1982,[]
1982,[tells, calls, goes]
1982,[meets]
1982,[tells, agrees, sees, calls]
1982,[goes]
1982,[tells, meets, calls, reassures, gets]
1983,[marries]
1983,[pitches]
1983,[]
1983,[receives]
1983,[]
1983,[]
1983,[tries, confronts]
1983,[meets]
1983,[explains]
1983,[sees]
1983,[convinces, appears]
1983,[convinces]
1983,[]
1983,[]
1983,[tells, meets, calls, realizes, gets, garlands]
1983,[]
1983,[]
1983,[returns]
1983,[decides]
1983,[]
1983,[agrees]
1983,[goes]
1983,[takes]
1983,[hires]
1983,[meets]
1983,[finds, decides, marries]
1983,[stays]
1983,[reunites, sees, resists]
1983,[kidnaps, tells]
1983,[helps]
1983,[falls, follows]
1983,[]
1983,[]
1983,[]
1983,[remarries]
1983,[refuses]
1983,[]
1983,[kills, marries]
1983,[marries]
1983,[protects, loves]
1983,[]
1983,[]
1983,[sees]
1983,[decides, shoots]
1983,[visits, lives, calls, changes, forgets, behaves, takes]
1983,[offers]
1983,[gives]
1983,[sacrifices, releases]
1983,[loves]
1983,[leaves]
1983,[]
1983,[]
1983,[]
1983,[]
1983,[dies]
1983,[meets]
1983,[refuses, promises]
1983,[]
1983,[]
1983,[finds]
1983,[saves]
1983,[]
1983,[]
1983,[meets]
1983,[expresses]
1983,[makes]
1983,[]
1983,[marries]
1983,[accepts]
1983,[rejects, finds, loves, comes, marries, gets]
1983,[grows, wants]
1983,[]
1983,[]
1983,[]
1983,[reciprocates, takes]
1983,[knows]
1983,[brings]
1983,[meets]
1983,[]
1983,[sees]
1983,[]
1983,[agrees, introduces, goes, loves, comes, takes, gets, pays]
1984,[elopes]
1984,[meets]
1984,[lives, starts]
1984,[finds]
1984,[gets]
1984,[suggests]
1984,[discloses, decides, learns, marries]
1984,[tells, visits, asks, expresses, insists]
1984,[]
1984,[commits, rapes]
1984,[falls]
1984,[tells, tries, realises, manages]
1984,[]
1984,[]
1984,[meets]
1984,[accuses]
1984,[shares, finds, does]
1984,[falls, confronts, accepts, marries, urges]
1984,[asks, swears]
1984,[dies]
1984,[stays]
1984,[]
1984,[meets]
1984,[]
1984,[]
1984,[meets]
1984,[works, befriends]
1984,[dies]
1984,[plays]
1984,[]
1984,[]
1984,[meets, takes]
1984,[insists]
1984,[comes, wants, knows]
1984,[convinces, manages, understands]
1984,[]
1984,[tells, implores, refuses, starts, says]
1984,[]
1984,[requests]
1984,[tries, controls, goes, refuses, tells, realises, finds, confesses, consoles, threatens, receives, helps, takes, demands, gives]
1984,[loves]
1984,[marries]
1984,[]
1984,[leaves]
1984,[meets, finds, moves]
1984,[]
1984,[finds, gives]
1984,[kills]
1984,[]
1984,[]
1985,[does, decides]
1985,[notices, delivers]
1985,[]
1985,[]
1985,[finds, dies, annoys]
1985,[]
1985,[scares, meets, finds, accepts, plans, loves, comes, takes]
1985,[observes, comes]
1985,[protects, convinces, decides, makes, says]
1985,[allows, agrees, leaves, starts, says]
1985,[]
1985,[feels]
1985,[]
1985,[grows, realizes]
1985,[]
1985,[]
1985,[falls, transfers]
1985,[loves, reads]
1985,[]
1985,[adores]
1985,[tries, marries]
1985,[finds, asks, blesses]
1985,[]
1985,[]
1985,[tells, makes, swears, slams, holds, uses, humiliates, locks]
1985,[tells, calls, comes, crosses, shoots]
1985,[]
1985,[]
1985,[agrees]
1985,[decides]
1985,[rapes]
1985,[marries, keeps]
1985,[lives, comes]
1985,[falls, realizes, marries, keeps]
1985,[]
1985,[lives]
1985,[helps]
1985,[]
1985,[]
1985,[]
1985,[]
1985,[]
1985,[escapes, returns, gives]
1985,[plays, captures, devises, learns, runs, gives, sends]
1985,[]
1985,[intercepts, turns]
1985,[plans]
1985,[opposes, apologises, intervenes]
1985,[]
1985,[enters]
1985,[comes, blames]
1985,[]
1985,[loves, marries]
1985,[falls]
1985,[replies, calls, storms, teases]
1985,[]
1985,[kidnaps, brings]
1985,[]
1985,[declares]
1985,[relents, admits, asks, spots]
1985,[]
1985,[]
1985,[]
1985,[]
1985,[protects, marries]
1985,[loves]
1985,[lives, promises]
1985,[falls]
1985,[runs]
1985,[rescues]
1985,[]
1985,[meets]
1985,[]
1985,[]
1985,[comes, attempts]
1986,[loves]
1986,[]
1986,[falls]
1986,[marries, dies]
1986,[saves, gives]
1986,[disapproves]
1986,[goes]
1986,[finds, participates, goes, comes, informs]
1986,[]
1986,[]
1986,[plays]
1986,[plays]
1986,[nearby, insists]
1986,[begs]
1986,[comes]
1986,[]
1986,[confronts, confesses, manages, invites, discovers, spills]
1986,[sees, abducts]
1986,[goes]
1986,[]
1986,[]
1986,[]
1986,[]
1987,[]
1987,[]
1987,[]
1987,[forces, wants]
1987,[sacrifices, meets]
1987,[]
1987,[returns]
1987,[]
1987,[asks]
1987,[meets]
1987,[begins, continues]
1987,[]
1987,[]
1987,[turns]
1987,[]
1987,[tells, feels, misses, continues, marries]
1987,[feels, hears, attempts]
1987,[forces]
1987,[]
1987,[]
1987,[tells, loves, makes]
1987,[]
1987,[loves]
1987,[joins]
1987,[works, asks]
1987,[]
1987,[gives]
1987,[causes, disapproves, sends]
1987,[enters]
1987,[]
1987,[]
1987,[]
1987,[falls, goes]
1987,[meets]
1987,[]
1987,[comes]
1987,[]
1987,[]
1987,[refuses]
1987,[enters, transforms, starts, steps]
1987,[meets, discovers]
1987,[learns, informs]
1987,[]
1987,[persecutes, returns]
1987,[]
1987,[]
1987,[]
1987,[meets, confronts, sees, forces, asks, Choudhuryjoins, comes, beats, apologizes]
1987,[tries, agrees, meets, sees, goes, forces, requests, takes, informs]
1987,[tells, sings, disbelieves, asks, realizes, informs]
1987,[]
1987,[looks]
1987,[looks]
1987,[saves]
1987,[]
1987,[]
1987,[]
1987,[notices, comes]
1987,[]
1988,[overcomes]
1988,[]
1988,[leaves, breathes]
1988,[falls]
1988,[]
1988,[]
1988,[kidnaps, meets, loves]
1988,[]
1988,[convinces]
1988,[stumbles]
1988,[]
1988,[]
1988,[sees]
1988,[overcomes]
1988,[dies]
1988,[]
1988,[]
1988,[]
1988,[]
1988,[]
1988,[]
1988,[]
1988,[suggests]
1988,[]
1988,[]
1988,[]
1988,[looks, meets, recounts, returns, takes, gets]
1988,[saves, decides]
1988,[walks, wakes, asks]
1988,[decides]
1988,[]
1988,[loves, comes]
1988,[meets, gets]
1988,[kills, denies]
1988,[]
1988,[grows]
1988,[]
1988,[reaches, comes, overhears, takes]
1988,[]
1988,[]
1988,[rejects, arranges]
1988,[falls]
1989,[rescues]
1989,[wakes, attempts]
1989,[]
1989,[meets]
1989,[]
1989,[]
1989,[lives, wants, invites]
1989,[reveals]
1989,[]
1989,[meets, attacks, belongs, plans, loots, turns]
1989,[tells, meets, calls, moves, screams, asks, invites, marries, hears]
1989,[kills]
1989,[]
1989,[marries]
1989,[knows]
1989,[sees, decides]
1989,[goes, marries, likes]
1989,[]
1989,[]
1989,[]
1989,[leaves, comes, takes]
1989,[finds]
1989,[confronts]
1989,[]
1989,[stays, hatches]
1989,[goes, remains]
1989,[]
1989,[]
1989,[]
1989,[goes]
1989,[begins]
1989,[]
1989,[meets, finds, wants]
1989,[starts]
1990,[falls]
1990,[sees, dies]
1990,[tries, loves, rapes]
1990,[brings, loves, comes]
1990,[falls, promises]
1990,[brings]
1990,[stays, decides, runs]
1990,[persuades]
1990,[comes]
1990,[]
1990,[realises, disapproves, disowns]
1990,[]
1990,[believes, realizes, releases]
1990,[seeks]
1990,[explains, gives]
1990,[]
1990,[hears]
1990,[]
1990,[prevails, finds, beheads, moves, claims]
1990,[]
1990,[succumbs, confronts, accepts, refuses]
1990,[begins, snubs, reaches, throws, discovers, gives, likes]
1990,[meets, encounters, sees, follows, forgets]
1990,[tells, drops, lives, leaves, encounters, reaches, attacks, follows, says, gets, likes]
1990,[]
1990,[]
1990,[falls, goes, causes, tricks, returns, takes, banishes]
1990,[loves, realizes, takes]
1990,[tells, mentions, develops]
1990,[]
1990,[]
1990,[tries, begs, weeps, asks, decides, kicks, demands]
1990,[criticises, finds]
1990,[]
1990,[tells, tries, brings, asks, runs]
1990,[tells, begs, protests, pleads, accuses, discovers]
1990,[]
1990,[]
1990,[falls, studies]
1990,[puts]
1990,[]
1990,[likes]
1990,[meets]
1990,[]
1990,[marries]
1990,[kills]
1990,[]
1990,[]
1990,[treats]
1990,[grows, examines]
1990,[brings, leads, stops, tracks]
1990,[leads, refuses]
1990,[]
1990,[arrives, transforms]
1990,[jumps]
1990,[transforms]
1990,[strikes, uses, launches]
1990,[expresses]
1990,[hits, tells, agrees, chases, provokes, accepts, proposes, retaliates, manages, beats, studies]
1990,[approves]
1990,[]
1990,[]
1990,[]
1990,[]
1990,[meets, finds]
1991,[sees]
1991,[knows]
1991,[begins, tells, looks, believes, sees, fights, moves, realizes, starts, gets, knows]
1991,[]
1991,[prints]
1991,[puts, finds, throws, blames]
1991,[]
1991,[]
1991,[pronounces, blames, presents]
1991,[reminds]
1991,[starts]
1991,[]
1991,[]
1991,[decides]
1991,[lives]
1991,[]
1991,[takes]
1991,[kills]
1991,[brings]
1991,[]
1991,[dispatches]
1991,[tells, escapes, meets, falls, misunderstands]
1991,[gets]
1991,[meets, does]
1991,[makes]
1991,[leaves]
1991,[makes]
1991,[]
1991,[]
1991,[recovers, meets, prepares, asks]
1991,[]
1991,[falls]
1991,[]
1991,[]
1991,[]
1991,[wants]
1991,[]
1991,[kidnaps]
1991,[]
1991,[]
1991,[]
1991,[lives]
1991,[]
1991,[]
1991,[]
1991,[]
1991,[]
1991,[girlfriends]
1991,[]
1991,[]
1991,[confronts, shows, finds, retorts, loves, lies, insults, marries, approaches, says, develops, likes]
1991,[meets]
1991,[finds]
1991,[calls]
1991,[takes]
1991,[forbids, faces]
1991,[rescues, refuses]
1991,[gets]
1991,[arrives, unites]
1991,[meets]
1991,[tells, reveals]
1991,[breaks, moves, overhears]
1991,[]
1991,[]
1991,[looks]
1991,[turns]
1991,[]
1991,[makes]
1991,[]
1991,[meets]
1991,[ridicules]
1991,[saves]
1991,[convinces]
1991,[]
1991,[]
1991,[meets, loves, witnesses]
1991,[]
1991,[grabs]
1991,[tells, meets, takes]
1991,[works]
1991,[finds]
1991,[marries]
1991,[molests, gives]
1991,[]
1991,[meets, confesses]
1991,[]
1991,[feels]
1991,[meets, falls]
1991,[loves]
1992,[creates]
1992,[tries, rouses, saves, spares]
1992,[passes]
1992,[bails]
1992,[]
1992,[tells, begs, sees, starts, prompts]
1992,[confronts]
1992,[meets, discovers, starts, prompts]
1992,[]
1992,[]
1992,[tricks]
1992,[comes, pretends]
1992,[meets]
1992,[calls]
1992,[]
1992,[]
1992,[stays, tries, falls, meets, accepts, takes]
1992,[hits, begs, feels, lives, takes]
1992,[]
1992,[meets]
1992,[]
1992,[]
1992,[tells, decides, knows]
1992,[]
1992,[asks]
1992,[]
1992,[regains]
1992,[accuses]
1992,[]
1992,[]
1992,[swears]
1992,[wants]
1992,[]
1992,[comes]
1992,[finds, sees]
1992,[asks]
1992,[asks, includes]
1992,[kills]
1992,[]
1992,[]
1992,[sees, calls, goes, gets]
1992,[kidnaps]
1992,[agrees, goes, marries, sends]
1992,[comes, assures, wants]
1992,[]
1992,[goes]
1992,[traps]
1992,[]
1992,[falls]
1992,[gives, presents]
1992,[]
1992,[recognises, arrives, gives, blames, states]
1992,[]
1992,[]
1992,[]
1992,[]
1992,[]
1992,[lives, finds, scolds]
1992,[lives, befriends, tracks, yells]
1992,[]
1992,[]
1992,[advises, approaches]
1992,[believes, takes]
1992,[]
1992,[]
1992,[]
1992,[]
1992,[loves]
1992,[]
1992,[tells, confirms]
1992,[finds]
1992,[finds]
1992,[tries, comes]
1992,[]
1992,[marries]
1992,[shows]
1992,[]
1992,[runs]
1992,[agrees, meets, takes, explains, develops]
1992,[meets, plans, comes, attends, explains]
1992,[agrees, wants]
1992,[]
1992,[learns]
1992,[]
1992,[]
1992,[]
1992,[tries, catches]
1992,[]
1992,[pleads, rapes]
1992,[does]
1992,[]
1992,[]
1992,[meets]
1992,[]
1993,[]
1993,[decides]
1993,[lets]
1993,[introduces]
1993,[remarries, disagrees]
1993,[stands, decides, gets]
1993,[tells]
1993,[]
1993,[falls, forgets, starts, overhears]
1993,[]
1993,[]
1993,[falls, takes, hates]
1993,[goes, regains, takes, promises]
1993,[]
1993,[arrives, impales, decides, regains, usurps, takes, impersonates]
1993,[]
1993,[dies]
1993,[meets, calls]
1993,[tells, learns, suspects]
1993,[thinks]
1993,[meets, works, goes, gets, sends]
1993,[]
1993,[comes]
1993,[]
1993,[]
1993,[]
1993,[lives, plans, wants]
1993,[reaches, asks, recognizes, takes, sends]
1993,[]
1993,[loves]
1993,[reports]
1993,[]
1993,[meets]
1993,[]
1993,[goes]
1993,[informs]
1993,[]
1993,[]
1993,[]
1993,[]
1993,[begins, scolds, defends, refuses, explains]
1993,[]
1993,[suffers, sets]
1993,[decides, blames]
1993,[finds, approaches, takes]
1993,[meets, brings, learns, decides]
1993,[]
1993,[shoots]
1993,[prevents]
1993,[]
1993,[commits]
1993,[]
1993,[]
1993,[grows, abducts]
1993,[]
1993,[overpowers, confesses, goes, swears, abducts]
1993,[]
1993,[]
1993,[]
1993,[leads]
1993,[goes]
1993,[tells, puts, saves, goes, moves, decides, realizes, approaches, refuses, knows]
1993,[offends]
1993,[finds, sees, melts]
1993,[embraces]
1993,[]
1993,[turns]
1993,[tells, begs, confronts, admits, goes, invites]
1993,[admits]
1993,[]
1993,[tells, stands]
1993,[fires]
1993,[tells, tries, feels, begs, confronts, sees, goes, holds, stops, starts, informs, cuts]
1993,[bids]
1993,[lodges]
1993,[]
1993,[aborts]
1993,[]
1993,[walks]
1993,[]
1993,[]
1993,[]
1993,[]
1993,[accepts]
1994,[]
1994,[takes, overhears]
1994,[]
1994,[]
1994,[manages]
1994,[slips, learns]
1994,[kidnaps, intervenes, hears]
1994,[visits]
1994,[]
1994,[leaves]
1994,[reciprocates]
1994,[agrees, presents]
1994,[places, meets, trains]
1994,[tells, falls, trains]
1994,[]
1994,[grows]
1994,[sees, loves, thinks, starts]
1995,[tells]
1995,[tells, arrives, begs, realises, asks, loves, dreams]
1995,[]
1995,[marries]
1995,[vows, places, reveals]
1995,[tells, meets, marries]
1995,[agrees, testifies, pressures]
1995,[grows, finds, stops, hears]
1995,[grows]
1995,[dies]
1995,[]
1995,[refuses, discovers]
1995,[]
1995,[realises, moves]
1996,[disappears]
1996,[kidnaps, tells, meets, goes, finishes, overhears, runs, shoots]
1996,[resembles, thinks]
1996,[finds]
1996,[follows]
1996,[starts, gets]
1996,[says]
1996,[]
1996,[]
1996,[manages]
1996,[locks]
1996,[meets]
1996,[falls]
1996,[]
1996,[kills, tries, brings, bids, releases]
1996,[confronts, brings]
1996,[meets]
1996,[reveals]
1996,[beats]
1996,[meets, moves, takes, fails]
1996,[tries]
1996,[meets]
1996,[flashes]
1996,[tells]
1996,[puts, stays, confronts, leaves, remains, faces, says]
1996,[meets]
1996,[]
1996,[]
1996,[grows, asks, marries, refuses, gets]
1996,[]
1996,[meets, hands, loves]
1996,[begins, agrees, realizes, commits]
1996,[gives]
1996,[]
1996,[refuses, runs]
1996,[kills, breaks, steals, accuses]
1996,[burns]
1996,[tells, leaves, loves, gives, attempts]
1996,[tells]
1996,[admits]
1996,[leaves, accepts, stops]
1996,[names, sees, resists, insists]
1996,[goes, comes, humilaitates]
1996,[conceives]
1996,[decides, humilaitates]
1996,[meets, lives]
1996,[]
1996,[]
1996,[Swaraj]
1996,[forgives]
1996,[lives, forgives, says]
1996,[realises, decides, forces, wants, chooses]
1996,[]
1996,[hits, accompanies, works, accepts, regains, insults, seeks]
1996,[tries]
1996,[]
1996,[]
1996,[abducts]
1996,[]
1996,[marries]
1996,[finds]
1996,[]
1996,[]
1996,[returns]
1996,[]
1997,[offers]
1997,[]
1997,[]
1997,[finds]
1997,[tells, kills, greets, finds, takes]
1997,[pursues, gets]
1997,[marries]
1997,[]
1997,[introduces]
1997,[tries]
1997,[knows]
1997,[buckles, walks, leaves, goes, gets, hears, likes]
1997,[tells, saves, sees, convinces, exposes, makes, acts, gets, likes]
1997,[puts, tells, falls, shows, calls, convinces, decides, ends]
1997,[]
1997,[tells, calls]
1997,[sees, calls]
1997,[needs]
1997,[injures, returns]
1997,[realises]
1997,[runs]
1997,[enters]
1997,[bails]
1997,[]
1997,[meets, develops]
1997,[]
1997,[arrives, confesses, interrogates]
1997,[]
1997,[]
1997,[meets, embraces, replies]
1997,[arrives]
1997,[prefers]
1997,[]
1997,[stops]
1997,[tries, agrees]
1997,[kidnaps]
1997,[]
1997,[lives]
1997,[tells]
1997,[]
1997,[sees]
1997,[goes, comes]
1997,[tries, falls, saves, sees, wants, regains]
1997,[]
1997,[saves, confesses]
1997,[suggests]
1997,[weds]
1997,[weds, marries]
1997,[marries]
1997,[files, marries, fears]
1997,[]
1997,[joins, arrives, meets, confronts, deceives, abandons, responds, catches, locks, visits, realises, finds, moves, confirms]
1997,[shares, confess, demands]
1997,[arrives, ignores, lives, abandons, asks, refuses, gets, informs, turns]
1997,[gives]
1997,[]
1997,[goes]
1997,[]
1997,[]
1997,[performs, agrees, falls, befriends, decides]
1997,[tells]
1997,[]
1997,[decides, understands]
1997,[comes, marries]
1997,[falls]
1998,[]
1998,[witness]
1998,[mistake]
1998,[mistake, kidnaps]
1998,[]
1998,[]
1998,[]
1998,[meets, seduces, marries]
1998,[goes]
1998,[]
1998,[marries]
1998,[meets, forces, spots, uses]
1998,[]
1998,[]
1998,[warns, overhears, departs, assaults]
1998,[arrives, begs, tries, buys, declares, finds, thwarts, decides, changes, knows]
1998,[]
1998,[Raja, finds, beats]
1998,[takes]
1998,[discovers]
1998,[]
1998,[rape, abducts]
1998,[rescues]
1998,[]
1998,[marries, dies]
1998,[struggles]
1998,[]
1998,[rejects]
1998,[wants]
1998,[refuses]
1998,[]
1998,[sees]
1998,[]
1998,[loves]
1998,[]
1998,[]
1998,[needs, suffers, takes]
1998,[tries, meets, sees, accepts, comes, starts, takes]
1998,[takes, runs]
1998,[tells, fakes]
1998,[]
1998,[wants]
1998,[falls]
1998,[tells, lives, finds, opts, leaves, decides, insists, gives, spills]
1998,[]
1998,[]
1998,[]
1998,[agrees, meets, overhears]
1998,[sits]
1998,[escapes, meets, goes, reveals, helps, takes, promises, shoots]
1998,[]
1998,[meets, loves]
1998,[]
1998,[learns]
1998,[feels, encounters]
1999,[tells, welcomes, sees]
1999,[leaves]
1999,[]
1999,[tells, finds, causes, forgives, advises]
1999,[sacrifices, convinces, lies, misunderstands]
1999,[tells, realises, finds, goes, misunderstands, gives]
1999,[]
1999,[happens]
1999,[]
1999,[arrives, kills, Agent]
1999,[]
1999,[refuses]
1999,[identifies, shows, realizes]
1999,[realizes, approaches]
1999,[realizes]
1999,[meets, believes]
1999,[tells, searches, places, learns, wants, woos, arranges, knows]
1999,[]
1999,[realises, befriends, chooses, keeps]
1999,[]
1999,[sends]
1999,[walks]
1999,[sends]
1999,[stabs]
1999,[refuses]
1999,[meets]
1999,[finds]
1999,[denies]
1999,[]
1999,[]
1999,[confronts, sees, favors, realizes, promises]
1999,[finds, supports, lets]
1999,[]
1999,[falls]
1999,[goes]
1999,[meets]
1999,[kidnaps, tells, calls, loves, witnesses]
1999,[]
1999,[suggests, turns]
1999,[leaves]
1999,[leaves, finds, goes, asks, learns, reveals, takes, gets, runs]
1999,[]
1999,[]
1999,[begins, goes, takes]
1999,[]
1999,[unites, accepts, makes, throws, says]
1999,[meets]
1999,[tells, accuses]
1999,[irritates]
1999,[tells, calls]
1999,[]
1999,[]
1999,[]
1999,[]
1999,[tesitifies, takes]
1999,[meets]
1999,[]
1999,[]
1999,[does, reminds]
1999,[shoots]
1999,[tells, begins, sees, asks, claims, telephones, takes, gets]
1999,[telephones]
1999,[transforms]
1999,[]
1999,[]
1999,[]
1999,[meets]
1999,[visits, forbids, realizes, supports, attends, assures]
1999,[]
1999,[wants]
1999,[]
1999,[]
1999,[works]
1999,[]
1999,[returns, takes]
1999,[takes]
1999,[]
1999,[kidnaps]
1999,[]
1999,[bludgeons, takes]
1999,[comes, wants, starts]
1999,[wants]
1999,[censures]
1999,[notices, resolves, teaches, carries, convinces, abandons, asks, acquires, proclaims, inquires]
1999,[]
1999,[]
1999,[discovers]
1999,[]
1999,[]
1999,[plays]
1999,[grabs]
1999,[saves]
2000,[marries]
2000,[tries]
2000,[meets]
2000,[]
2000,[marries]
2000,[knows]
2000,[breaks, returns]
2000,[learns]
2000,[decides, loathes]
2000,[reaches, breaks, asks, punishes]
2000,[]
2000,[]
2000,[]
2000,[]
2000,[]
2000,[]
2000,[]
2000,[falls]
2000,[meets, loves]
2000,[]
2000,[tells, loves, comes]
2000,[cries, finds, does]
2000,[tells, arrives, saves, decides, quiets, refuses, discovers, struggle]
2000,[]
2000,[tells, falls, saves, celebrates, collapses, refuses, lifts, explains]
2000,[reveals]
2000,[looks]
2000,[works]
2000,[]
2000,[resolves, kills, tries, decides, follows]
2000,[carries]
2000,[]
2000,[incites]
2000,[]
2000,[sees]
2000,[returns]
2000,[]
2000,[rescues]
2000,[survives]
2000,[starts, chooses]
2000,[revives]
2000,[]
2000,[]
2000,[]
2000,[]
2000,[brutally]
2000,[]
2000,[rescues, works, finds, learns, asks, realizes, takes]
2000,[begins]
2000,[meets]
2000,[]
2000,[loves, comes, wants, keeps]
2000,[marries]
2000,[]
2000,[reaches]
2000,[tries]
2000,[]
2000,[tries, rescues, goes]
2000,[tells, meets, confesses, learns]
2000,[falls, witnesses]
2000,[goes]
2000,[goes, manages, starts, gets]
2000,[falls]
2000,[meets]
2000,[]
2000,[]
2000,[selects, believes, leaves, convinces, enters]
2000,[tries, says]
2000,[immensely]
2000,[]
2000,[]
2000,[falls, makes]
2000,[]
2000,[accepts, learns]
2000,[]
2000,[tells, confirms]
2000,[]
2000,[reconciles, decides, returns]
2000,[]
2000,[leaves, screams, asks, suspects, thinks, slaps, gets]
2000,[comes]
2000,[]
2001,[sees, gives]
2001,[]
2001,[finds]
2001,[tries, sees]
2001,[]
2001,[]
2001,[]
2001,[begins, arrives, falls, lives, calls, misses]
2001,[dies]
2001,[begins]
2001,[chases, meets]
2001,[marries]
2001,[]
2001,[]
2001,[meets, finds, reaches, trips, asks, gets, sends]
2001,[meets, falls, leaves, includes, gives, sends]
2001,[threatens]
2001,[]
2001,[]
2001,[gets]
2001,[stays, falls, finds, proposes]
2001,[meets, sees]
2001,[accuses, hears]
2001,[breaks]
2001,[]
2001,[]
2001,[]
2001,[announces, leaves, sees, calls, recognizes, refuses, starts, gets]
2001,[performs, tries, impresses, saves, recognizes]
2001,[tries]
2001,[]
2001,[relocates]
2001,[]
2001,[learns]
2001,[sends]
2001,[tells, sends]
2001,[]
2001,[tells, convinces]
2001,[tells, kills, spends, falls, comes]
2001,[]
2001,[]
2001,[]
2001,[meets, goes, gives]
2001,[attempts]
2001,[remains]
2001,[urges]
2001,[buys, gives, urges]
2001,[]
2001,[loves]
2001,[offers, wins, backpedals]
2001,[sees, returns]
2001,[beg]
2001,[opposes, locks]
2001,[meets, insults]
2001,[]
2001,[agrees, tries, escapes, confronts, lives, finds, gatecrashes, faints, intervenes, takes, gives]
2001,[meets]
2001,[intervenes]
2001,[arrives, makes]
2001,[]
2001,[arrives, tells, feels, finds, regains]
2001,[allows]
2001,[visits, tries, meets, calls, asks, stalks]
2001,[begins, meets, finds, believes, goes, wants, stalks, realizes, uses]
2001,[enters]
2001,[]
2001,[]
2001,[]
2001,[]
2001,[]
2001,[]
2001,[tells, feels, meets, calls, goes, stops]
2002,[comes]
2002,[]
2002,[]
2002,[loves]
2002,[exposes, wants, hears]
2002,[finds, confesses, warns, pleads]
2002,[]
2002,[meets, finds, comes]
2002,[meets]
2002,[]
2002,[wants]
2002,[wants]
2002,[tells, asks, follows, invites, remains, refuses]
2002,[forces]
2002,[comments]
2002,[]
2002,[approaches]
2002,[]
2002,[]
2002,[offers, tells, confronts, sees, begged]
2002,[]
2002,[meets]
2002,[falls]
2002,[]
2002,[leaves, persuades, advises, requests, cuts]
2002,[]
2002,[advises]
2002,[jumps, stops, takes]
2002,[believes, spots]
2002,[answers]
2002,[goes, asks, forms]
2002,[]
2002,[talks]
2002,[arrives, kills, meets, goes, loves, decides, answers, gets, says]
2002,[kills, chases, finds]
2002,[]
2002,[does, goes]
2002,[]
2002,[finds, realizes, hears]
2002,[looks]
2002,[]
2002,[refuses]
2002,[resides]
2002,[lives, realizes]
2002,[]
2002,[returns]
2002,[gets]
2002,[]
2002,[]
2002,[challenges, keeps]
2002,[plays]
2002,[resides]
2002,[chases, enters]
2002,[realises, enters]
2002,[]
2002,[]
2002,[begins, goes, loves, expresses, fails]
2002,[tells, leaves]
2002,[tells]
2002,[]
2002,[]
2002,[]
2002,[tries, manages, digests, wants, receives, overhears, seeks]
2002,[]
2002,[]
2002,[realises, stops]
2002,[realises, approaches]
2002,[arrives, visits, bows, marries, refuses, stops, approaches, writes]
2002,[realises, meets, explains]
2002,[agrees, hires]
2002,[]
2002,[]
2002,[]
2002,[hires]
2002,[finds]
2002,[comes]
2002,[]
2002,[meets]
2002,[thinks]
2002,[meets]
2002,[]
2002,[dies, gives]
2002,[meets]
2002,[notices]
2002,[hits]
2002,[tries, talks]
2002,[]
2002,[meets]
2002,[meets]
2003,[picks, says]
2003,[attacks, makes, knows]
2003,[suggests, gets, urges]
2003,[]
2003,[]
2003,[performs, falls, leaves, asks, makes, reveals, states]
2003,[tells, encourages, sees, loves, asks, comes, loses, thinks]
2003,[]
2003,[]
2003,[comes, starts]
2003,[understands]
2003,[walks]
2003,[]
2003,[comes]
2003,[comes]
2003,[dies]
2003,[hits, meets, refuses, takes]
2003,[tells, thinks, informs]
2003,[]
2003,[realizes]
2003,[endures, saves, nurtures]
2003,[saves]
2003,[urges, complies]
2003,[]
2003,[starts]
2003,[leaves, sees, asks, draws]
2003,[sees, asks, advises]
2003,[]
2003,[]
2003,[hails, arrives, vanishes, meets, leaves]
2003,[]
2003,[]
2003,[]
2003,[finds]
2003,[]
2003,[tries, meets, confronts, goes, decides, denies, tells, calls, realizes, explains, thinks, runs, keeps]
2003,[learns]
2003,[accepts, realizes]
2003,[feels, meets, confronts, reveals, forgives, marries, views]
2003,[accompanies]
2003,[]
2003,[shows]
2003,[kills, confesses, gets]
2003,[tells]
2003,[]
2003,[walks, believes, reaches, overhears]
2003,[]
2003,[kills]
2003,[meets]
2003,[escapes, comes]
2003,[meets, goes, comes]
2003,[marries, dies]
2003,[]
2003,[]
2003,[]
2003,[]
2003,[]
2003,[]
2003,[confronts, convinces, rushes]
2003,[tries]
2003,[meets]
2003,[meets]
2003,[brings, admits, learns, discovers]
2003,[confronts, exposes]
2003,[escapes, gives]
2003,[comes]
2003,[]
2003,[joins, explains]
2003,[leaves, disowns]
2003,[rushes]
2003,[]
2003,[attempts]
2003,[shows]
2003,[runs]
2003,[tries, recalls, leaves, encounters, realizes, discovers, reminds]
2003,[encounters]
2003,[]
2003,[]
2003,[follows]
2003,[]
2003,[falls, proposes]
2003,[]
2003,[meets, misses, hides]
2003,[meets]
2003,[]
2003,[]
2003,[tells, meets, insists]
2003,[]
2003,[meets, marries]
2003,[begins, chastises]
2003,[raises]
2003,[learns, survives]
2003,[]
2003,[meets, says]
2003,[finds, asks]
2003,[comes, gets]
2003,[watches, drives, follows, attends, invites, insults, takes, chaperones]
2003,[]
2003,[]
2003,[agrees, unites]
2003,[tries]
2003,[informs]
2003,[arrives, learns]
2003,[]
2003,[]
2003,[bears]
2003,[goes, asks]
2003,[meets]
2003,[tries, realises, encounters, insults, keeps]
2003,[]
2003,[]
2003,[marries, gives]
2003,[]
2003,[goes, ends]
2003,[meets]
2003,[inspires]
2003,[calls]
2003,[meets, finds, manages, returns, marries, seeks]
2003,[finds]
2003,[]
2003,[calls]
2003,[dies, shoots]
2003,[]
2003,[kidnaps]
2003,[]
2003,[tries]
2003,[rushes]
2003,[]
2003,[goes, accosts, asks, realizes, taunts, suspects, thinks, starts, arranges, sends, shoots]
2003,[]
2003,[]
2003,[]
2003,[]
2003,[]
2003,[supplies]
2003,[addresses, looks, goes, defends, expresses, approaches, starts, climbs]
2003,[]
2003,[brushes]
2003,[experiences]
2003,[]
2003,[meets]
2003,[loses]
2003,[sees]
2003,[]
2003,[tells, feels, falls]
2003,[]
2003,[asks, develops, likes]
2003,[sees]
2003,[starts]
2003,[grows, weeps, warns, returns, starts, gives]
2003,[finds]
2003,[summons, recollects, apprehends]
2003,[]
2004,[]
2004,[]
2004,[arrives]
2004,[makes, continues, threatens, commits, refuses]
2004,[wins, asks, continues]
2004,[goes]
2004,[accompanies]
2004,[meets, pretends]
2004,[]
2004,[offers, declines, tells, meets, convinces, diffuses, reveals, attends, consoles, returns, teases]
2004,[]
2004,[]
2004,[taunts, seeks]
2004,[falls, beats, lures]
2004,[meets]
2004,[]
2004,[leaves]
2004,[saves, sees, comes, realizes]
2004,[faints]
2004,[]
2004,[]
2004,[tells, flies, agrees, finds, sees, diverts]
2004,[nags, gets]
2004,[electrocutes, falls, sneaks, regains, starts]
2004,[arrives]
2004,[]
2004,[loves]
2004,[]
2004,[]
2004,[tells, realises, projects, admits, learns, returns, deems, insists]
2004,[meets, consummate, leaves, learns, asks, reads, slaps]
2004,[]
2004,[stops]
2004,[]
2004,[]
2004,[]
2004,[uses]
2004,[slaps]
2004,[knows]
2004,[remembers]
2004,[tries, meets, finds, remembers, supports, jumps]
2004,[]
2004,[tells]
2004,[joins, kills, explains, gets]
2004,[meets]
2004,[performs, suggests]
2004,[arrives]
2004,[reads]
2004,[flees, meets, perturbs]
2004,[travels]
2004,[breaks, causes, gets]
2004,[]
2004,[]
2004,[]
2004,[tells]
2004,[encourages]
2004,[]
2004,[]
2004,[marries]
2004,[]
2004,[marries]
2004,[]
2004,[]
2004,[]
2004,[]
2004,[]
2004,[]
2004,[refuses, gives]
2004,[pleads]
2004,[]
2004,[]
2004,[]
2004,[]
2004,[wins, meets, sees, loves, helps, gets, runs]
2004,[]
2004,[finds, comes, supports, isolates]
2004,[steals, tracks]
2004,[arrives, tells, allows, identifies, sights, meets, screams, shoots]
2004,[]
2004,[goes, prohibits, sends]
2004,[needs]
2004,[involves, loves, refuses]
2004,[finds, wants, expresses]
2004,[loves]
2004,[begins, takes]
2004,[visits, wears, returns, pretends]
2004,[]
2004,[agrees, sees, moves, threatens, informs]
2004,[]
2004,[pleads]
2004,[rejects]
2004,[]
2004,[tries, finds]
2004,[asks, decides]
2004,[observes, believes, challenges, expresses, points]
2004,[tells, feels, learns, questions, attempts]
2004,[]
2004,[gets]
2004,[gives]
2004,[gets]
2004,[tells, meets, loves]
2004,[rejects, convinces, invites, forgets]
2004,[tells, believes, runs]
2004,[tells, assumes, confesses, goes, decides, returns]
2004,[]
2004,[]
2004,[slaps, keeps]
2004,[begs, agrees, realises, meets, convinces, decides, completes, starts, takes]
2004,[tells, begs]
2004,[tells, calls]
2004,[]
2004,[]
2004,[realises, meets, convinces, takes]
2004,[meets]
2004,[begs]
2004,[]
2004,[]
2004,[comes]
2004,[helps]
2004,[leaves]
2004,[asks, loves, gets]
2004,[takes]
2004,[overpowers, follows, remains]
2005,[begins, loves, invites, turns]
2005,[joins, meets, assures]
2005,[begins, visits, suffers, moves, takes]
2005,[]
2005,[approves]
2005,[stays, begins, realises, convinces, does, manages, packs, gets]
2005,[tries, pack]
2005,[comes]
2005,[tries]
2005,[launches]
2005,[realizes, wants]
2005,[reciprocates]
2005,[agrees, meets, lives, infuriates]
2005,[comes]
2005,[]
2005,[learns]
2005,[]
2005,[]
2005,[leaves]
2005,[offers, kidnaps, tells, realises, meets, confronts, convinces, craves, spots, discovers, pulls]
2005,[]
2005,[]
2005,[informs]
2005,[]
2005,[]
2005,[focuses]
2005,[]
2005,[leaves, learns]
2005,[joins, tells, leaves, believes, refuses, gets]
2005,[]
2005,[]
2005,[]
2005,[helps]
2005,[goes]
2005,[]
2005,[falls]
2005,[recruits]
2005,[realizes, regains, heads]
2005,[meets]
2005,[]
2005,[arrives, finds, befriends, remembers, comes]
2005,[]
2005,[]
2005,[discloses, feels, makes, helps]
2005,[comes]
2005,[tells, proposes, gets]
2005,[]
2005,[refuses]
2005,[]
2005,[takes]
2005,[reveals]
2005,[]
2005,[drowns]
2005,[tells, expresses, removes]
2005,[]
2005,[]
2005,[takes]
2005,[]
2005,[wants, gets]
2005,[introduces, convinces, wants]
2005,[appears]
2005,[gets]
2005,[]
2005,[learns, consoles, stops]
2005,[]
2005,[adores]
2005,[]
2005,[teaches]
2005,[]
2005,[]
2005,[tells, meets, falls, interrupts, takes, thinks, gets]
2005,[thinks]
2005,[thinks]
2005,[hires, enters]
2005,[joins]
2005,[marries]
2005,[returns]
2005,[realises, finds, plans, manages, affects]
2005,[]
2005,[]
2005,[]
2005,[meets]
2005,[handles, realises, comes]
2005,[shows, dares]
2005,[]
2005,[appears, starts]
2005,[tells, sees, loves, asks, insults, discovers, gives]
2005,[]
2005,[takes]
2005,[shows]
2005,[doubts]
2005,[]
2005,[]
2005,[comes, marries]
2005,[]
2005,[]
2005,[]
2005,[]
2005,[gets]
2005,[begins]
2005,[]
2005,[shoots]
2005,[dies, points, shoots]
2006,[]
2006,[goes, knows]
2006,[finds]
2006,[wins]
2006,[begins, decides, talks, realizes, helps, reprimands]
2006,[confronts, meets, wants]
2006,[]
2006,[attends]
2006,[realises, gets]
2006,[calls, accepts, decides, marries, takes]
2006,[]
2006,[disapproves]
2006,[wants]
2006,[]
2006,[]
2006,[meets]
2006,[disappears]
2006,[comes]
2006,[holds]
2006,[convinces, calls, makes]
2006,[comes]
2006,[spots]
2006,[wakes]
2006,[causes]
2006,[]
2006,[marries]
2006,[]
2006,[discloses, leaves, reaches, returns, awaits]
2006,[tells, finds]
2006,[confesses]
2006,[believes, learns]
2006,[]
2006,[takes]
2006,[]
2006,[quits]
2006,[]
2006,[analyses, realizes]
2006,[]
2006,[cries, allows, admits, convinces, indicates, forces, catches, shoots]
2006,[]
2006,[]
2006,[allows, meets, informs]
2006,[falls, catches, informs]
2006,[infiltrates, confesses, attempts]
2006,[decides]
2006,[]
2006,[visits, drains, finds, grabs, bears, gets]
2006,[meets, sets, extends, makes, realizes, details, hears, hoodwinks]
2006,[]
2006,[]
2006,[tells, finds, sees, loves, follows, refuses, shoots]
2006,[arrives]
2006,[falls]
2006,[]
2006,[tells, arrives, tries, drowns, calls, goes, remains, refuses, discovers]
2006,[]
2006,[]
2006,[chooses]
2006,[comes]
2006,[]
2006,[]
2006,[]
2006,[]
2006,[]
2006,[leaves, invites, persuades, turns]
2006,[tells, accompanies, goes, belongs, persuades]
2006,[Mehralives]
2006,[meets, promises]
2006,[flies, wants]
2006,[gets]
2006,[reciprocates]
2006,[]
2006,[]
2006,[]
2006,[reaches, wants]
2006,[]
2006,[]
2006,[discovers, gets]
2006,[arrives, tells, finds, leaves, sees]
2006,[learns, expresses]
2006,[arrives, learns, accuses]
2006,[]
2006,[marries]
2006,[]
2006,[suggests]
2006,[suggests, stops]
2006,[takes]
2006,[Honey, realises, saves, calls, confesses, comes, takes]
2006,[]
2006,[contacts]
2006,[]
2006,[meets, lets]
2006,[]
2006,[visits]
2006,[arrives, overpowers, rescues, lives]
2006,[notices, enters]
2006,[]
2006,[]
2006,[]
2006,[]
2006,[thinks]
2006,[reassures]
2006,[reveals, states]
2006,[travels, casts, manages]
2006,[]
2006,[kills]
2006,[finds, wakes, asks]
2006,[]
2006,[]
2006,[]
2006,[]
2006,[]
2006,[]
2006,[notices, introduces]
2006,[uses]
2006,[]
2006,[helps]
2006,[]
2006,[]
2006,[]
2006,[]
2006,[saves]
2006,[]
2006,[comes]
2006,[]
2006,[brings, runs, gets]
2006,[]
2006,[tries]
2007,[tries, changes]
2007,[]
2007,[]
2007,[arrives]
2007,[]
2007,[goes, struggles, says, dances]
2007,[discovers]
2007,[]
2007,[kills, begs, meets, frames, learns, decides, kicks, lets, suspects, attempts]
2007,[informs]
2007,[kills]
2007,[commits]
2007,[reacts, falls, lives, takes, gets]
2007,[]
2007,[shows, takes]
2007,[]
2007,[offers, kills, tries, asks, makes, holds, informs]
2007,[finds, taunts, tracks]
2007,[tells, gives]
2007,[encounters, leaves, imprisons, hangs]
2007,[obtains, assumes, falls, shows, leaves, imagines, spills]
2007,[]
2007,[revolves]
2007,[lives, acquires, develops]
2007,[]
2007,[]
2007,[arrives, informs]
2007,[]
2007,[tells, calls, decides, steals]
2007,[]
2007,[hires, manages]
2007,[]
2007,[]
2007,[]
2007,[opens]
2007,[]
2007,[]
2007,[]
2007,[]
2007,[walks]
2007,[]
2007,[returns]
2007,[takes]
2007,[]
2007,[arrives, hands, finds, fiends]
2007,[finds]
2007,[]
2007,[]
2007,[forgives]
2007,[joins, returns]
2007,[]
2007,[]
2007,[]
2007,[comes]
2007,[]
2007,[]
2007,[]
2007,[needs]
2007,[]
2007,[admits, goes, asks, manages, comes, takes]
2007,[tells, realises, reaches, misses, decides, loves, follows, grandfathersees, rent, thinks]
2007,[]
2007,[faces]
2007,[hires]
2007,[calls, says]
2007,[wants]
2007,[]
2007,[puts, tries, advises, gets]
2007,[]
2007,[]
2007,[gives]
2007,[decides]
2007,[notices]
2007,[]
2007,[convinces, completes, discovers]
2007,[]
2007,[]
2007,[finds, convinces, accepts, goes, does, learns, asks, comes, reveals, refuses]
2007,[]
2007,[]
2007,[]
2007,[]
2007,[longs]
2007,[spots, rebukes, follows, presents]
2007,[]
2007,[broods]
2007,[]
2007,[calls, moves]
2007,[]
2007,[arrives]
2007,[]
2007,[asks, decides]
2007,[]
2007,[]
2007,[]
2007,[tells, feels, meets, stops, disappears]
2007,[feels]
2007,[]
2007,[]
2007,[announces, forces]
2007,[]
2007,[]
2007,[blames]
2007,[]
2007,[begins]
2007,[leaves]
2007,[reunites]
2007,[gives]
2007,[finds]
2007,[grows, tells, asks, reveals]
2007,[sees, stops, reappears, cuts, knows]
2007,[turns]
2007,[meets, sets, hates]
2007,[loves]
2007,[]
2007,[notifies]
2007,[realizes]
2007,[]
2007,[tells, does, asks]
2007,[meets]
2007,[meets]
2007,[tells, reunites, reveals, remembers, takes, hesitates]
2007,[reveals]
2007,[shows, plans, gets]
2007,[]
2007,[tells, kidnaps, recruits, informs]
2007,[]
2007,[]
2007,[tells, fires, decides, follows, thinks, starts, gets]
2007,[tells, manages, makes, overhears, keeps]
2007,[turns]
2007,[leaves]
2007,[arrives]
2007,[meets, reveals, gets, keeps]
2007,[arrives, manages]
2007,[]
2007,[shows]
2008,[bails]
2008,[gets, turns]
2008,[tells, decides]
2008,[hears]
2008,[]
2008,[takes]
2008,[gives]
2008,[gets]
2008,[]
2008,[shows, rewards]
2008,[agrees, ignores, seduces, wants, likes]
2008,[]
2008,[brother]
2008,[reveals, appears]
2008,[]
2008,[]
2008,[watches, finds, goes, negotiates]
2008,[remarks]
2008,[meets, finds, goes]
2008,[]
2008,[shows]
2008,[agrees, asks, learns, opens, pretends, points]
2008,[puts, realises, sees, asks, reveals, comes]
2008,[]
2008,[]
2008,[hires, comes, returns]
2008,[]
2008,[calls, speaks, questions, overhears, gives, pays]
2008,[meets]
2008,[finds, reveals, takes]
2008,[convinces, calls, replaces, mentions, advises, shoots]
2008,[holds]
2008,[tells, asks, advises]
2008,[]
2008,[]
2008,[]
2008,[]
2008,[]
2008,[]
2008,[]
2008,[shares, plays, breaks, loves, laughs, thinks, informs]
2008,[wants]
2008,[introduces, breaks, finds, loves, reveals, makes, hugs, dreams, thinks, gets]
2008,[]
2008,[]
2008,[expresses]
2008,[]
2008,[arrives, helps]
2008,[meets]
2008,[calls]
2008,[]
2008,[feels, meets]
2008,[meets, falls, gets]
2008,[arrives]
2008,[meets, misses, forgives, appears, develops, seeks]
2008,[]
2008,[]
2008,[]
2008,[turns]
2008,[refuses]
2008,[declares, learns]
2008,[marries, turns]
2008,[sees, starts]
2008,[notes, attacks]
2008,[]
2008,[persuades]
2008,[sees, quits, arranges]
2008,[conveys, finds, decides, scolds, overhears, gives]
2008,[reaches]
2008,[impels, senses, beats]
2008,[]
2008,[treats, befriends]
2008,[treats]
2008,[]
2008,[]
2008,[wants]
2008,[realises, lives]
2008,[tells, receives]
2008,[meets]
2008,[]
2008,[meets]
2008,[asks]
2008,[works, gets]
2008,[manages, gets]
2008,[]
2008,[throws]
2008,[befriends, lies]
2008,[crashes]
2008,[]
2008,[]
2008,[reaches]
2008,[tells, begins, meets]
2008,[]
2008,[tells, feels, meets, captures, goes, holds, throws, braves, says, promises, pushes]
2008,[]
2008,[]
2008,[]
2008,[marries]
2008,[saves]
2008,[]
2008,[kidnaps]
2008,[goes, asks]
2008,[meets, descends, lives, accepts, rekindles, includes, experiences, tells, walks, leaves, takes, gives, shoots, pays, freezes]
2008,[]
2008,[wants]
2008,[meets]
2008,[introduces]
2008,[]
2008,[vanishes, appears]
2008,[decides]
2008,[tells, accuses]
2008,[]
2008,[]
2008,[reflects]
2008,[feels]
2008,[]
2008,[tells, tries, rushes, throws]
2008,[]
2008,[]
2008,[]
2008,[begins, explores]
2008,[]
2008,[meets]
2008,[tells, puts, agrees, reacts, shows, admires, sees, takes]
2008,[encourages, imagines, thinks]
2008,[visits, finds, calls, decides, reads, informs, gives, investigates]
2008,[finds, reveals]
2009,[meets]
2009,[injures, recovers]
2009,[tells, thanks, escapes, tries, encounters, comes, gets]
2009,[arrives, works, finds, answers, gets, gives]
2009,[]
2009,[tells]
2009,[recognizes, gets]
2009,[]
2009,[takes]
2009,[thinks]
2009,[gives]
2009,[begins, tells, accompanies, unmasks, meets, warms, comes, intervenes, intercedes, helps, crosses, attempts]
2009,[accompanies, faints]
2009,[]
2009,[tells, raises, follows, wants, expresses]
2009,[]
2009,[]
2009,[]
2009,[shuts]
2009,[lets]
2009,[]
2009,[]
2009,[]
2009,[struggles]
2009,[works, loves]
2010,[tells, accepts, comes, takes]
2010,[tells, realises, decides]
2010,[wins, drives, nicknames]
2010,[tells, feels, finds, sees]
2010,[]
2010,[finds, goes, jumps, discovers, takes]
2010,[]
2010,[tells, encourages, finds, promises]
2010,[sees]
2010,[begins, refuses]
2010,[]
2010,[]
2010,[confronts, calls]
2010,[succeeds]
2010,[approaches]
2010,[cuts]
2010,[sponsors]
2010,[meets]
2010,[meets]
2010,[blames]
2010,[tells, finds, leaves, talks, makes, starts, discovers]
2010,[believes]
2010,[shows, sees, continues]
2010,[knocks]
2010,[tells, arrives, leaves]
2010,[consoles]
2010,[tells, calls, prepares, talks, comes, wishes, takes, pretends, says]
2010,[]
2010,[]
2010,[]
2010,[reaches]
2010,[realises, finds]
2010,[]
2010,[reveals]
2010,[]
2010,[]
2010,[ends, comes, dates]
2010,[]
2010,[berates]
2010,[meets]
2010,[]
2010,[meets]
2010,[]
2010,[moves]
2010,[]
2010,[]
2010,[falls, pays]
2010,[]
2011,[sends]
2011,[]
2011,[shows, knows]
2011,[brings]
2011,[tells]
2011,[communicates]
2011,[arrives, agrees, tries, flees, shows, sees, continues, changes, lies, catches, delivers, develops]
2011,[obtains, agrees, meets, finds, leaves, sees, spots, starts]
2011,[tells, agrees, brings, calls, realizes]
2011,[]
2011,[]
2011,[meets]
2011,[]
2011,[]
2011,[offers, rejects, arranges]
2011,[]
2011,[confronts, avoids, manages, decides, loses, attends]
2011,[tells]
2011,[loves]
2011,[]
2011,[tells, finds, sees, decides, appears, takes, likes]
2011,[]
2011,[sets, starts]
2011,[loves]
2011,[loves, thinks]
2011,[comes]
2011,[]
2011,[]
2011,[]
2012,[calls, decides, raises, explains]
2012,[betrays, shoots]
2012,[raises]
2012,[decides, overhears, understands, shoots]
2012,[maintains, meets, believes]
2012,[]
2012,[lies]
2012,[meets]
2012,[tries, agrees, meets, goes, learns, pleads, proposes, comes, tells, falls, confesses, calls, likes]
2012,[visits, admits, calls, loves, comes, refuses, stops, denies]
2012,[]
2012,[]
2012,[]
2012,[tells, meets, dances]
2012,[comes]
2012,[slaps]
2012,[]
2012,[arrives]
2012,[tries, calls, leads, goes, claims, continues, expresses, disarms, gets, shoots]
2012,[]
2012,[realizes]
2012,[]
2012,[]
2012,[takes]
2012,[tells, finds, irritates]
2012,[threatens, refuses, gets]
2013,[fails]
2013,[calls]
2013,[shows]
2013,[agrees, says]
2013,[arrives, knocks]
2013,[names, saves]
2013,[shapeshifts, saves, leads, decides]
2013,[notices]
2013,[tells, realises, persuades, takes]
2013,[allows]
2013,[]
2013,[deceives, refuses, retains]
2013,[sends]
2013,[meets]
2013,[]
2013,[]
2013,[meets]
2013,[watches]
2013,[]
2013,[meets, drives, calls, switches]
2013,[]
2013,[ignores, fires, persuades, says]
2013,[agrees, leaves, calls, moves, decides, comes, attempts]
2013,[]
2013,[]
2013,[meets]
2014,[escapes, meets, captures, convinces, decides, grabs, states, tells, hits, slips, sees, wakes, frees, asks, entrusts, remembers, returns, takes, runs, says, teases, insists]
2014,[]
2014,[]
2014,[]
2014,[]
2014,[]
2014,[points]
2014,[meets, turns]
2014,[]
2014,[]
2014,[chases, accepts, confides, decides, loves, runs]
2015,[tries, saves, finds, loves, taunts, takes]
2015,[begins, tells, hits, confronts, wakes, reassures, gets, blames, awakes]
2015,[ends]
2015,[]
2015,[reveals]
2015,[]
2015,[]
2015,[]
2015,[calls]
2015,[]
2015,[manages]
2015,[]
2015,[]
2015,[resists]
2015,[]
2015,[begins, tells, tries, finds, calls, sneaks, decides, drinks, returns, stops]
2015,[refuses]
2015,[tells, returns]
2015,[feigns]
2015,[meets]
2015,[meets, finds, thinks]
2015,[lives, realizes]
2015,[meets]
2015,[]
2015,[meets, drives]
2015,[checks, forces, comes]
2015,[tells, brings, leaves, comes, commits, helps, packs]
2015,[checks]
2015,[cries, tries, goes, decides, explores, fosters, hears, strips, tells, submits, falls, leaves, forces, promises, yells]
2015,[]
2015,[tries]
2015,[tries, confesses, hears, reflects]
2015,[]
2015,[]
2015,[chases, leaves, asks]
2015,[meets]
2015,[arrives, reaches, criticizes, locks]
2015,[]
2015,[]
2015,[hands, reaches, manages, shakes, throws, gets, echoes, tells, looks, realizes, shrieks, stumbles, shoots]
2015,[meets]
2015,[]
2015,[marries, helps]
2015,[meets, stalks]
2015,[]
2015,[meets, reveals, makes, comforts, turns]
2015,[decides]
2015,[]
2015,[]
2015,[]
2015,[]
2015,[meets, discovers, takes]
2015,[falls, invites, disapproves]
2015,[tells, meets, thinks]
2015,[]
2015,[]
2015,[falls, plays, finds]
2015,[]
2015,[tells, begins, tries, goes, discovers, urges]
2015,[works]
2015,[mourns, delivers]
2015,[tells, finds, breaks, wants]
2015,[brings, reveals, gets]
2015,[gets]
2015,[]
2015,[puts, arrives, explains]
2015,[feels, brings, signs, comes, gets]
2015,[wants]
2015,[berates, tries, loves, changes, wants, states]
2015,[irritates]
2015,[begins, kidnaps, sparks, survives, sends, shoots]
2015,[]
2015,[calls]
2015,[]
2015,[tells, sits, meets, finds, calls, befriends, decides, loves, comes, makes, gets]
2015,[tells, confronts, sees, sympathises, stops, gets, releases]
2015,[sees, asks]
2015,[considers, realises, confronts, asks, owns]
2015,[treats]
2015,[meets]
2015,[tells, shuns, meets, encounters, leaves, asks, comes, refuses, receives, gets]
2015,[assures, gets]
2015,[]
2015,[]
2015,[gets]
2015,[]
2015,[rescues]
2015,[]
2015,[emerges]
2015,[]
2015,[]
2015,[falls]
2015,[]
2015,[falls, boards, gets, runs]
2015,[]
2015,[takes]
2015,[]
2015,[]
2015,[tells, asks, intervenes]
2015,[]
2015,[takes]
2015,[tells, finds, calls, questions, realizes, starts]
2015,[]
2015,[]
2015,[misses]
2015,[learns, comes, gets, sends, travels, tells, drops, realises, leaves, finds, misses, wants, thinks]
2015,[]
2015,[loves, studies, likes]
2015,[makes]
2015,[leaves, dies]
2015,[tells, tries, decides, asks]
2015,[introduces, meets, finds, asks]
2015,[introduces]
2015,[advises, says]
2015,[]
2015,[stays, meets, ends]
2015,[warns]
2015,[finds]
2015,[meets, finds, fights, confesses, manages, warns, asks, decides, refuses, takes]
2015,[]
2015,[shoots]
2015,[]
2015,[]
2015,[]
2015,[offers, tries, lies, discovers]
2015,[]
2015,[]
2015,[]
2015,[]
2015,[arrives, ends, helps]
2015,[meets, badmouths]
2015,[meets]
2015,[encourages]
2015,[]
2015,[]
2015,[]
2015,[alights]
2015,[misses]
2015,[]
2015,[impresses]
2015,[tries, decides]
2015,[]
2015,[]
2015,[Synopsis]
2015,[]
2015,[Synopsis]
2015,[Synopsis]
2015,[]
2015,[Synopsis]
2015,[tells]
2015,[]
2015,[]
2015,[leads]
2015,[shoots]
2015,[]
2015,[]
2015,[stops]
2015,[]
2015,[begs, meets, monotonous, decides, returns, expresses, heads]
2015,[spends]
2015,[flies, calls, asks]
2015,[relays]
2015,[]
2015,[]
2015,[greets, meets, pleads, returns]
2015,[offers]
2015,[arrives, travels, passes, Mahal, loves, gives]
2014,[]
2014,[]
2014,[]
2014,[]
2014,[tells, declares, marries]
2014,[]
2014,[befriends]
2014,[wins]
2014,[]
2014,[]
2014,[tells, cries, meets, reunites, leaves, scolds, helps]
2014,[finds, sees, asks, assigns]
2014,[]
2014,[reveals]
2014,[]
2014,[tells, hits, kidnaps, performs, tries, calls, confesses, enters, asks, reveals, threatens]
2014,[kills]
2014,[reacts, cares, finds, reveals, hides, refuses]
2014,[]
2014,[shows, calls, decides, gets, gives, surprises]
2014,[feels]
2014,[realises, decides, retaliates, runs]
2014,[does, conspires]
2014,[tells, begins, visits, finds, apologizes]
2014,[]
2014,[meets, makes, helps]
2014,[tries, meets, hands, decides, stays, begins, visits, intends, finds, leaves, befriends, relives, shuts, returns]
2014,[]
2014,[tells, calls, accepts, goes, asks]
2014,[]
2014,[]
2014,[stabs]
2014,[]
2014,[]
2014,[]
2014,[]
2014,[realises, rushes, takes]
2014,[realises, insults]
2014,[tells, confuses, wears]
2014,[tells, lets, marries]
2014,[kidnaps, loves]
2014,[]
2014,[]
2014,[]
2014,[]
2014,[tells]
2014,[meets]
2014,[angers, starts]
2014,[]
2014,[stays, tries, finds, manages, overhears]
2014,[]
2014,[confesses, accepts, talks, spots, elopes]
2014,[reunites, princess]
2014,[goes]
2014,[goes, rushes]
2014,[]
2014,[loses]
2014,[]
2014,[kidnaps]
2014,[plunges]
2014,[]
2014,[notices, spends, brings, finds, attacks, rushes, returns]
2014,[suggests, impales]
2014,[]
2014,[]
2014,[]
2014,[triggers]
2014,[]
2014,[]
2014,[manages, solves, takes, starts, gets]
2014,[]
2014,[]
2014,[]
2014,[]
2014,[finds, stops, keeps, packs]
2014,[]
2014,[disappears]
2014,[]
2014,[]
2014,[]
2014,[sedates]
2014,[travels, confronts, barges, uses]
2014,[]
2014,[chases]
2014,[]
2014,[]
2014,[tells, muses]
2014,[decides]
2014,[tells, opens, refuses, says]
2014,[]
2014,[]
2014,[feels, sticks, plans, returns, starts]
2014,[lives]
2014,[says]
2014,[]
2014,[]
2013,[arrives, agrees]
2013,[produces, informs, demands]
2013,[]
2013,[]
2013,[]
2013,[]
2013,[]
2013,[]
2013,[chases, decides, conspires]
2013,[falls]
2013,[tells]
2013,[]
2013,[begins, tells, agrees, assumes, finds, reunites, decides, follows, realizes, returns, chooses, expects]
2013,[]
2013,[kills, gives]
2013,[]
2013,[]
2013,[decides]
2013,[]
2013,[]
2013,[takes, runs]
2013,[feels]
2013,[]
2013,[]
2013,[]
2013,[lives]
2013,[encourages, leaves, gets]
2013,[kicks, starts, takes]
2013,[informs]
2013,[does]
2013,[chides]
2013,[]
2013,[]
2013,[suggests, calls, evades, prepares, wants]
2013,[helps]
2013,[]
2013,[plays, threatens]
2013,[reveals, appears]
2013,[meets, loves, comes]
2013,[]
2013,[falls, encounters, fights, learns, asks, explains, tracks]
2013,[]
2013,[enters]
2013,[kills, begins, immobilizes, moves, appears, charms, wraps, promises]
2013,[kills]
2013,[]
2013,[]
2013,[]
2013,[]
2013,[]
2013,[sees]
2013,[tells, falls]
2013,[agrees, meets, goes, asks, attracts, woos]
2013,[meets, hires, comes, wants]
2013,[calls, throws]
2013,[tells, goes, loses]
2013,[]
2013,[shoots]
2013,[]
2013,[tells, finds, moves, changes, holds, wants, returns, locates, gets, steps]
2013,[proposes]
2013,[finds]
2013,[smiles, suspects, shoots]
2013,[begins]
2013,[warms, realizes, gives]
2013,[tells, confesses]
2013,[]
2013,[goes, changes, comes, humiliates]
2013,[finds, wants, lies, suspects]
2013,[finds, goes, kisses]
2013,[]
2013,[accepts, humiliates]
2013,[dies]
2013,[]
2013,[accepts, accuses, humiliates]
2013,[marries]
2013,[goes]
2013,[]
2013,[]
2013,[goes, resigns, comes, assures, laughs, slaps, gets, tells, leaves, sees, scolds, stops, knows]
2013,[]
2013,[meets]
2013,[]
2013,[wins, meets, sees, assures, returns, remains, explains, shoots]
2013,[tries]
2013,[tells, meets, calls]
2013,[travels]
2013,[]
2013,[]
2013,[tells, arrives, meets, leaves]
2013,[tries, loves, follows, includes, runs]
2013,[calls, opens, approaches, takes]
2013,[]
2013,[meets, plans, learns]
2013,[comes]
2013,[confesses]
2013,[]
2013,[offers, finds, prepares, decides, realizes]
2013,[meets]
2013,[harbors]
2012,[]
2012,[]
2012,[calls, wants]
2012,[welcomes, proposes, helps]
2012,[]
2012,[calls, wants, takes, gets]
2012,[proposes]
2012,[arrives]
2012,[]
2012,[]
2012,[discloses, goes, loves]
2012,[]
2012,[gets]
2012,[tells, visits, goes, receives]
2012,[thinks]
2012,[]
2012,[realises, decides, undergoes, starts, informs]
2012,[informs]
2012,[]
2012,[shoots]
2012,[tells]
2012,[protects, realises, decides, attempts]
2012,[]
2012,[makes]
2012,[]
2012,[leaves, finds, sees, loves, marries]
2012,[]
2012,[]
2012,[presents]
2012,[visits, meets, receives, presents]
2012,[]
2012,[agrees]
2012,[]
2012,[leaves, learns]
2012,[]
2012,[]
2012,[tells, meets, comes, upsets]
2012,[]
2012,[learns]
2012,[]
2012,[]
2012,[sends]
2012,[]
2012,[tries, breaks, hires, learns, loses, assures]
2012,[hires]
2012,[lives]
2012,[]
2012,[]
2012,[]
2012,[sits, moves, proposes, lies, rushes, dances]
2012,[tells, searches, apologises, meets, leaves, decides, comes, dislikes, takes]
2012,[meets, breaks, assures, takes, thinks]
2012,[]
2012,[]
2012,[proposes, confirms]
2012,[]
2012,[tells, agrees, trusts, leaves, calls, asks, takes, says, sends, shoots]
2012,[]
2012,[]
2012,[doubts]
2012,[]
2012,[signals, asks]
2012,[meets]
2012,[hits]
2012,[drags]
2012,[swallows]
2012,[]
2012,[]
2012,[arrives]
2012,[embraces]
2012,[includes]
2012,[]
2012,[puts, protects, comes]
2012,[tells, hatches, agrees, seduces, leaves, suffers, sees, asks, reveals, seeks]
2012,[makes]
2012,[starts]
2012,[]
2012,[meets, goes, raises, decides, comes, uses]
2012,[]
2012,[offers]
2012,[asks, invites]
2012,[rejects, tries, asks, starts, gives, extols]
2012,[]
2012,[]
2012,[]
2012,[looks, succeeds, lives, goes, learns]
2012,[]
2012,[]
2012,[divorces]
2012,[stands, introduces, sees, picks, gets, flirts, sends]
2012,[]
2012,[arrives, tells, enters, manages, forgives]
2012,[]
2012,[]
2012,[]
2012,[shares, realises, finds, makes, finishes, tracks]
2012,[sees]
2012,[realises, meets, confronts, prays, asks, decides, approaches, tracks]
2012,[saves]
2012,[treats, realises, meets, leaves, learns, invites]
2012,[]
2012,[seeks]
2012,[loses]
2012,[]
2012,[appears, takes]
2012,[realises, turns]
2012,[]
2012,[harasses]
2012,[meets]
2011,[offers, reveals, writes]
2011,[]
2011,[notices, takes]
2011,[]
2011,[]
2011,[rejects, wakes]
2011,[puts, knows]
2011,[]
2011,[]
2011,[finds, calls, rebukes]
2011,[asks, says]
2011,[decides]
2011,[asks]
2011,[]
2011,[]
2011,[joins]
2011,[agrees, identifies, comes]
2011,[kills, meets, gives]
2011,[]
2011,[kills, identifies, reaches, finds, encounters, attacks, decides, says]
2011,[meets]
2011,[experiences]
2011,[misses]
2011,[decides]
2011,[]
2011,[]
2011,[]
2011,[]
2011,[believes, replies, makes]
2011,[kills]
2011,[kills, befriends]
2011,[falls]
2011,[]
2011,[searches, escapes, finds, asks, spots, struggles, rises]
2011,[congratulates, confronts]
2011,[]
2011,[kisses, starts]
2011,[]
2011,[loves, keeps]
2011,[realizes]
2011,[goes, wants, assures, overhears, pretends]
2011,[]
2011,[]
2011,[injures, gets]
2011,[tells, tries, confronts, stabs, takes]
2011,[sees]
2011,[finds, takes]
2011,[invites]
2011,[runs]
2011,[breaks, gains]
2011,[]
2011,[confronts]
2011,[]
2011,[recovers]
2011,[]
2011,[meets, responds]
2011,[calls, comes]
2011,[calls, asks]
2011,[]
2011,[escapes, finds]
2011,[targets]
2011,[drops, learns]
2011,[realises, calls]
2011,[vows, seeks]
2011,[]
2011,[]
2011,[]
2011,[kidnaps]
2011,[]
2011,[moves]
2011,[finds]
2011,[]
2011,[confronts]
2011,[]
2011,[gathers, realizes]
2011,[hauls, relates, goes, comes]
2011,[manages, comes]
2011,[]
2011,[]
2011,[]
2011,[tells, protects, falls, convinces, calls, asks, irritates, sends]
2011,[tries, dies, gets]
2011,[]
2011,[]
2011,[]
2011,[arrives, calls, enters]
2011,[calls]
2011,[reveals]
2011,[]
2011,[says, gives]
2011,[]
2011,[lives]
2011,[]
2011,[]
2011,[]
2011,[tells]
2011,[tells, ignores, leaves, likes]
2011,[]
2011,[disrupts, tries, sabotages, daydreams, moves, forces, comes, glances, invites, helps, keeps, gets]
2011,[berates, convinces]
2011,[explains]
2011,[spots]
2011,[joins]
2011,[kills]
2011,[convinces]
2011,[tells, realises, saves, sends]
2011,[travels, accepts, leads, returns, helps]
2011,[]
2011,[]
2011,[arrives]
2011,[]
2011,[enters]
2011,[]
2011,[picks]
2011,[picks]
2011,[meets]
2011,[spurns, accompanies, suffers, collapses, causes, asks, dies]
2011,[]
2011,[]
2011,[meets]
2011,[loses, forgives, dates]
2011,[criticises]
2011,[]
2011,[runs]
2011,[announces, drops, criticises, manages, builds, approaches, gains, develops, dances, turns]
2011,[begins, convinces, sees, realizes]
2011,[]
2011,[]
2011,[calls, fails]
2011,[]
2011,[asks, says]
2011,[pursues, invites]
2011,[meets]
2011,[begs, comes, takes, apologizes, storms]
2010,[]
2010,[]
2010,[]
2010,[finds, raises]
2010,[falls]
2010,[]
2010,[comes]
2010,[saves, calls]
2010,[meets]
2010,[returns, takes]
2010,[goes]
2010,[visits]
2010,[welcomes]
2010,[]
2010,[kills, enters]
2010,[leaves, attacks, enters, acts]
2010,[believes]
2010,[]
2010,[]
2010,[loves]
2010,[meets, leaves]
2010,[lies]
2010,[tells, pleads, switches, thinks]
2010,[meets, leaves, comes]
2010,[finds]
2010,[catches]
2010,[]
2010,[]
2010,[]
2010,[]
2010,[]
2010,[knocks, stops]
2010,[asks]
2010,[suggests, meets, loves, emerges]
2010,[begins]
2010,[arrives]
2010,[]
2010,[walks, works, leaves, calls, comes, lets, says]
2010,[leaves, finds, loves, realizes, hates]
2010,[sees, spots, wants]
2010,[]
2010,[marries]
2010,[]
2010,[]
2010,[feels, tries, confuses, realises, introduces, decides, creates, takes, starts, chooses, states]
2010,[starts]
2010,[]
2010,[declares, meets, comes]
2010,[]
2010,[concerns, informs, contacts]
2010,[]
2010,[tells, kills, sleeps, goes, delivers, discovers]
2010,[]
2010,[]
2010,[]
2010,[calls]
2010,[offers, manages, realizes]
2010,[]
2010,[]
2010,[prepares, appoints, mixes]
2010,[]
2010,[]
2010,[]
2010,[]
2010,[]
2010,[agrees, gets]
2010,[]
2010,[]
2010,[tells, bequeaths, finds, asks, faints, explains, faces]
2010,[tells, looks, introduces, admits, goes, decides, asks, helps, gives]
2010,[joins]
2010,[]
2010,[]
2010,[]
2010,[kidnaps, refuses, explains]
2010,[asks]
2010,[tells, obtains, meets, falls, reaches, continues, helps, takes]
2010,[]
2010,[]
2010,[falls]
2010,[]
2010,[]
2010,[]
2010,[]
2010,[leaves]
2010,[]
2010,[]
2010,[overhears]
2010,[takes]
2010,[keeps]
2010,[takes]
2010,[loves]
2010,[tells, falls, proposes]
2010,[rings]
2010,[]
2010,[visits]
2010,[agrees, loves, returns]
2010,[realises]
2010,[]
2010,[begs, leaves, finishes, rushes, gets]
2010,[enlists, meets, accepts]
2010,[]
2010,[]
2010,[asks, comes, takes, gives]
2010,[confronts]
2010,[]
2010,[tries, confronts, breaks, goes, learns, loves, makes, answers, refuses, tells, calls, realizes, pretends, blames]
2010,[kidnaps]
2010,[]
2010,[goes]
2010,[]
2010,[enters, says]
2010,[tells, dismisses, completes]
2010,[tries, complains, replies, accepts, calls, befriends, comes, refuses, gets, jokes]
2010,[replies, asks]
2010,[arranges, informs]
2010,[finds, asks, reveals]
2010,[puts, asks, forgives, says]
2010,[]
2010,[]
2010,[supports]
2010,[wants]
2010,[]
2009,[kills]
2009,[]
2009,[dreams]
2009,[]
2009,[hears]
2009,[]
2009,[drops]
2009,[tries, convinces, helps, keeps]
2009,[convinces]
2009,[]
2009,[wins, saves]
2009,[]
2009,[meets]
2009,[pays]
2009,[convinces, lets]
2009,[finds, proposes]
2009,[]
2009,[begins, longs]
2009,[tells, goes, realizes, returns]
2009,[goes, refuses, takes, keeps]
2009,[finds]
2009,[]
2009,[enrages, reveals, hears, sends]
2009,[]
2009,[fights, reveals, hears, gives]
2009,[leaves, enters, says]
2009,[meets]
2009,[]
2009,[focuses]
2009,[]
2009,[marries]
2009,[loves]
2009,[]
2009,[gets]
2009,[meets]
2009,[]
2009,[]
2009,[starts]
2009,[prevents]
2009,[]
2009,[comes]
2009,[]
2009,[arrives]
2009,[tells, pretends]
2009,[]
2009,[puts, works, falls, finds, sees, goes, disguises, pretends, gets, gives]
2009,[reveals]
2009,[meets, leads]
2009,[chases, shows, asks, hugs]
2009,[beseeches]
2009,[]
2009,[]
2009,[tells, agrees, finds, saves, leaves]
2009,[tells, convinces, gets]
2009,[tells, agrees, shows, finds, saves, goes, threatens, gets]
2009,[allows, meets, finds, loses, helps, develops]
2009,[pretends]
2009,[asks]
2009,[]
2009,[meets, asks, explains]
2009,[finds, decides]
2009,[]
2009,[pays]
2009,[reconcile, pardons]
2009,[kidnaps, enters]
2009,[convinces]
2009,[induces, meets, finds, lies, returns]
2009,[]
2009,[tries, breaks, sees]
2009,[]
2009,[runs]
2009,[loves, refuses]
2009,[arrives, gets, fixes]
2009,[brings, discusses]
2009,[wants]
2009,[conceals, resists, gives]
2009,[realises, meets, decides, reads]
2009,[]
2009,[]
2009,[gives]
2009,[goes]
2009,[finds, runs]
1986,[introduces]
1986,[]
1986,[leaves, gives]
1986,[admits, sees, gets]
1986,[brings]
1986,[]
1986,[takes]
1986,[]
1986,[]
1986,[explains]
1986,[tells, meets, decides, asks]
1986,[asks]
1986,[tries, realises, asks, advices, says]
1986,[decides]
1986,[asks]
1986,[introduces, asks]
1986,[realises, lives, finds, sees, comes, marries]
1986,[kills]
1986,[]
1986,[drops, plays]
1986,[berates]
1986,[arrives]
1986,[]
1986,[runs]
1986,[]
1986,[]
1986,[]
1986,[]
1986,[goes, takes]
1970,[befriends]
1986,[wants]
1986,[wants]
1986,[]
1986,[]
1986,[]
1986,[wants]
1986,[sends]
1986,[visits, refuses]
1970,[]
1970,[]
1970,[dies]
1970,[takes]
1986,[goes, marries]
1986,[]
1986,[]
1986,[gives]
1986,[gets, gives]
1986,[]
1986,[]
1986,[]
1986,[escapes, knows]
1986,[informs]
1986,[falls, gives]
1970,[]
1970,[]
1970,[]
1971,[]
1986,[]
1986,[tells, offers, comes, shoots]
1986,[leaves, hires, helps, knows]
1986,[tells, berates, accepts, hires]
1986,[]
1986,[marries]
1986,[]
1986,[]
1986,[loves]
1986,[insults, gives]
1986,[finds]
1986,[asks]
1986,[]
1986,[moves, asks]
1986,[]
1986,[]
1971,[]
1971,[]
1972,[entrusts]
1972,[claims]
1972,[realizes]
1972,[brings, makes, refuses]
1971,[meets, abducts]
1972,[]
1972,[agrees]
1972,[]
1972,[finds]
1972,[frequents]
1972,[comes, recognizes]
1972,[]
1971,[]
1972,[catches]
1972,[taunts, starts, nurses]
1972,[]
1972,[]
1972,[witnesses]
1972,[meets]
1972,[]
1972,[asks, comes, refuses]
1972,[]
1972,[]
1972,[dies]
1972,[]
1972,[]
1972,[]
1972,[lives]
1972,[gets]
1972,[decides, demands]
1972,[]
1972,[meets]
1972,[falls]
1972,[tells, visits, sketches, asks, rushes, gets, runs, informs]
1972,[]
1972,[meets]
1972,[]
1972,[falls, turns]
1972,[arrives, sees, asks]
1972,[]
1972,[]
1972,[recognises, brings]
1972,[dies]
1972,[grows, invites]
1972,[]
1972,[]
1972,[]
1972,[meets]
1972,[]
1972,[]
1972,[starts]
1972,[saves]
1972,[]
1972,[kidnaps]
1972,[loves]
1972,[refuses]
1973,[]
1973,[accuses]
1973,[meets]
1973,[]
1972,[treats, meets, sees, decides]
1972,[begins, realizes]
1972,[]
1972,[]
1972,[]
1972,[]
1973,[]
1973,[]
1972,[]
1972,[steals]
1973,[]
1973,[]
1973,[sees]
1972,[]
1972,[sends]
1972,[]
1972,[escapes]
1972,[]
1994,[treats, questions]
1994,[]
1994,[]
1994,[]
1994,[relents]
1994,[]
1994,[]
1994,[takes]
1994,[]
1994,[calls]
1973,[fiancee, goes, informs]
1994,[marries]
1994,[pitches]
1994,[]
1994,[receives]
1994,[]
1994,[]
1994,[]
1994,[befriends, reveals, marries]
1994,[befriends, harasses, dies]
1994,[]
1994,[]
1994,[]
1994,[kills, begs, meets, frames, learns, decides, kicks, lets, suspects, attempts]
1994,[informs]
1994,[kills]
1994,[grows, stays, lives, attacks, goes, leads, covets, returns, evaluates, runs, revisits, abducts]
1994,[]
1973,[]
1973,[comes]
1994,[]
1973,[succumbs]
1973,[]
1994,[sees]
1994,[dies]
1994,[]
1994,[arrives, finds, frees, lets, starts]
1994,[joins, begins]
1994,[appreciates, starts]
1994,[sees]
1994,[]
1994,[comes, steps]
1994,[loses]
1994,[gives]
1994,[meets, goes]
1994,[]
1994,[enrages, sees, decides, makes, expects]
1994,[]
1994,[kidnaps, intervenes, hears]
1994,[comes]
1994,[turns]
1994,[]
1994,[tells, falls]
1994,[asks, gets]
1994,[]
1994,[hits, tells, escapes, intends, recalls, comes]
1994,[]
1994,[]
1994,[loves, marries]
1994,[loves]
1994,[persuades, returns]
1994,[accepts]
1994,[takes]
1994,[tries]
1994,[falls, realizes]
1994,[accepts]
1994,[]
1994,[arrives, goes, wants, threatens, thinks]
1994,[meets, launches]
1994,[meets]
1994,[goes]
1994,[tries, realises]
1995,[begins, begs]
1995,[meets]
1995,[attempts]
1995,[]
1974,[]
1995,[]
1974,[]
1974,[]
1974,[agrees, sings, meets, sees, enters, asks, reveals, hugs]
1974,[]
1995,[approves]
1995,[agrees, picks]
1995,[begins, leaves, conceives, takes, seeks]
1995,[notices]
1995,[calls]
1995,[loses]
1995,[]
1995,[opposes]
1995,[]
1995,[]
1995,[brings, encounters]
1974,[kills]
1974,[walks, saves, seeks]
1995,[convinces, informs, gives]
1995,[introduces]
1995,[accepts]
1995,[]
1995,[refuses]
1995,[creates, discovers, reminds]
1995,[]
1995,[meets]
1995,[]
1995,[comes]
1995,[meets, screams, marries, runs]
1995,[begins, begs]
1995,[marries]
1995,[grows, finds, stops, hears]
1995,[grows]
1974,[]
1974,[proposes]
1974,[]
1974,[starts]
1995,[gets]
1995,[offers, tells, begins, ignores, sleeps, leaves, invites, returns]
1995,[]
1995,[sees]
1995,[sees, reveals]
1995,[befriends, gives, dances]
1995,[]
1995,[kidnaps, asks, blesses, takes, chooses]
1995,[exploits]
1995,[escapes, decides, catches, faints]
1995,[moves]
1995,[arranges]
1995,[uses]
1995,[]
1995,[]
1975,[relishes]
1975,[]
1975,[]
1975,[agrees, signals, laughs]
1975,[asks]
1975,[falls, defends, starts]
1975,[arrives, signals, beats, hears]
1975,[agrees]
2012,[delivers]
2012,[ambushes, delivers]
2012,[marries]
2012,[travels]
2012,[goes]
2012,[]
2012,[goes, makes, thinks, seizes]
2012,[]
2012,[tells, hurries, enlists, realises, succeeds, finds, interrogates, dies, runs]
2012,[]
2012,[brings, returns, gets]
2012,[arrives, meets, confronts, blurts, enters, goes, manages, picks, suspects, gets, tracks, travels, tells, brings, finds, sees, asks, spots, accuses]
2012,[meets, leaves, calls, accepts, goes, exposes, asks, comes, uses, helps, takes, runs]
1976,[marries]
2012,[dissuades]
2012,[arrives, drives]
2012,[meets]
2012,[spends, asks, files, takes, narrates]
1976,[discovers]
1976,[]
1976,[adapts, takes]
1976,[expires]
1976,[]
1976,[asks, comes]
1976,[confesses, dies]
1976,[]
1976,[]
1976,[]
1976,[marries, acknowledges]
1976,[]
1976,[learns]
1976,[meets]
1976,[]
1977,[gets]
2011,[tries, continues]
2011,[keeps]
2011,[decides, realizes]
1977,[drives]
2011,[breaks, sees, takes, happens, says]
2011,[arrives, arrests, shoots]
2011,[meets, confesses, shoots]
2011,[tells, kills]
2011,[]
2011,[kidnaps, convinces]
1977,[gets]
2010,[]
2010,[]
2010,[]
2010,[meets]
2010,[realises, asks]
2010,[refuses]
2010,[suspects]
2010,[tries, starts]
2010,[meets, informs]
2010,[]
1978,[visits, wants, detests]
2010,[sets, convinces, fights, reveals, outwits, refuses, pushes, releases, tells, falls, saves, reproaches, holds]
2010,[jumps]
2010,[kidnaps, stands, feels, leaves, refuses, accuses, discovers, releases]
2010,[]
2010,[gets]
2010,[]
2010,[meets, finds, picks]
2010,[beats]
2010,[says]
2010,[offers, begins, escapes, realises, wants, refuses, knows]
2010,[forbids]
2010,[captures, wants]
2010,[]
1979,[meets]
1979,[finds, continues]
1979,[gets]
2009,[tells]
2009,[]
2009,[]
2009,[finds, sends]
2009,[]
2009,[]
2009,[]
2009,[]
2009,[looks]
2009,[]
2009,[continues]
2009,[]
2009,[returns]
2009,[calls, plans]
2009,[kills, agrees, meets, introduces, finds, asks, decides, lectures, makes, helps, keeps, informs]
2009,[kills, explains]
2009,[]
2009,[meets]
2009,[realises, meets, manages, asks, realizes, helps]
2009,[]
2014,[meets]
2014,[makes]
2014,[begins, breaks]
1979,[goes, takes, arranges]
1979,[commits]
1979,[refuses]
1979,[]
2014,[]
2014,[]
2014,[demands]
2014,[works, tortures, castrates]
2014,[]
2014,[tries, recovers, meets, shows, manages, takes]
2014,[]
1980,[]
1980,[starts]
1980,[]
2014,[]
2014,[]
2014,[discovers, takes]
2014,[kills, manages]
2014,[helps]
2014,[offers, tells, meets, reveals, scolds, spots]
2014,[finds]
2014,[suggests, finds, breaks, manages, forgives, opens, refuses]
2014,[]
2014,[]
2014,[returns, surprises]
2014,[hopes]
2014,[]
1980,[decides]
2014,[calls]
2014,[]
2014,[discloses, tells, drops, finds, pleads, kisses]
2014,[]
2014,[]
2014,[]
2014,[angers, returns]
2014,[reaches, consummate, faces, starts]
2014,[joins, decides, ends, opens, refuses, lures]
2014,[insults]
2014,[lures]
2014,[introduces, takes]
2014,[claims]
2014,[]
2014,[arrives, tells, comes, returns, receives, slaps]
2014,[does]
2014,[realises]
2014,[]
2014,[encounters]
1980,[]
1980,[throws]
1980,[prefers, spends, looks, decides, continues]
2014,[]
2014,[tells, meets]
2014,[finds, calls]
2014,[sees, loves]
2014,[tells]
2014,[tries, goes, throws, gets, presents]
2014,[]
2014,[visits]
2014,[suggests]
2014,[visits, falls, leaves, calls, does, blindfolds, rushes, reappears, pulls]
2014,[calls]
2014,[]
2014,[visits, finds, comes]
2014,[falls, tortures]
2014,[tries]
2014,[meets]
2014,[]
2014,[makes]
2014,[]
2014,[]
2014,[meets]
2014,[meets]
2014,[goes, implicates]
2014,[]
2014,[feels, asks, implies]
2014,[makes]
2014,[leads]
2014,[flees, leaves]
1981,[]
1981,[]
1981,[marries]
1981,[returns]
1981,[]
1981,[]
1981,[]
1981,[]
1981,[comes]
1981,[]
1981,[grows, hunts, educates, decides]
2013,[apprehends]
2013,[]
2013,[goes]
2013,[]
1981,[]
1981,[]
1981,[]
2013,[finds, figures, moves, knocks, loves, struggles]
2013,[shows, comes]
2013,[]
2013,[]
2013,[tells, falls, uses, unleashes]
2013,[tells, meets, stops]
2013,[knows]
2013,[begs, saves, comes, beats, jumps, uses]
2013,[tells]
2013,[humiliates]
1981,[]
1981,[]
1981,[lives, gets]
1981,[stops]
2013,[realises, kisses, forgives]
1982,[works]
1982,[marries]
1982,[]
2013,[introduces, replies, draws, refuses]
2013,[]
2013,[frees]
1982,[deserts, gives]
1982,[]
1982,[]
1982,[convinces, assures]
1982,[deserts, calls, continues, assures, promises]
2013,[]
2013,[tells, says]
2013,[]
2013,[sees]
2013,[]
2013,[]
1982,[]
2013,[]
2013,[arrives, calls]
2013,[]
2013,[leaves]
2013,[]
2013,[grows, falls, loves]
2013,[meets]
2013,[gets]
2013,[meets]
2013,[]
2013,[]
2013,[deceives, refuses, retains]
2013,[sends]
2013,[makes, takes]
2013,[meets, learns, loves, comes, laughs, gets, sends, tells, calls, uses, takes, promises, yells]
2013,[finds]
2013,[]
2013,[falls]
2013,[discovers]
2013,[]
2013,[narrates]
1982,[]
1982,[forms]
1982,[]
1982,[]
1982,[warns]
1982,[dies]
1983,[]
1983,[]
1983,[]
1983,[begins, finds, suffers, hires, accepts]
1983,[decides, continues]
1983,[accompanies]
1983,[encounters, does]
1983,[]
1983,[]
1983,[gives]
1983,[meets]
1983,[invites]
1983,[accepts, asks, reveals]
1983,[]
1983,[]
1983,[]
1983,[asks, invites, takes, gets]
1983,[dies]
1983,[realizes, refuses, attempts]
1984,[kidnaps]
1984,[gives]
1984,[]
1984,[considers, rapes]
1984,[meets]
1984,[lives]
1984,[]
1984,[befriends, continues, starts]
1984,[]
1984,[lives]
1984,[decides]
1984,[notices, loves, decides, comes, takes]
1984,[]
1985,[delivers]
1985,[comes, struggles, remains, refuses, resists]
1985,[falls, moves, gets]
1985,[]
1985,[dies]
1985,[]
1985,[beats]
1985,[decides, beats]
1985,[falls]
1985,[]
1985,[comes]
1985,[]
1985,[manages]
1985,[shows, meets, wants, takes]
1985,[]
1985,[falls]
1985,[]
1985,[finds]
1985,[gets]
1985,[]
1985,[brings]
2017,[arrives, kidnaps, rejects, speaks, chooses]
2017,[begins, announces, Kattappa, delivers, promises, informs, sends]
2017,[delivers]
2017,[]
2017,[finds]
2017,[agrees, shows, sees, comes, stalks, covers]
2017,[remembers, helps, gives]
2017,[sees]
2017,[attempts]
2017,[finds, lures]
2017,[moves]
2017,[meets, wants, gets]
2017,[meets, helps]
1987,[meets, unfolds, gets]
1987,[meets]
1987,[]
2017,[tells, strangles, agrees, goes, enters, receives, likes]
2017,[]
2017,[takes]
2017,[]
2017,[]
2017,[tells, manages, comes, slaps, writes]
2017,[meets, moves, goes]
2017,[]
2017,[tells, falls, spies, rebukes, scolds, takes]
2017,[]
2017,[discovers]
2017,[begins, arrives, asks, massacres]
2017,[protests, meets, convinces, asks, continues, turns]
1987,[]
1987,[meets]
1987,[finds]
1987,[rescues, brings, catches, gets]
1987,[asks]
1987,[tries, writes]
2017,[]
2017,[Sarah]
2017,[finds, shoots]
2017,[]
2017,[Sarah]
2017,[asks]
2017,[]
2017,[]
2017,[rejects]
2017,[narrates]
2017,[]
2017,[meets]
2017,[]
2017,[]
2017,[]
2017,[challenges, accepts, jumps]
2017,[tells, congratulates, agrees, succumbs, shows, finds, wakes, reveals, recognizes, attempts]
1987,[abducts]
2017,[]
2017,[]
1987,[]
1987,[falls]
1987,[returns]
1987,[]
1987,[agrees]
1987,[brings, contributes]
1988,[arrives, takes]
1988,[]
1988,[mauls, goes, loves, decides, changes, pushes]
1988,[works, loves]
1988,[learns]
1988,[meets]
1988,[]
1988,[follows]
1988,[turns]
1988,[]
1988,[]
1988,[]
1988,[goes]
1988,[]
1988,[]
1988,[lives]
1988,[wins]
1988,[gives]
1989,[]
1989,[brings]
1989,[grows]
1989,[]
1989,[]
1989,[warns]
1990,[]
1990,[]
1990,[reaches, marries]
1990,[]
1990,[rapes, takes]
1990,[decides]
1991,[]
1991,[spots]
1991,[tells, tries, finds, weds, appears, trap, takes, says, gives]
1991,[]
1991,[explains]
1991,[commits]
1991,[]
1991,[loves]
1991,[idolizes]
1992,[]
1992,[]
1992,[confronts]
1992,[receives, throws]
1992,[]
1992,[accepts, asks, insults]
1992,[tells, confesses]
1992,[chooses]
1992,[]
1992,[falls, writes, chooses]
1992,[does, hoardings, entraps]
1992,[]
1992,[offers, tries, learns, comes, awaits]
1992,[approaches]
1992,[risks, takes, betrays]
1992,[]
1992,[]
1992,[]
1992,[]
1992,[]
1992,[loves, misunderstands, hopes]
1992,[tells]
1992,[begs, accepts, comes, leaps]
1992,[]
1992,[finds, informs, understands]
1993,[realises, comes, catches]
1993,[lets]
1993,[marries, gives]
1993,[feels, tries, reaches, decides, realizes, stops, starts]
1993,[]
1993,[]
1993,[]
1993,[]
1993,[]
1993,[meets]
1993,[falls]
1993,[]
1993,[decides]
1993,[]
1993,[kills]
1993,[]
1993,[informs]
1993,[learns]
1993,[approaches]
1993,[loves, reenters, consoles, slaps, rejoins]
1993,[frees]
1993,[gets]
1993,[]
1993,[]
1993,[]
1993,[houses]
1993,[retracts]
1993,[]
1993,[witnesses]
1993,[agrees, asks]
1993,[meets]
1996,[makeovers]
1996,[starts, turns]
1996,[brings]
2016,[meets]
2016,[]
2016,[apologizes]
2016,[reveals]
2016,[]
2016,[urges]
2016,[]
2016,[calls, forgives]
1996,[tries, falls]
1996,[]
1996,[]
2016,[]
2016,[injures]
2016,[]
2016,[works, knocks, loses, follows, misunderstands, starts, takes, gets]
2016,[asks]
2016,[tells, believes]
2016,[hurries, tells, travels, tries, passes, harbors, does, decides, faints, hopes, dies, says]
2016,[keeps]
2016,[]
2016,[sees, loves]
2016,[helps, takes]
2016,[rescues, holds]
2016,[travels, meets, confronts, goes, receives]
2016,[]
2016,[finds]
2016,[leaves, moves, loves]
2016,[meets]
2016,[realises, meets, asks]
2016,[alerts, signals, opens, reflects, insists]
2016,[]
1996,[]
2016,[]
2016,[]
2016,[rapes]
1996,[tells, meets, starts]
2016,[reveals, comes, discovers]
2016,[meets]
2016,[tells, reveals]
2016,[]
2016,[tortures]
2016,[emerges]
2016,[]
2016,[]
2016,[confronts]
2016,[travels, condemns, learns, mentions, asks, comes, realizes, accuses, discovers]
2016,[]
2016,[]
2016,[helps]
1996,[lives]
2016,[meets]
2016,[molests]
2016,[brings, ridicules]
2016,[]
2016,[enlists, motivates, works, breaks, challenges, enrolls, loses, devastates, stops, promises, narrates]
2016,[]
2016,[sees, discovers, takes, gives]
2016,[goes, creates, turns]
1996,[leaves]
2016,[haunts, calls, stalks]
2016,[]
2016,[]
2016,[spots]
2016,[]
2016,[]
2016,[shudders, maintains, confronts, sees, pleads, prepares, reveals]
2016,[]
2016,[asks, approaches]
2016,[approaches]
2016,[meets, cautions]
2016,[enlists, promises]
2016,[leaves]
2016,[]
2016,[begins, befriends, realizes, takes]
2016,[]
2016,[tells, drops, realises, finds, leaves, retorts, chants, discusses, approaches, takes]
2016,[tries]
2016,[]
2016,[]
2016,[tells]
2016,[]
2016,[]
2016,[claims, uses]
2016,[]
2016,[reaches, gets]
2016,[]
2016,[]
2016,[lives]
2016,[]
2016,[]
2016,[works, meets, calls, manages]
2016,[brings]
2016,[]
2016,[meets, finds, asks, refuses]
2016,[sees]
1996,[]
1996,[wants]
1996,[meets, leaves, goes, buries]
2016,[]
2016,[arrives]
2016,[wants]
2016,[hurts, makes, turns]
2016,[]
2016,[struggles]
2016,[]
2016,[joins, deprives]
2016,[]
2016,[meets]
2016,[]
2016,[finds, admits]
2016,[]
2016,[]
2016,[rushes]
2016,[feels, suggests]
2016,[]
2016,[creates, fears]
2016,[plays]
2016,[]
2016,[]
2016,[asks, confirms, comes]
2016,[reaches, proposes, wants, says]
2016,[]
2016,[notices, joins, tells, kills, finds, decides, helps]
2016,[saves, leaves]
2016,[]
2016,[]
2016,[calls]
2016,[tries]
2016,[tells, wishes]
2016,[fires, finds, praises]
2016,[convinces]
2016,[experiences]
1996,[realises]
2016,[]
2016,[hits, goes, alleges, files]
2016,[]
2016,[teases]
2016,[]
2016,[relieves, questions, struggles, hopes, blames]
2016,[walks, continues, questions, marries]
2016,[lives, realizes, informs]
2016,[tries, sells, picks, marries, receives, approaches, stops, discovers]
2016,[returns, takes]
1997,[]
2016,[wants, returns, gets]
2016,[tells, realises, attacks, swallows]
2016,[comes]
2016,[]
2016,[slaps]
1997,[]
1997,[wants]
1997,[]
1997,[wants]
1997,[]
2016,[]
2016,[agrees]
2016,[meets, beseeches]
2016,[arrives, insists]
2016,[meets]
2016,[begins, meets, leaves]
2016,[tells, calls, loves, decides, stops, thinks, stumbles, informs]
2016,[meets]
2016,[meets]
2016,[realises, introduces, asks, hugs, stops, runs]
2016,[defends, realizes, shoots]
2016,[admits, leaves, makes]
2016,[ignores, meets]
2016,[tries, flees, decides, threatens]
2016,[]
2016,[arrives, offers, escapes, calls, asks, threatens, receives]
2016,[lives, confides, jumps, gets]
2016,[tells, leaves, accepts, moves, asks, proposes, starts]
2016,[]
2016,[]
2016,[]
2016,[]
2016,[tells, lags, finds, goes, makes, follows, eases, executes]
2016,[]
2016,[]
2016,[tells, follows]
1997,[stays, confronts, sees, hesitates, witnesses]
1997,[]
1997,[enters]
1997,[]
1997,[]
1997,[plans]
1997,[]
1997,[offers, meets, returns, explains, reminds]
1997,[offers, tries, donates, realises, meets, proceeds, accepts, feeds, infuriates, moulds, reminds, seeks]
1997,[comes]
1997,[offers, accepts, slaps, turns]
1997,[likes]
1997,[]
1997,[]
1997,[molests]
1997,[]
1997,[finds, uses]
1997,[]
1997,[marries, weds]
1997,[confronts, avoids]
1997,[]
1998,[]
1998,[narrates]
1998,[]
1998,[]
1998,[meets]
1998,[]
1998,[decides]
1998,[]
1998,[kills]
1998,[trains, lays, gets]
1998,[tells, hails, agrees]
1998,[]
1998,[]
1998,[tries, realises]
1998,[]
1998,[loves]
1998,[succumbs]
1998,[]
1998,[says, keeps]
1998,[]
1998,[]
1998,[tells, jokes, says]
1998,[sits, agrees, vows, reaches, saheb, frees, goes, asks, decides, files, says, gets]
1998,[]
1998,[learns]
1998,[succumbs]
1999,[tells, allows, visits, shows, challenges, forces, comes, bullies, throws, starts, takes, says]
1999,[bails]
1999,[]
1999,[claims, disappears]
1999,[]
1999,[]
1999,[]
1999,[passes]
1999,[meets]
1999,[]
1999,[tells, asks, prepares, gives]
1999,[arrives, tells, asks]
1999,[wins, congratulates]
1999,[visits, finds, goes, does]
1999,[agrees]
1999,[]
1999,[]
1999,[meets, overhears]
1999,[dies]
1999,[finds, believes, runs, tracks]
1999,[embrace, goes, returns, turns]
1999,[explains]
1999,[]
1999,[sees]
1999,[]
1999,[]
1999,[]
1999,[forces]
1999,[]
1999,[arrives, performs, meets, makes]
1999,[tells, takes]
2000,[]
2000,[kills]
2000,[resents]
2000,[]
2000,[]
2000,[puts, tells, finds, leads, loves, gives]
2000,[realises]
2000,[tells, runs, sends]
2000,[]
2000,[travels, vows, meets, survives, threatens, attempts]
2000,[]
2000,[learns]
2000,[falls, attempts]
2000,[meets, manages, comes, wants]
2000,[leaves]
2000,[]
2000,[considers, joins, questions, helps, crosses]
2015,[]
2015,[waits, sees]
2001,[tries, meets, admits, decides, reveals, makes, defends, tells, suggests, calls, wants, realizes, invites, says, knows, attempts]
2001,[]
2001,[relies, loves]
2001,[]
2001,[saves, comes, realizes]
2001,[begins, sends]
2001,[tries]
2001,[]
2001,[]
2001,[arrives, encourages, works, leaves, catches, marries, wishes, runs, attempts]
2015,[does]
2015,[]
2015,[pampers]
2015,[]
2015,[falls, remains]
2015,[]
2015,[tells, records, comes]
2001,[marries, gets]
2001,[enters]
2001,[Priti]
2001,[begins, makes]
2001,[]
2015,[]
2015,[]
2015,[encourages, pressurizes]
2015,[hits, confronts, misses]
2015,[kidnaps, confesses, talks, asks]
2015,[meets]
2001,[develops]
2001,[takes]
2001,[sees]
2001,[meets, gets]
2001,[]
2001,[falls]
2015,[agrees, shoots]
2015,[tells, loves]
2015,[tells, saves, finds, survives, issues, knows, shoots]
2001,[tells, falls, meets, sees, forgives, informs]
2001,[insults]
2001,[meets]
2001,[looks, confronts, hands, realizes]
2001,[falls, confronts, hands, plans, decides, loves, spots]
2001,[graduates, denies]
2001,[returns]
2001,[shuns, agrees, falls]
2001,[realizes]
2001,[tells, causes]
2001,[]
2001,[takes]
2001,[comes, returns]
2001,[rejects, meets, goes, discovers, seeks]
2001,[]
2001,[]
2001,[meets, acts, divorces]
2001,[]
2002,[notifies, pulls, shoots]
2002,[meets, decides]
2002,[hurries, gets, turns]
2002,[says]
2002,[tells, finds]
2002,[lives]
2002,[tells, believes]
2002,[tells, loves, invites]
2002,[tells, reminds]
2002,[arrives, rejects, forbids, learns, invites, refuses, promises, runs, urges]
2002,[tells, announces, arranges]
2002,[tells, rejects, hears, reminds]
2002,[]
2002,[leaves, takes, gives, decorates]
2002,[begins, shouts, meets, suffers, rushes]
2002,[stays, kills, goes, decides]
2002,[]
2002,[]
2002,[tells, decides, ends, asks, returns, fools, takes, gets, happens]
2002,[tells, finds, sees, moves, realizes, overhears, gives]
2002,[backs]
2002,[explains]
2002,[sees]
2002,[escapes]
2002,[meets]
2002,[goes, assures, dies]
2002,[]
2002,[enters]
2002,[]
2002,[marries]
2002,[shows]
2002,[]
2002,[]
2002,[tells, confronts, summons, finds, goes, asks, advises, starts, chooses, storms]
2002,[]
2002,[]
2002,[]
2002,[attacks, commits]
2002,[]
2002,[conveys, summons, causes, wants]
2002,[begins, sees, rushes, locates, cuts]
2002,[observes, meets, comes, misunderstands]
2002,[confesses, states]
2002,[meets, calls]
2002,[falls, believes, causes, regains, expresses, gets]
2002,[begs]
2002,[allows, protects, decides, seeks]
2002,[]
2003,[realises, welcomes, lives, decides, follows, expresses, crashes, receives, runs]
2003,[]
2003,[]
2003,[drops, proceeds, sees, receives, gets, turns]
2003,[cares, confronts, loves, returns]
2003,[]
2003,[starts]
2003,[puts, sees, imagines, starts]
2003,[does]
2003,[]
2003,[]
2003,[]
2003,[]
2003,[hears]
2003,[]
2003,[]
2003,[grows, falls, decides, wants]
2003,[lives, calls, goes, shakes, suspects, bears, takes]
2003,[]
2003,[]
2003,[neglects, accepts, discovers, sends]
2004,[stops]
2004,[slaps]
2004,[tells, tries, teases]
2004,[worries]
2004,[loves]
2004,[chooses]
2004,[meets]
2004,[convinces, marries]
2004,[marries]
2004,[]
2004,[uncles, convinces, asks, humiliates]
2004,[refuses]
2004,[]
2004,[shows, refuses]
2004,[tells]
2004,[lives]
2004,[]
2004,[comments]
2004,[wants, refuses, gets]
2004,[tries, wants]
2004,[meets]
2004,[dedicates, reaches, settles, starts]
2004,[does, wants]
2004,[joins, comes]
2004,[chases, works, comes, advises, crashes, gets]
2004,[tells]
2005,[]
2005,[decides]
2005,[falls]
2005,[tries, agrees, finds]
2005,[arrives, meets, goes]
2005,[]
2005,[assures]
2005,[feels, fulfills, assures, marries, keeps, chooses, develops]
2005,[finds, decides]
2005,[claims, disappears]
2005,[]
2005,[]
2005,[rescues, finds, transforms]
2005,[disapproves]
2005,[learns]
2005,[wants, returns]
2005,[tries, succeeds]
2005,[]
2005,[]
2005,[realises, finds, asks, decides, sends]
2005,[]
2005,[meets]
2005,[motivates, marries]
2005,[renounces]
2005,[hires]
2005,[meets]
2005,[]
2005,[arrives]
2005,[asks, shoots]
2005,[finds]
2005,[asks, lies]
2005,[]
2005,[convinces]
2005,[]
2005,[]
2005,[]
2005,[]
2005,[comes]
2005,[decides, presents]
2005,[]
2005,[reports, gets]
2005,[]
2005,[calls, switches]
2005,[]
2005,[]
2005,[decides, marries, suspects, hears, gets]
2005,[marries]
2005,[tries, hires]
2005,[uses]
2005,[aspires]
2005,[]
2005,[]
2005,[features]
2005,[introduces, confronts, decides, desires, blames]
2005,[]
2005,[]
2005,[plays, confronts, admits, drives, professes, decides, continues, forgives, marries, takes, rejoins]
2006,[tells, accepts, keeps]
2006,[reacts, finds, convinces, loves, ends, undergoes]
2006,[]
2006,[tells, cries, goes, refuses]
2006,[tells, finds, spots]
2006,[spots]
2006,[leaves, follows, refuses, gets, chooses]
2006,[persuades]
2006,[meets]
2006,[]
2006,[]
2006,[tells, takes]
2006,[gets]
2006,[tells, goes, asks, loves, comes]
2006,[fears]
2006,[]
2006,[attains, discovers]
2006,[]
2006,[plays]
2006,[]
2006,[says]
2006,[works]
2006,[]
2006,[keeps]
2006,[keeps]
2006,[wants]
2006,[]
2006,[agrees, accepts, goes, blindfolds, creates, overhears]
2006,[]
2006,[]
2006,[tells, accompanies, hires, calls, invites, threatens, helps, discovers, starts, attempts]
2006,[admits, loves, threatens, returns, explains, insists]
2006,[]
2006,[refuses, gets]
2006,[]
2006,[]
2006,[]
2006,[convinces]
2006,[finds, decides]
2006,[confronts, leaves, lives, accepts, catches, returns]
2006,[meets]
2006,[turns]
2006,[encounters]
2006,[confronts, goes]
2006,[kidnaps, learns]
2006,[remains]
2006,[tells]
2006,[goes]
2006,[]
2006,[kidnaps]
2006,[includes]
2006,[meets, invites]
2006,[]
2007,[asks]
2007,[attacks]
2007,[calls]
2007,[tells]
2007,[leaves]
2007,[notices]
2007,[enrages, returns, takes, promises]
2007,[]
2007,[marries]
2007,[decides]
2007,[develops]
2007,[treats, looks, causes, migrates]
2007,[loves]
2007,[]
2007,[feels, asks, comes]
2007,[works]
2007,[dies]
2007,[chases, loves, asks, realizes, uses]
2007,[chases, learns, realizes]
2007,[lives, decides]
2007,[calls, accepts, loves]
2007,[arrives, escapes, calls, convinces, marries, explains, shoots]
2007,[meets, finds, gets]
2007,[meets]
2007,[]
2007,[lives]
2007,[]
2007,[]
2007,[comes]
2007,[rings]
2007,[tells, comes]
2007,[notices, finds, asks, wants, experiences, gives]
2007,[agrees, realises, forgives, gives]
2007,[]
2007,[meets]
2007,[]
2007,[]
2007,[moves, reveals]
2007,[reconciles]
2007,[takes]
2008,[]
2008,[makes]
2008,[burns]
2008,[]
2008,[begins, defends, remains, marries]
2008,[tells, concedes, ignores, asks, marries]
2008,[meets]
2008,[phones]
2008,[begins, realizes, thinks]
2008,[]
2008,[sees]
2008,[meets, finds, ends]
2008,[meets, finds, goes, gets]
2008,[]
2008,[tells, divorces]
2008,[]
2008,[resents]
2008,[]
2008,[arrives]
2008,[tells, sees, goes, asks, forgives, wants, invites, discovers, irritates]
1971,[cries, agrees, meets, accepts, loves, asks, starts]
1971,[]
1971,[comes, refuses, discovers, gets]
