1970,[young]
1970,[]
1970,[]
1970,[]
1970,[unrecognizable]
1970,[]
1970,[]
1970,[]
1970,[]
1970,[sister]
1970,[]
1970,[]
1970,[]
1970,[]
1970,[]
1970,[]
1970,[]
1970,[]
1970,[real]
1970,[]
1970,[]
1970,[young]
1970,[noble]
1970,[]
1970,[adopted]
1970,[]
1970,[]
1970,[poor]
1970,[rich]
1970,[]
1970,[]
1970,[attractive, young]
1970,[]
1970,[]
1970,[]
1970,[]
1970,[]
1970,[young, innocent]
1970,[widowed]
1970,[]
1970,[]
1970,[]
1970,[]
1970,[]
1970,[]
1970,[]
1970,[]
1970,[]
1970,[]
1970,[beautiful]
1971,[]
1971,[]
1971,[]
1971,[]
1971,[]
1971,[young]
1971,[]
1971,[]
1971,[young]
1971,[]
1971,[]
1971,[]
1971,[]
1971,[]
1971,[sister]
1971,[]
1971,[blind]
1971,[]
1971,[]
1971,[]
1971,[]
1971,[]
1971,[young]
1971,[]
1971,[young]
1971,[]
1971,[mysterious]
1971,[]
1971,[]
1971,[]
1971,[]
1971,[]
1971,[]
1971,[]
1971,[]
1971,[]
1971,[]
1971,[]
1971,[]
1971,[]
1971,[]
1971,[young]
1971,[]
1971,[]
1971,[]
1971,[]
1971,[]
1971,[]
1971,[]
1971,[deceased]
1971,[]
1971,[]
1971,[]
1971,[]
1971,[]
1971,[]
1971,[]
1971,[]
1971,[]
1971,[leading]
1971,[]
1971,[]
1971,[]
1971,[]
1971,[]
1973,[]
1973,[]
1973,[]
1973,[young]
1973,[]
1973,[]
1973,[]
1973,[]
1973,[]
1973,[disastrous]
1973,[]
1973,[beautiful]
1973,[]
1973,[]
1973,[]
1973,[]
1973,[]
1973,[rich]
1973,[beautiful]
1973,[followers]
1973,[]
1973,[]
1973,[]
1973,[violent]
1973,[beautiful, young, married]
1973,[innocent]
1973,[widowed]
1973,[]
1973,[]
1973,[aged]
1973,[marrying]
1973,[]
1973,[]
1973,[]
1973,[]
1973,[]
1973,[]
1973,[]
1973,[young]
1973,[younger]
1973,[]
1973,[]
1973,[]
1973,[]
1973,[young]
1973,[]
1973,[]
1973,[rich, spoiled]
1973,[]
1973,[]
1973,[]
1973,[young]
1973,[]
1973,[]
1973,[]
1973,[]
1974,[]
1974,[blind, young]
1974,[]
1974,[young]
1974,[young]
1974,[]
1974,[]
1974,[]
1974,[]
1974,[]
1974,[]
1974,[patriotic, unaware]
1974,[]
1974,[]
1974,[dumb]
1974,[wealthy]
1974,[ailing]
1974,[beautiful, young]
1974,[]
1974,[]
1974,[]
1974,[]
1974,[]
1974,[]
1974,[rich]
1974,[]
1974,[]
1974,[]
1974,[niece]
1974,[]
1974,[]
1974,[]
1974,[]
1974,[young]
1974,[]
1974,[]
1974,[]
1974,[beautiful, young]
1974,[Handsome]
1974,[]
1974,[]
1974,[]
1974,[]
1974,[young, poor]
1974,[]
1974,[]
1974,[]
1974,[]
1974,[]
1974,[]
1974,[teenage, widowed]
1974,[]
1974,[]
1974,[widowed]
1974,[young]
1974,[]
1974,[]
1974,[]
1974,[]
1974,[sick]
1974,[]
1974,[young]
1975,[]
1975,[]
1975,[]
1975,[drunk]
1975,[]
1975,[]
1975,[]
1975,[]
1975,[]
1975,[]
1975,[]
1975,[]
1975,[]
1975,[]
1975,[]
1975,[young]
1975,[young]
1975,[]
1975,[]
1975,[]
1975,[]
1975,[maiden]
1975,[dominating]
1975,[Christian]
1975,[]
1975,[]
1975,[]
1975,[]
1975,[]
1975,[]
1975,[]
1975,[refined]
1975,[]
1975,[]
1975,[]
1975,[]
1975,[]
1975,[]
1975,[]
1975,[]
1975,[young]
1975,[]
1975,[]
1975,[poor]
1975,[]
1975,[]
1975,[]
1975,[]
1975,[young]
1975,[]
1975,[]
1975,[reclusive]
1975,[talkative, feisty, young]
1975,[]
1975,[]
1975,[]
1975,[]
1975,[]
1975,[]
1975,[]
1976,[]
1976,[]
1976,[unmarried]
1976,[]
1976,[lovely, young]
1976,[devastated]
1976,[]
1976,[]
1976,[]
1976,[old]
1976,[]
1976,[]
1976,[]
1976,[]
1976,[]
1976,[]
1976,[Harijan, local]
1976,[feisty, young]
1976,[]
1976,[]
1976,[]
1976,[]
1976,[]
1976,[]
1976,[rich]
1976,[]
1976,[]
1976,[]
1976,[unmarried]
1976,[]
1977,[]
1977,[wealthy]
1977,[]
1977,[]
1977,[]
1977,[]
1977,[]
1977,[poor]
1977,[]
1977,[]
1977,[arrogant]
1977,[]
1977,[]
1977,[]
1977,[]
1977,[]
1977,[biological]
1977,[penniless]
1977,[]
1977,[]
1977,[]
1977,[beautiful, poor]
1977,[grandchild]
1977,[]
1977,[lost]
1977,[]
1977,[uptight]
1977,[]
1977,[unhappy]
1977,[]
1977,[]
1977,[]
1977,[]
1977,[]
1977,[]
1977,[young]
1977,[scheming]
1977,[illiterate]
1977,[]
1977,[modern, delightful, soft]
1977,[]
1977,[]
1977,[]
1977,[]
1977,[]
1977,[]
1977,[young]
1977,[]
1977,[]
1977,[old]
1977,[]
1977,[]
1977,[]
1977,[]
1977,[]
1977,[]
1977,[]
1977,[]
1977,[]
1977,[old]
1977,[]
1977,[]
1977,[]
1977,[]
1977,[]
1977,[]
1977,[Muslim]
1977,[]
1977,[good]
1977,[]
1977,[]
1977,[good]
1978,[]
1978,[princess]
1978,[ill]
1978,[]
1978,[]
1978,[young]
1978,[]
1978,[]
1978,[shattered]
1978,[]
1978,[]
1978,[ailing]
1978,[old]
1978,[]
1978,[]
1978,[religious]
1978,[]
1978,[separated]
1978,[]
1978,[]
1978,[aristocratic]
1978,[]
1978,[]
1978,[]
1978,[]
1978,[]
1978,[Muslim]
1978,[young]
1978,[]
1978,[]
1978,[]
1978,[]
1978,[]
1978,[]
1978,[]
1978,[wealthy]
1978,[]
1978,[]
1978,[general]
1978,[]
1978,[]
1979,[]
1979,[orphan]
1979,[]
1979,[lovely]
1979,[]
1979,[]
1979,[beautiful]
1979,[]
1979,[]
1979,[]
1979,[]
1979,[]
1979,[]
1979,[]
1979,[]
1979,[sister]
1979,[]
1979,[]
1979,[wealthy, gorgeous]
1979,[]
1979,[]
1979,[]
1979,[]
1979,[]
1979,[]
1979,[]
1979,[]
1979,[]
1979,[Kind]
1979,[]
1979,[]
1979,[]
1979,[]
1979,[]
1979,[]
1979,[rich]
1979,[]
1979,[]
1979,[]
1979,[]
1979,[]
1979,[arrogant, prospective]
1979,[young]
1979,[frantic]
1979,[wealthy]
1979,[unmarried]
1979,[]
1979,[]
1979,[]
1979,[]
1979,[young]
1979,[beautiful, young]
1979,[]
1979,[]
1979,[]
1979,[]
1980,[]
1980,[common, adopted]
1980,[pregnant]
1980,[grieving]
1980,[little]
1980,[]
1980,[mortally, wounded]
1980,[pregnant]
1980,[young, simple]
1980,[]
1980,[]
1980,[hapless]
1980,[]
1980,[sick]
1980,[]
1980,[]
1980,[]
1980,[]
1980,[]
1980,[]
1980,[]
1980,[]
1980,[]
1980,[rich]
1980,[]
1980,[playful]
1980,[unpolished]
1980,[]
1980,[]
1980,[]
1980,[]
1980,[]
1980,[]
1980,[]
1980,[]
1980,[]
1980,[conservative, deranged]
1980,[]
1980,[]
1980,[]
1980,[]
1980,[]
1980,[young]
1980,[]
1980,[]
1980,[]
1980,[]
1980,[]
1980,[new]
1980,[]
1980,[]
1980,[]
1981,[]
1981,[niece]
1981,[]
1981,[]
1981,[]
1981,[]
1981,[]
1981,[]
1981,[]
1981,[]
1981,[]
1981,[]
1981,[]
1981,[]
1981,[]
1981,[]
1981,[]
1981,[little]
1981,[little]
1981,[]
1981,[]
1981,[]
1981,[]
1981,[]
1981,[]
1981,[]
1981,[]
1981,[]
1981,[]
1981,[Sushil]
1981,[]
1981,[]
1981,[]
1981,[]
1981,[]
1981,[]
1981,[]
1981,[]
1981,[]
1981,[]
1981,[]
1981,[]
1981,[lovely, pregnant]
1981,[attractive]
1981,[]
1981,[]
1981,[cultured]
1981,[]
1981,[]
1981,[]
1981,[beautiful]
1981,[]
1981,[]
1981,[widowed]
1981,[]
1981,[poor]
1982,[]
1982,[]
1982,[]
1982,[]
1982,[]
1982,[young]
1982,[]
1982,[]
1982,[]
1982,[young]
1982,[]
1982,[]
1982,[]
1982,[]
1982,[]
1982,[]
1982,[]
1982,[]
1982,[]
1982,[]
1982,[]
1982,[]
1982,[]
1982,[]
1982,[]
1982,[]
1982,[]
1982,[]
1982,[]
1982,[]
1982,[]
1982,[]
1982,[]
1982,[]
1982,[]
1982,[]
1982,[]
1982,[pretty]
1982,[]
1982,[]
1982,[]
1982,[]
1982,[]
1982,[young]
1982,[]
1982,[]
1982,[rich]
1982,[]
1982,[]
1982,[young]
1982,[]
1982,[]
1982,[]
1982,[]
1982,[]
1982,[elder]
1982,[]
1982,[beautiful, young]
1982,[]
1982,[]
1982,[]
1982,[intelligent]
1982,[old]
1982,[]
1982,[middle]
1982,[]
1982,[]
1982,[]
1982,[]
1982,[bandit]
1982,[teenage]
1982,[orphan]
1982,[]
1982,[]
1982,[]
1982,[]
1982,[]
1982,[]
1982,[new]
1982,[]
1982,[pretty]
1982,[]
1982,[]
1982,[]
1982,[]
1982,[]
1982,[]
1982,[lively, young]
1982,[]
1982,[]
1982,[young]
1982,[sister]
1982,[]
1982,[lovely]
1982,[conservative]
1982,[]
1982,[]
1982,[]
1982,[]
1982,[]
1982,[beautiful, young]
1982,[]
1982,[]
1982,[]
1982,[]
1982,[]
1982,[beautiful, ugly]
1982,[]
1982,[]
1982,[]
1983,[beautiful, young]
1983,[]
1983,[]
1983,[]
1983,[]
1983,[wealthy]
1983,[]
1983,[]
1983,[]
1983,[]
1983,[embarrassing]
1983,[]
1983,[]
1983,[]
1983,[]
1983,[]
1983,[]
1983,[]
1983,[]
1983,[]
1983,[]
1983,[]
1983,[]
1983,[frantic]
1983,[]
1983,[traditional, Indian, unaware]
1983,[]
1983,[]
1983,[]
1983,[]
1983,[]
1983,[insensitive]
1983,[]
1983,[]
1983,[]
1983,[]
1983,[widowed]
1983,[]
1983,[]
1983,[young, dynamic]
1983,[]
1983,[modern, young, worthy, nameless]
1983,[]
1983,[]
1983,[sexy]
1983,[]
1983,[little]
1983,[]
1983,[]
1983,[]
1983,[]
1983,[]
1983,[]
1983,[]
1983,[]
1983,[young]
1983,[]
1983,[illegitimate]
1983,[]
1983,[long]
1983,[sister]
1983,[]
1983,[]
1983,[famous]
1983,[]
1983,[arrogant, spoiled]
1983,[]
1983,[poor]
1983,[]
1983,[attractive]
1983,[]
1983,[]
1983,[]
1983,[modern, young]
1983,[]
1983,[]
1983,[]
1983,[]
1983,[]
1983,[]
1983,[rich]
1983,[]
1984,[pretty]
1984,[]
1984,[]
1984,[]
1984,[]
1984,[]
1984,[]
1984,[]
1984,[]
1984,[]
1984,[]
1984,[]
1984,[privileged]
1984,[]
1984,[]
1984,[]
1984,[pregnant]
1984,[]
1984,[]
1984,[aged]
1984,[]
1984,[]
1984,[]
1984,[Dhanraj]
1984,[poor]
1984,[]
1984,[]
1984,[]
1984,[]
1984,[]
1984,[pregnant]
1984,[]
1984,[]
1984,[]
1984,[]
1984,[widowed]
1984,[]
1984,[budding]
1984,[]
1984,[]
1984,[]
1984,[lovely, attractive, young]
1984,[]
1984,[]
1984,[]
1984,[]
1984,[]
1984,[]
1984,[unmarried]
1984,[retarded]
1985,[]
1985,[]
1985,[fashionable]
1985,[famous]
1985,[]
1985,[innocent]
1985,[]
1985,[]
1985,[]
1985,[]
1985,[]
1985,[]
1985,[rich]
1985,[]
1985,[]
1985,[similar]
1985,[secrets]
1985,[]
1985,[beautiful]
1985,[motherless]
1985,[]
1985,[new]
1985,[fellow]
1985,[arrogant]
1985,[Kishen]
1985,[father, drunkard]
1985,[]
1985,[]
1985,[]
1985,[]
1985,[]
1985,[]
1985,[]
1985,[]
1985,[teenaged]
1985,[]
1985,[]
1985,[]
1985,[]
1985,[fellow, retired]
1985,[reluctant]
1985,[]
1985,[penniless]
1985,[]
1985,[debutante]
1985,[arrogant, young]
1985,[valiant]
1985,[]
1985,[]
1985,[]
1985,[]
1985,[unknown]
1985,[]
1985,[]
1985,[]
1985,[]
1985,[]
1985,[]
1985,[guilty]
1985,[]
1985,[intelligent]
1985,[]
1985,[]
1985,[pregnant]
1985,[ideal]
1985,[]
1985,[holy]
1985,[]
1985,[]
1985,[]
1985,[beautiful]
1985,[]
1985,[old, ailing]
1985,[]
1985,[]
1986,[]
1986,[]
1986,[]
1986,[]
1986,[]
1986,[]
1986,[]
1986,[]
1986,[]
1986,[]
1986,[]
1986,[]
1986,[beautiful, young]
1986,[]
1986,[]
1986,[little]
1986,[]
1986,[]
1986,[]
1986,[dumb]
1986,[sweet]
1986,[]
1986,[pregnant]
1987,[]
1987,[challenged]
1987,[returned, foreign]
1987,[]
1987,[poor, orphan]
1987,[beautiful]
1987,[]
1987,[]
1987,[]
1987,[]
1987,[]
1987,[]
1987,[]
1987,[]
1987,[]
1987,[]
1987,[]
1987,[adamant, impulsive]
1987,[]
1987,[]
1987,[]
1987,[]
1987,[]
1987,[]
1987,[]
1987,[]
1987,[]
1987,[]
1987,[]
1987,[]
1987,[notorious]
1987,[young]
1987,[]
1987,[]
1987,[]
1987,[]
1987,[]
1987,[]
1987,[]
1987,[]
1987,[]
1987,[]
1987,[cheap]
1987,[]
1987,[]
1987,[young]
1987,[]
1987,[]
1987,[]
1987,[]
1987,[caring]
1987,[]
1987,[]
1987,[little]
1987,[]
1987,[]
1987,[devoted]
1987,[]
1987,[]
1988,[]
1988,[domineering]
1988,[]
1988,[]
1988,[young]
1988,[little]
1988,[]
1988,[]
1988,[sister]
1988,[]
1988,[]
1988,[frantic]
1988,[]
1988,[]
1988,[]
1988,[]
1988,[suitable]
1988,[]
1988,[biological]
1988,[]
1988,[]
1988,[biological]
1988,[attractive, young]
1988,[]
1988,[]
1988,[]
1988,[]
1988,[niece]
1988,[beautiful, young, little]
1988,[]
1988,[hideous]
1988,[little]
1988,[lovely, beautiful, young]
1988,[]
1988,[little]
1988,[]
1988,[]
1988,[]
1988,[young, poor]
1988,[pretty]
1988,[]
1988,[]
1989,[lovely, young]
1989,[pregnant]
1989,[]
1989,[]
1989,[aged]
1989,[compatible]
1989,[]
1989,[widowed]
1989,[beautiful]
1989,[]
1989,[]
1989,[]
1989,[]
1989,[wealthy]
1989,[]
1989,[]
1989,[]
1989,[]
1989,[]
1989,[]
1989,[]
1989,[]
1989,[]
1989,[]
1989,[]
1989,[]
1989,[unaware]
1989,[pragmatic]
1989,[]
1989,[]
1989,[]
1989,[young]
1989,[]
1989,[]
1990,[]
1990,[]
1990,[]
1990,[]
1990,[]
1990,[]
1990,[]
1990,[]
1990,[]
1990,[]
1990,[]
1990,[]
1990,[]
1990,[]
1990,[]
1990,[]
1990,[new, modest]
1990,[]
1990,[]
1990,[beautiful]
1990,[]
1990,[]
1990,[evil, strange]
1990,[]
1990,[young, undercover]
1990,[young, rich]
1990,[beautiful]
1990,[]
1990,[]
1990,[]
1990,[old, tempered, short, aggressive]
1990,[]
1990,[]
1990,[lazy]
1990,[]
1990,[]
1990,[]
1990,[]
1990,[]
1990,[]
1990,[]
1990,[]
1990,[]
1990,[]
1990,[]
1990,[]
1990,[]
1990,[]
1990,[]
1990,[]
1990,[]
1990,[young]
1990,[]
1990,[]
1990,[]
1990,[]
1990,[]
1990,[]
1990,[]
1990,[]
1990,[single]
1990,[unconventional]
1990,[]
1990,[powerful]
1990,[]
1991,[sister]
1991,[]
1991,[]
1991,[young, dead]
1991,[weekly]
1991,[]
1991,[]
1991,[]
1991,[good]
1991,[]
1991,[ill]
1991,[ill]
1991,[working, simple]
1991,[single]
1991,[]
1991,[married]
1991,[]
1991,[]
1991,[]
1991,[widowed]
1991,[]
1991,[]
1991,[]
1991,[]
1991,[]
1991,[]
1991,[]
1991,[]
1991,[]
1991,[pregnant]
1991,[native]
1991,[]
1991,[]
1991,[successful]
1991,[]
1991,[]
1991,[]
1991,[]
1991,[]
1991,[]
1991,[adopted]
1991,[]
1991,[young]
1991,[saintly]
1991,[]
1991,[]
1991,[tough]
1991,[]
1991,[]
1991,[]
1991,[young]
1991,[beautiful]
1991,[]
1991,[]
1991,[]
1991,[]
1991,[]
1991,[beautiful]
1991,[]
1991,[]
1991,[]
1991,[]
1991,[late]
1991,[]
1991,[]
1991,[]
1991,[]
1991,[]
1991,[young]
1991,[]
1991,[]
1991,[]
1991,[]
1991,[]
1991,[young]
1991,[]
1991,[]
1991,[]
1991,[]
1991,[]
1991,[old]
1991,[]
1991,[Brahmin, young, unmarried]
1991,[biological]
1991,[]
1991,[dead]
1991,[]
1991,[]
1991,[]
1992,[]
1992,[]
1992,[]
1992,[]
1992,[]
1992,[]
1992,[]
1992,[]
1992,[]
1992,[]
1992,[]
1992,[]
1992,[]
1992,[]
1992,[]
1992,[]
1992,[]
1992,[]
1992,[young]
1992,[]
1992,[]
1992,[]
1992,[]
1992,[rich, spoiled]
1992,[]
1992,[rude]
1992,[]
1992,[]
1992,[young]
1992,[]
1992,[]
1992,[]
1992,[local]
1992,[]
1992,[]
1992,[]
1992,[]
1992,[unknown]
1992,[]
1992,[]
1992,[]
1992,[grown]
1992,[]
1992,[]
1992,[]
1992,[]
1992,[]
1992,[]
1992,[]
1992,[]
1992,[]
1992,[]
1992,[]
1992,[]
1992,[old]
1992,[]
1992,[beautiful, young]
1992,[]
1992,[]
1992,[new]
1992,[]
1992,[]
1992,[]
1992,[]
1992,[]
1992,[]
1992,[]
1992,[beautiful]
1992,[old]
1992,[]
1992,[]
1992,[beautiful]
1992,[]
1992,[lovely]
1992,[]
1992,[]
1992,[simple]
1992,[old]
1992,[]
1992,[]
1992,[]
1992,[]
1992,[]
1992,[]
1992,[]
1992,[]
1992,[]
1992,[]
1992,[]
1992,[]
1992,[grown]
1992,[precocious, young]
1992,[]
1992,[]
1993,[wealthy]
1993,[]
1993,[]
1993,[]
1993,[]
1993,[]
1993,[]
1993,[poor]
1993,[]
1993,[poor]
1993,[young]
1993,[]
1993,[]
1993,[]
1993,[]
1993,[]
1993,[newborn]
1993,[innocent]
1993,[]
1993,[]
1993,[]
1993,[]
1993,[]
1993,[]
1993,[]
1993,[]
1993,[]
1993,[]
1993,[]
1993,[]
1993,[]
1993,[]
1993,[]
1993,[]
1993,[]
1993,[]
1993,[]
1993,[glitzy]
1993,[deceased]
1993,[bubbly]
1993,[]
1993,[lovely, young]
1993,[evil]
1993,[innocent]
1993,[]
1993,[]
1993,[]
1993,[]
1993,[]
1993,[]
1993,[]
1993,[]
1993,[]
1993,[young]
1993,[]
1993,[]
1993,[]
1993,[]
1993,[]
1993,[]
1993,[]
1993,[secret]
1993,[]
1993,[snobby]
1993,[younger, elder, little]
1993,[]
1993,[]
1993,[]
1993,[]
1993,[]
1993,[successful]
1993,[]
1993,[traditional]
1993,[]
1993,[sympathetic]
1993,[]
1993,[quarrelsome]
1993,[]
1993,[]
1993,[]
1993,[sister]
1993,[young]
1993,[]
1993,[]
1994,[]
1994,[]
1994,[great]
1994,[]
1994,[]
1994,[]
1994,[]
1994,[]
1994,[]
1994,[]
1994,[]
1994,[new, amnesiac]
1994,[]
1994,[]
1994,[widowed]
1994,[]
1994,[]
1995,[]
1995,[]
1995,[poor]
1995,[]
1995,[]
1995,[wealthy]
1995,[]
1995,[]
1995,[effervescent]
1995,[]
1995,[]
1995,[]
1995,[]
1995,[]
1996,[]
1996,[]
1996,[]
1996,[]
1996,[acclaimed]
1996,[]
1996,[]
1996,[young]
1996,[]
1996,[]
1996,[illegitimate]
1996,[]
1996,[]
1996,[]
1996,[]
1996,[sad]
1996,[]
1996,[]
1996,[young, teenage]
1996,[]
1996,[]
1996,[poor]
1996,[]
1996,[]
1996,[injured, young]
1996,[]
1996,[]
1996,[]
1996,[]
1996,[]
1996,[]
1996,[]
1996,[]
1996,[]
1996,[]
1996,[sister]
1996,[]
1996,[]
1996,[]
1996,[]
1996,[]
1996,[]
1996,[]
1996,[]
1996,[]
1996,[]
1996,[teenage]
1996,[dead]
1996,[]
1996,[]
1996,[]
1996,[]
1996,[]
1996,[]
1996,[]
1996,[]
1996,[]
1996,[]
1996,[]
1996,[]
1996,[presumed]
1996,[]
1996,[]
1996,[]
1996,[]
1997,[]
1997,[beautiful, rich]
1997,[rich]
1997,[]
1997,[]
1997,[]
1997,[]
1997,[promiscuous, elderly, dignified]
1997,[]
1997,[]
1997,[beloved]
1997,[]
1997,[]
1997,[]
1997,[rich]
1997,[]
1997,[]
1997,[new]
1997,[]
1997,[]
1997,[]
1997,[]
1997,[]
1997,[]
1997,[]
1997,[single]
1997,[]
1997,[]
1997,[insane]
1997,[]
1997,[]
1997,[]
1997,[]
1997,[]
1997,[]
1997,[beautiful]
1997,[]
1997,[]
1997,[sister]
1997,[]
1997,[]
1997,[]
1997,[]
1997,[young, innocent]
1997,[]
1997,[]
1997,[]
1997,[]
1997,[]
1997,[]
1997,[snaky]
1997,[unable, happy, authentic, missing, pure, good]
1997,[equal]
1997,[]
1997,[]
1997,[]
1997,[little]
1997,[]
1997,[]
1997,[]
1997,[]
1997,[ambitious, young, rich]
1997,[]
1997,[]
1997,[]
1998,[]
1998,[]
1998,[]
1998,[]
1998,[]
1998,[]
1998,[respectable]
1998,[]
1998,[]
1998,[wannabe]
1998,[]
1998,[mysterious]
1998,[]
1998,[little]
1998,[]
1998,[]
1998,[]
1998,[]
1998,[]
1998,[]
1998,[]
1998,[]
1998,[]
1998,[]
1998,[]
1998,[]
1998,[compassionate]
1998,[]
1998,[grand]
1998,[]
1998,[]
1998,[young]
1998,[]
1998,[]
1998,[beautiful, young]
1998,[beautiful, simple]
1998,[unable]
1998,[]
1998,[]
1998,[]
1998,[motherly]
1998,[]
1998,[]
1998,[]
1998,[]
1998,[clumsy]
1998,[]
1998,[]
1998,[]
1998,[]
1998,[local, Muslim]
1998,[]
1998,[rich]
1998,[]
1998,[]
1999,[]
1999,[]
1999,[American]
1999,[]
1999,[]
1999,[]
1999,[rich]
1999,[]
1999,[secret]
1999,[]
1999,[]
1999,[young]
1999,[]
1999,[]
1999,[]
1999,[]
1999,[following]
1999,[]
1999,[]
1999,[modern]
1999,[]
1999,[]
1999,[loving]
1999,[]
1999,[]
1999,[]
1999,[]
1999,[]
1999,[biological]
1999,[adopted]
1999,[]
1999,[]
1999,[]
1999,[sister]
1999,[]
1999,[]
1999,[]
1999,[]
1999,[]
1999,[]
1999,[]
1999,[]
1999,[hardworking]
1999,[]
1999,[]
1999,[]
1999,[]
1999,[]
1999,[]
1999,[]
1999,[beautiful]
1999,[beloved]
1999,[]
1999,[]
1999,[]
1999,[old]
1999,[French, blonde, hermit]
1999,[]
1999,[]
1999,[]
1999,[young]
1999,[]
1999,[]
1999,[beautiful]
1999,[simple]
1999,[]
1999,[]
1999,[]
1999,[]
1999,[]
1999,[]
1999,[]
1999,[]
1999,[desirable]
1999,[]
1999,[]
1999,[Jais]
1999,[]
1999,[beautiful]
1999,[]
1999,[]
1999,[]
1999,[]
1999,[curious, persistent, compassionate]
1999,[]
1999,[]
1999,[]
1999,[young, idealistic]
1999,[young]
1999,[]
1999,[]
1999,[]
2000,[]
2000,[]
2000,[beautiful]
2000,[young]
2000,[]
2000,[]
2000,[]
2000,[sister]
2000,[]
2000,[lonely]
2000,[]
2000,[]
2000,[young]
2000,[]
2000,[]
2000,[]
2000,[impoverished]
2000,[]
2000,[]
2000,[]
2000,[]
2000,[]
2000,[]
2000,[]
2000,[distressed, pregnant]
2000,[]
2000,[]
2000,[]
2000,[]
2000,[]
2000,[]
2000,[blind]
2000,[]
2000,[young, vivacious]
2000,[]
2000,[]
2000,[second]
2000,[young]
2000,[]
2000,[]
2000,[]
2000,[]
2000,[]
2000,[]
2000,[pregnant]
2000,[]
2000,[innocent]
2000,[]
2000,[]
2000,[]
2000,[twin]
2000,[]
2000,[]
2000,[]
2000,[]
2000,[]
2000,[]
2000,[]
2000,[]
2000,[]
2000,[]
2000,[]
2000,[second]
2000,[suicidal, heartbroken, pregnant]
2000,[]
2000,[]
2000,[]
2000,[wealthy, playboy]
2000,[]
2000,[]
2000,[]
2000,[]
2000,[]
2000,[]
2000,[old]
2000,[]
2000,[rich]
2000,[beautiful]
2000,[]
2000,[]
2000,[]
2000,[young]
2001,[deceased]
2001,[]
2001,[]
2001,[]
2001,[]
2001,[]
2001,[]
2001,[]
2001,[]
2001,[wealthy]
2001,[]
2001,[]
2001,[]
2001,[surrogate]
2001,[]
2001,[pregnant]
2001,[]
2001,[old]
2001,[American]
2001,[]
2001,[]
2001,[pretty]
2001,[]
2001,[]
2001,[]
2001,[greedy]
2001,[]
2001,[]
2001,[]
2001,[]
2001,[Muslim]
2001,[]
2001,[]
2001,[]
2001,[]
2001,[]
2001,[vivacious]
2001,[]
2001,[]
2001,[]
2001,[]
2001,[young]
2001,[]
2001,[]
2001,[]
2001,[]
2001,[]
2001,[]
2001,[]
2001,[]
2001,[sister]
2001,[]
2001,[]
2001,[]
2001,[]
2001,[]
2001,[]
2001,[]
2001,[]
2001,[young]
2001,[]
2001,[]
2001,[]
2001,[]
2001,[]
2001,[rich]
2001,[mysterious]
2001,[reluctant]
2001,[]
2001,[innocent]
2001,[right]
2001,[skeptical]
2002,[]
2002,[]
2002,[]
2002,[tribal]
2002,[]
2002,[]
2002,[white]
2002,[]
2002,[]
2002,[]
2002,[]
2002,[]
2002,[]
2002,[]
2002,[]
2002,[]
2002,[popular]
2002,[loving, young, fun]
2002,[biological, real]
2002,[aware]
2002,[real]
2002,[]
2002,[]
2002,[]
2002,[]
2002,[married]
2002,[]
2002,[]
2002,[]
2002,[]
2002,[]
2002,[widowed]
2002,[]
2002,[]
2002,[]
2002,[]
2002,[]
2002,[]
2002,[]
2002,[]
2002,[]
2002,[]
2002,[]
2002,[]
2002,[insensitive]
2002,[]
2002,[]
2002,[little]
2002,[]
2002,[]
2002,[]
2002,[]
2002,[]
2002,[]
2002,[docile, poor, twin, little]
2002,[little]
2002,[frustrated]
2002,[]
2002,[]
2002,[]
2002,[small, typical]
2002,[]
2002,[new]
2002,[]
2002,[popular]
2002,[vivacious, real]
2002,[]
2002,[quiet]
2002,[]
2002,[]
2002,[spirited, bright]
2002,[]
2002,[anxious]
2002,[]
2002,[]
2002,[]
2002,[]
2002,[remorseless]
2002,[]
2002,[]
2002,[mysterious]
2002,[]
2002,[beautiful]
2002,[wealthy, young]
2002,[]
2002,[]
2002,[]
2002,[]
2002,[]
2003,[]
2003,[]
2003,[exotic]
2003,[]
2003,[married]
2003,[]
2003,[young]
2003,[]
2003,[obsessive]
2003,[]
2003,[]
2003,[]
2003,[]
2003,[]
2003,[]
2003,[comatose]
2003,[]
2003,[]
2003,[subordinate]
2003,[]
2003,[]
2003,[]
2003,[]
2003,[]
2003,[]
2003,[]
2003,[]
2003,[]
2003,[]
2003,[]
2003,[young]
2003,[]
2003,[]
2003,[American]
2003,[]
2003,[]
2003,[]
2003,[]
2003,[]
2003,[]
2003,[]
2003,[]
2003,[]
2003,[]
2003,[wild]
2003,[]
2003,[]
2003,[]
2003,[]
2003,[]
2003,[]
2003,[]
2003,[]
2003,[]
2003,[nagging]
2003,[headstrong]
2003,[pretty]
2003,[little]
2003,[]
2003,[]
2003,[]
2003,[]
2003,[]
2003,[]
2003,[]
2003,[]
2003,[broken]
2003,[]
2003,[]
2003,[]
2003,[]
2003,[]
2003,[]
2003,[good]
2003,[elderly]
2003,[]
2003,[]
2003,[biological, widowed]
2003,[]
2003,[]
2003,[]
2003,[]
2003,[]
2003,[]
2003,[adopted]
2003,[]
2003,[]
2003,[happy]
2003,[]
2003,[]
2003,[]
2003,[pregnant]
2003,[]
2003,[]
2003,[]
2003,[]
2003,[Happy, American]
2003,[]
2003,[]
2003,[]
2003,[]
2003,[]
2003,[wealthy]
2003,[young]
2003,[single, young]
2003,[]
2003,[]
2003,[]
2003,[]
2003,[]
2003,[]
2003,[]
2003,[]
2003,[]
2003,[American, modern]
2003,[]
2003,[]
2003,[]
2003,[]
2003,[young]
2003,[]
2003,[common]
2003,[]
2003,[]
2003,[]
2003,[]
2003,[pregnant]
2003,[]
2003,[frustrated, angry]
2003,[]
2003,[perfect]
2003,[]
2003,[]
2003,[]
2003,[]
2003,[]
2003,[]
2003,[]
2003,[]
2003,[]
2003,[exuberant]
2003,[]
2003,[]
2003,[timid]
2003,[]
2003,[little]
2003,[]
2003,[]
2003,[]
2003,[]
2003,[]
2003,[]
2003,[]
2004,[]
2004,[]
2004,[]
2004,[]
2004,[]
2004,[]
2004,[]
2004,[]
2004,[]
2004,[]
2004,[young]
2004,[]
2004,[]
2004,[]
2004,[]
2004,[ambitious]
2004,[]
2004,[]
2004,[patient]
2004,[]
2004,[bored]
2004,[]
2004,[]
2004,[]
2004,[]
2004,[widowed]
2004,[]
2004,[]
2004,[]
2004,[]
2004,[common]
2004,[drunk]
2004,[]
2004,[Muslim]
2004,[]
2004,[]
2004,[following]
2004,[]
2004,[Sikh]
2004,[schoolgirl]
2004,[]
2004,[]
2004,[]
2004,[]
2004,[]
2004,[]
2004,[beautiful]
2004,[]
2004,[]
2004,[]
2004,[]
2004,[]
2004,[]
2004,[teenage]
2004,[]
2004,[]
2004,[aggressive]
2004,[]
2004,[]
2004,[]
2004,[]
2004,[]
2004,[]
2004,[]
2004,[beautiful, simple]
2004,[]
2004,[]
2004,[]
2004,[]
2004,[jealous]
2004,[]
2004,[]
2004,[]
2004,[]
2004,[young]
2004,[]
2004,[]
2004,[]
2004,[young]
2004,[]
2004,[]
2004,[]
2004,[]
2004,[]
2004,[]
2004,[]
2004,[]
2004,[]
2004,[young]
2004,[]
2004,[]
2004,[]
2004,[]
2004,[]
2004,[]
2004,[depressed]
2004,[]
2004,[]
2004,[]
2004,[]
2004,[]
2004,[]
2004,[]
2004,[]
2004,[rich]
2004,[]
2004,[]
2004,[]
2004,[]
2004,[]
2004,[young, Pakistani]
2004,[]
2004,[]
2004,[]
2004,[Sikh]
2004,[]
2004,[]
2004,[]
2004,[]
2004,[]
2004,[]
2004,[]
2004,[]
2005,[]
2005,[charming]
2005,[young]
2005,[blind]
2005,[]
2005,[]
2005,[]
2005,[]
2005,[]
2005,[]
2005,[]
2005,[]
2005,[]
2005,[]
2005,[]
2005,[]
2005,[]
2005,[beautiful]
2005,[]
2005,[gullible]
2005,[]
2005,[popular]
2005,[sister]
2005,[]
2005,[little]
2005,[]
2005,[]
2005,[original]
2005,[]
2005,[fiancee]
2005,[]
2005,[]
2005,[]
2005,[]
2005,[]
2005,[niece]
2005,[]
2005,[]
2005,[]
2005,[]
2005,[young]
2005,[British, wealthy]
2005,[]
2005,[]
2005,[]
2005,[]
2005,[]
2005,[]
2005,[]
2005,[]
2005,[]
2005,[violent]
2005,[]
2005,[]
2005,[]
2005,[]
2005,[]
2005,[beautiful, young]
2005,[]
2005,[dutiful]
2005,[]
2005,[]
2005,[]
2005,[]
2005,[]
2005,[]
2005,[sister]
2005,[]
2005,[]
2005,[dead]
2005,[]
2005,[]
2005,[]
2005,[]
2005,[]
2005,[]
2005,[]
2005,[]
2005,[beautiful]
2005,[]
2005,[hot]
2005,[]
2005,[]
2005,[]
2005,[dead]
2005,[]
2005,[]
2005,[]
2005,[drunk]
2005,[]
2005,[]
2005,[]
2005,[]
2005,[]
2005,[]
2005,[]
2005,[great]
2005,[]
2005,[]
2005,[]
2005,[married, local]
2005,[]
2005,[]
2006,[runaway, jilted]
2006,[]
2006,[]
2006,[]
2006,[]
2006,[]
2006,[rich]
2006,[]
2006,[]
2006,[]
2006,[ailing]
2006,[]
2006,[]
2006,[]
2006,[young]
2006,[]
2006,[]
2006,[]
2006,[]
2006,[promiscuous]
2006,[]
2006,[real]
2006,[]
2006,[new]
2006,[]
2006,[]
2006,[]
2006,[]
2006,[]
2006,[]
2006,[]
2006,[old]
2006,[]
2006,[urban]
2006,[]
2006,[twin]
2006,[]
2006,[]
2006,[]
2006,[]
2006,[]
2006,[]
2006,[]
2006,[]
2006,[]
2006,[simple]
2006,[]
2006,[]
2006,[]
2006,[blind]
2006,[]
2006,[]
2006,[]
2006,[]
2006,[]
2006,[]
2006,[saucy]
2006,[]
2006,[]
2006,[]
2006,[wealthy]
2006,[]
2006,[sister]
2006,[simple]
2006,[]
2006,[]
2006,[original]
2006,[mysterious]
2006,[]
2006,[]
2006,[]
2006,[attractive]
2006,[]
2006,[]
2006,[]
2006,[innocent]
2006,[Afghan]
2006,[]
2006,[disappointed]
2006,[]
2006,[]
2006,[young]
2006,[close]
2006,[young]
2006,[]
2006,[]
2006,[]
2006,[]
2006,[]
2006,[]
2006,[]
2006,[]
2006,[local]
2006,[]
2006,[]
2006,[]
2006,[]
2006,[]
2006,[]
2006,[]
2006,[]
2006,[]
2006,[]
2006,[]
2006,[]
2006,[]
2006,[]
2006,[]
2006,[]
2006,[withering]
2006,[ill]
2006,[little]
2006,[]
2006,[]
2006,[]
2006,[]
2006,[pregnant]
2006,[young]
2006,[sister]
2006,[]
2006,[lovely]
2006,[]
2006,[]
2006,[beautiful]
2006,[middle]
2006,[]
2006,[]
2006,[]
2007,[]
2007,[old]
2007,[]
2007,[]
2007,[ideal]
2007,[]
2007,[]
2007,[]
2007,[]
2007,[]
2007,[]
2007,[]
2007,[]
2007,[attractive]
2007,[]
2007,[young, dead, Pakistani]
2007,[]
2007,[young, reluctant]
2007,[happy]
2007,[content]
2007,[]
2007,[]
2007,[young]
2007,[]
2007,[spinster, twin]
2007,[starlet]
2007,[]
2007,[]
2007,[]
2007,[]
2007,[]
2007,[]
2007,[]
2007,[]
2007,[]
2007,[beautiful, Indian]
2007,[]
2007,[]
2007,[]
2007,[]
2007,[]
2007,[]
2007,[]
2007,[wealthy]
2007,[rich]
2007,[]
2007,[young]
2007,[challenged, twin]
2007,[]
2007,[]
2007,[]
2007,[]
2007,[]
2007,[]
2007,[]
2007,[]
2007,[teenage]
2007,[]
2007,[]
2007,[]
2007,[]
2007,[energetic, talkative]
2007,[]
2007,[]
2007,[]
2007,[]
2007,[]
2007,[]
2007,[]
2007,[]
2007,[]
2007,[emotional]
2007,[]
2007,[]
2007,[]
2007,[]
2007,[exclusive]
2007,[]
2007,[]
2007,[]
2007,[widowed]
2007,[]
2007,[]
2007,[affluent]
2007,[]
2007,[nagging]
2007,[]
2007,[real]
2007,[biological, illegitimate]
2007,[]
2007,[American, young]
2007,[]
2007,[]
2007,[]
2007,[]
2007,[]
2007,[]
2007,[beautiful, young]
2007,[]
2007,[]
2007,[]
2007,[white]
2007,[]
2007,[]
2007,[]
2007,[]
2007,[]
2007,[]
2007,[]
2007,[]
2007,[real]
2007,[]
2007,[]
2007,[]
2007,[single]
2007,[]
2007,[]
2007,[]
2007,[]
2007,[mysterious]
2007,[]
2007,[]
2007,[]
2007,[hot]
2007,[]
2007,[]
2007,[]
2007,[]
2007,[]
2007,[]
2007,[]
2007,[]
2007,[gentle]
2007,[]
2007,[]
2007,[kindhearted]
2007,[]
2008,[]
2008,[]
2008,[]
2008,[safe]
2008,[]
2008,[]
2008,[]
2008,[beautiful]
2008,[young]
2008,[]
2008,[]
2008,[idiotic, assistant]
2008,[]
2008,[assistant, personal]
2008,[little]
2008,[]
2008,[]
2008,[elderly]
2008,[]
2008,[]
2008,[]
2008,[]
2008,[]
2008,[]
2008,[young]
2008,[]
2008,[]
2008,[]
2008,[]
2008,[]
2008,[]
2008,[]
2008,[]
2008,[]
2008,[]
2008,[]
2008,[]
2008,[right]
2008,[]
2008,[]
2008,[]
2008,[impulsive, romantic, right, sweet]
2008,[delighted]
2008,[]
2008,[girl]
2008,[beloved]
2008,[arrogant, sweet]
2008,[]
2008,[]
2008,[]
2008,[]
2008,[drunk]
2008,[]
2008,[]
2008,[]
2008,[perfect]
2008,[modern, capable, sweet, dreamy]
2008,[feisty]
2008,[]
2008,[]
2008,[]
2008,[]
2008,[]
2008,[]
2008,[]
2008,[]
2008,[]
2008,[]
2008,[]
2008,[]
2008,[]
2008,[]
2008,[]
2008,[hurried]
2008,[eunuch]
2008,[kisses]
2008,[]
2008,[]
2008,[]
2008,[captive]
2008,[]
2008,[]
2008,[]
2008,[]
2008,[]
2008,[]
2008,[]
2008,[]
2008,[]
2008,[]
2008,[]
2008,[]
2008,[disguised]
2008,[]
2008,[]
2008,[]
2008,[deaf]
2008,[]
2008,[attractive, young]
2008,[sister]
2008,[]
2008,[]
2008,[]
2008,[]
2008,[]
2008,[supermodel]
2008,[]
2008,[]
2008,[]
2008,[]
2008,[]
2008,[]
2008,[lovely]
2008,[Special]
2008,[fiancee]
2008,[]
2008,[]
2008,[]
2008,[aspiring, lead]
2008,[rich, dead]
2008,[]
2008,[beautiful]
2008,[]
2008,[]
2008,[]
2008,[]
2008,[]
2009,[]
2009,[]
2009,[]
2009,[]
2009,[big, independent]
2009,[]
2009,[]
2009,[young]
2009,[]
2009,[]
2009,[]
2009,[]
2009,[]
2009,[young]
2009,[]
2009,[]
2009,[]
2009,[]
2009,[]
2009,[]
2009,[Muslim]
2009,[American]
2009,[Muslim]
2009,[]
2009,[]
2010,[]
2010,[]
2010,[]
2010,[]
2010,[beautiful]
2010,[]
2010,[unruly]
2010,[]
2010,[]
2010,[]
2010,[]
2010,[]
2010,[]
2010,[]
2010,[]
2010,[]
2010,[adult]
2010,[psychiatrist]
2010,[]
2010,[shattered]
2010,[]
2010,[]
2010,[]
2010,[young]
2010,[]
2010,[]
2010,[]
2010,[cultured]
2010,[]
2010,[striking]
2010,[]
2010,[]
2010,[]
2010,[]
2010,[beautiful]
2010,[young]
2010,[frustrating]
2010,[]
2010,[]
2010,[]
2010,[]
2010,[]
2010,[]
2010,[]
2010,[new, sizzling]
2010,[lovely]
2010,[]
2010,[]
2011,[]
2011,[]
2011,[Canadian]
2011,[]
2011,[]
2011,[]
2011,[]
2011,[]
2011,[]
2011,[]
2011,[challenged]
2011,[]
2011,[]
2011,[]
2011,[]
2011,[]
2011,[]
2011,[]
2011,[]
2011,[nice]
2011,[]
2011,[]
2011,[]
2011,[]
2011,[]
2011,[]
2011,[beautiful]
2011,[]
2011,[ambitious]
2012,[]
2012,[accomplice]
2012,[]
2012,[]
2012,[]
2012,[beautiful, young]
2012,[]
2012,[]
2012,[]
2012,[]
2012,[]
2012,[]
2012,[]
2012,[]
2012,[]
2012,[]
2012,[]
2012,[]
2012,[]
2012,[beautiful]
2012,[old]
2012,[]
2012,[rich]
2012,[]
2012,[]
2012,[]
2013,[]
2013,[]
2013,[]
2013,[]
2013,[]
2013,[pregnant]
2013,[]
2013,[young]
2013,[]
2013,[]
2013,[]
2013,[]
2013,[]
2013,[]
2013,[]
2013,[]
2013,[]
2013,[]
2013,[]
2013,[]
2013,[deceased]
2013,[]
2013,[broken]
2013,[]
2013,[]
2013,[]
2014,[]
2014,[]
2014,[]
2014,[]
2014,[sister]
2014,[disabled]
2014,[]
2014,[]
2014,[]
2014,[spirited, free]
2014,[]
2015,[]
2015,[]
2015,[]
2015,[]
2015,[twin]
2015,[]
2015,[]
2015,[]
2015,[]
2015,[undercover]
2015,[]
2015,[]
2015,[young]
2015,[local]
2015,[]
2015,[]
2015,[beautiful, Scared]
2015,[]
2015,[]
2015,[assistant]
2015,[]
2015,[beautiful]
2015,[]
2015,[]
2015,[]
2015,[]
2015,[]
2015,[young]
2015,[]
2015,[]
2015,[]
2015,[]
2015,[young, haughty]
2015,[]
2015,[]
2015,[]
2015,[]
2015,[]
2015,[dead]
2015,[]
2015,[beautiful]
2015,[attractive, married]
2015,[]
2015,[]
2015,[young, plain]
2015,[]
2015,[]
2015,[]
2015,[late]
2015,[young]
2015,[]
2015,[]
2015,[]
2015,[young, fiery]
2015,[blind]
2015,[traditional]
2015,[]
2015,[]
2015,[]
2015,[]
2015,[poor, pregnant]
2015,[]
2015,[Kenyan]
2015,[]
2015,[fake]
2015,[]
2015,[]
2015,[traditional, homely]
2015,[]
2015,[]
2015,[]
2015,[]
2015,[]
2015,[new]
2015,[shocked]
2015,[]
2015,[]
2015,[]
2015,[]
2015,[single]
2015,[]
2015,[]
2015,[]
2015,[]
2015,[]
2015,[]
2015,[]
2015,[]
2015,[injured]
2015,[rebellious]
2015,[]
2015,[]
2015,[pregnant]
2015,[old]
2015,[]
2015,[concerned]
2015,[]
2015,[]
2015,[]
2015,[adopted]
2015,[]
2015,[]
2015,[]
2015,[]
2015,[]
2015,[]
2015,[]
2015,[sister]
2015,[]
2015,[]
2015,[]
2015,[]
2015,[]
2015,[]
2015,[escort]
2015,[]
2015,[]
2015,[]
2015,[]
2015,[fat]
2015,[]
2015,[single]
2015,[]
2015,[]
2015,[]
2015,[]
2015,[]
2015,[young]
2015,[]
2015,[]
2015,[]
2015,[]
2015,[]
2015,[]
2015,[]
2015,[]
2015,[]
2015,[]
2015,[brothel]
2015,[]
2015,[]
2015,[]
2015,[rich]
2015,[]
2015,[new]
2015,[]
2015,[]
2015,[pregnant]
2015,[]
2015,[]
2015,[]
2015,[]
2015,[]
2015,[]
2015,[]
2015,[]
2015,[]
2015,[]
2015,[]
2015,[]
2015,[]
2015,[]
2015,[]
2015,[]
2015,[]
2015,[]
2015,[pregnant]
2014,[wrong]
2014,[eloped]
2014,[reclusive]
2014,[talkative, feisty, young]
2014,[]
2014,[]
2014,[]
2014,[]
2014,[]
2014,[wrong]
2014,[]
2014,[]
2014,[]
2014,[]
2014,[pregnant]
2014,[]
2014,[]
2014,[]
2014,[working]
2014,[]
2014,[]
2014,[]
2014,[]
2014,[fiance]
2014,[young, Pakistani, sheltered, liberal]
2014,[]
2014,[]
2014,[Indian]
2014,[]
2014,[]
2014,[insane]
2014,[real]
2014,[lead]
2014,[]
2014,[]
2014,[married]
2014,[]
2014,[]
2014,[]
2014,[]
2014,[]
2014,[]
2014,[]
2014,[]
2014,[]
2014,[]
2014,[]
2014,[]
2014,[new]
2014,[]
2014,[]
2014,[]
2014,[]
2014,[]
2014,[upset]
2014,[]
2014,[]
2014,[little]
2014,[]
2014,[young]
2014,[quietly]
2014,[]
2014,[]
2014,[]
2014,[]
2014,[]
2014,[]
2014,[desperate, triplicate, true, real]
2014,[]
2014,[]
2014,[]
2014,[]
2014,[perfect]
2014,[little]
2014,[]
2014,[young]
2014,[]
2014,[]
2014,[]
2014,[]
2014,[]
2014,[]
2014,[teenage]
2014,[]
2014,[]
2014,[]
2014,[]
2014,[]
2014,[]
2014,[]
2014,[]
2014,[]
2014,[]
2014,[]
2014,[]
2014,[]
2013,[]
2013,[]
2013,[]
2013,[]
2013,[poor]
2013,[]
2013,[]
2013,[]
2013,[]
2013,[]
2013,[]
2013,[conservative]
2013,[]
2013,[]
2013,[]
2013,[young]
2013,[widowed]
2013,[]
2013,[]
2013,[]
2013,[widowed]
2013,[]
2013,[]
2013,[]
2013,[]
2013,[]
2013,[]
2013,[]
2013,[]
2013,[]
2013,[]
2013,[]
2013,[]
2013,[]
2013,[]
2013,[young, good]
2013,[]
2013,[]
2013,[]
2013,[dead, little]
2013,[critical, unknown]
2013,[]
2013,[irresistible]
2013,[undisguised, rejuvenated]
2013,[]
2013,[innocent]
2013,[]
2013,[]
2013,[pregnant]
2013,[]
2013,[]
2013,[]
2013,[]
2013,[]
2013,[]
2013,[]
2013,[]
2013,[]
2013,[Muslim]
2013,[]
2013,[]
2013,[]
2013,[]
2013,[]
2013,[sick, ailing]
2013,[]
2013,[carefree]
2013,[]
2013,[]
2013,[]
2013,[right]
2013,[]
2013,[]
2013,[traditional, simple]
2013,[]
2013,[]
2013,[]
2013,[]
2013,[]
2013,[]
2013,[reluctant]
2013,[]
2013,[]
2013,[]
2013,[little]
2013,[]
2013,[]
2013,[]
2013,[independent]
2013,[]
2013,[]
2013,[]
2013,[fake]
2013,[social]
2013,[]
2013,[]
2013,[young]
2013,[dejected]
2013,[]
2013,[]
2012,[]
2012,[]
2012,[]
2012,[]
2012,[]
2012,[]
2012,[]
2012,[]
2012,[]
2012,[widowed]
2012,[]
2012,[]
2012,[]
2012,[]
2012,[]
2012,[beloved]
2012,[]
2012,[]
2012,[young, Muslim]
2012,[]
2012,[]
2012,[]
2012,[widowed]
2012,[]
2012,[]
2012,[]
2012,[little]
2012,[]
2012,[]
2012,[]
2012,[]
2012,[]
2012,[]
2012,[]
2012,[confident]
2012,[young]
2012,[]
2012,[popular]
2012,[]
2012,[]
2012,[]
2012,[]
2012,[]
2012,[]
2012,[]
2012,[]
2012,[]
2012,[]
2012,[traditional, shy, Ideal, Indian, decent]
2012,[]
2012,[]
2012,[spirited, free]
2012,[]
2012,[dead]
2012,[]
2012,[female]
2012,[]
2012,[]
2012,[]
2012,[]
2012,[]
2012,[]
2012,[]
2012,[]
2012,[overbearing]
2012,[]
2012,[]
2012,[housemaid]
2012,[]
2012,[]
2012,[cherubic]
2012,[small]
2012,[]
2012,[]
2012,[]
2012,[]
2012,[]
2012,[]
2012,[veteran, renowned]
2012,[]
2012,[]
2012,[]
2012,[]
2012,[eccentric]
2012,[]
2012,[]
2012,[]
2012,[]
2012,[]
2012,[]
2012,[popular]
2012,[happy]
2012,[]
2012,[]
2012,[secret]
2012,[]
2012,[]
2012,[]
2012,[]
2012,[]
2012,[]
2012,[]
2012,[]
2012,[]
2012,[]
2012,[]
2012,[beautiful, young]
2012,[]
2012,[]
2011,[late]
2011,[]
2011,[]
2011,[fraternal, twin]
2011,[assistant, personal]
2011,[]
2011,[]
2011,[biological]
2011,[]
2011,[sceptical, sudden]
2011,[]
2011,[]
2011,[]
2011,[]
2011,[]
2011,[]
2011,[]
2011,[]
2011,[]
2011,[]
2011,[]
2011,[]
2011,[]
2011,[single]
2011,[]
2011,[Chinese]
2011,[white, unknown]
2011,[]
2011,[]
2011,[nanny]
2011,[]
2011,[]
2011,[]
2011,[]
2011,[]
2011,[]
2011,[]
2011,[]
2011,[]
2011,[]
2011,[]
2011,[late]
2011,[young]
2011,[]
2011,[]
2011,[handicapped]
2011,[]
2011,[]
2011,[]
2011,[]
2011,[]
2011,[]
2011,[]
2011,[]
2011,[old]
2011,[]
2011,[]
2011,[]
2011,[]
2011,[]
2011,[]
2011,[]
2011,[]
2011,[late]
2011,[]
2011,[]
2011,[]
2011,[]
2011,[]
2011,[]
2011,[]
2011,[]
2011,[]
2011,[]
2011,[]
2011,[]
2011,[]
2011,[]
2011,[]
2011,[]
2011,[]
2011,[betrayal]
2011,[mysterious]
2011,[British]
2011,[]
2011,[]
2011,[]
2011,[]
2011,[little]
2011,[]
2011,[]
2011,[]
2011,[]
2011,[]
2011,[]
2011,[]
2011,[usual]
2011,[]
2011,[]
2011,[unwilling]
2011,[]
2011,[]
2011,[]
2011,[]
2011,[]
2011,[real]
2011,[]
2011,[actual, true]
2011,[]
2011,[]
2011,[younger]
2011,[new]
2011,[moll]
2011,[]
2011,[]
2011,[]
2011,[]
2011,[beautiful]
2011,[]
2011,[]
2011,[]
2011,[]
2011,[aspiring]
2011,[]
2011,[]
2011,[]
2011,[]
2011,[]
2011,[]
2011,[]
2011,[]
2011,[]
2011,[]
2011,[]
2010,[]
2010,[little]
2010,[real]
2010,[]
2010,[]
2010,[]
2010,[]
2010,[real, second]
2010,[second]
2010,[]
2010,[]
2010,[]
2010,[]
2010,[]
2010,[]
2010,[]
2010,[]
2010,[modest]
2010,[]
2010,[]
2010,[]
2010,[]
2010,[]
2010,[]
2010,[]
2010,[]
2010,[]
2010,[poor]
2010,[beautiful]
2010,[rich]
2010,[Mexican]
2010,[]
2010,[]
2010,[]
2010,[]
2010,[]
2010,[]
2010,[]
2010,[]
2010,[]
2010,[]
2010,[assistant]
2010,[]
2010,[]
2010,[]
2010,[]
2010,[young, upper, rich]
2010,[small]
2010,[]
2010,[]
2010,[dead, twin]
2010,[]
2010,[]
2010,[]
2010,[archetypical]
2010,[]
2010,[]
2010,[]
2010,[]
2010,[]
2010,[impoverished]
2010,[]
2010,[]
2010,[]
2010,[teenage]
2010,[]
2010,[]
2010,[perfect]
2010,[]
2010,[]
2010,[]
2010,[rich]
2010,[]
2010,[]
2010,[]
2010,[curious]
2010,[]
2010,[idiotic]
2010,[sensible]
2010,[]
2010,[teenage]
2010,[beautiful]
2010,[Pakistani]
2010,[]
2010,[]
2010,[]
2010,[elderly]
2010,[]
2010,[]
2010,[]
2010,[]
2010,[]
2010,[]
2010,[]
2010,[young]
2010,[]
2010,[]
2010,[]
2010,[]
2010,[]
2010,[]
2010,[]
2010,[]
2010,[]
2010,[]
2010,[intelligent]
2010,[]
2010,[]
2010,[]
2010,[]
2010,[]
2010,[]
2010,[young]
2010,[]
2010,[]
2010,[]
2010,[]
2010,[]
2010,[]
2010,[]
2010,[]
2010,[]
2010,[religious]
2009,[]
2009,[]
2009,[]
2009,[]
2009,[]
2009,[]
2009,[international]
2009,[]
2009,[]
2009,[]
2009,[]
2009,[]
2009,[]
2009,[]
2009,[]
2009,[]
2009,[]
2009,[blonde]
2009,[]
2009,[]
2009,[]
2009,[]
2009,[]
2009,[]
2009,[]
2009,[pampered]
2009,[]
2009,[good]
2009,[]
2009,[]
2009,[]
2009,[]
2009,[]
2009,[]
2009,[]
2009,[nagging]
2009,[beautiful]
2009,[]
2009,[]
2009,[]
2009,[fellow]
2009,[]
2009,[]
2009,[]
2009,[arrogant, young]
2009,[]
2009,[]
2009,[]
2009,[]
2009,[]
2009,[]
2009,[sick]
2009,[]
2009,[]
2009,[]
2009,[]
2009,[]
2009,[]
2009,[]
2009,[]
2009,[]
2009,[orphan]
2009,[]
2009,[]
2009,[]
2009,[]
2009,[]
2009,[widowed]
2009,[]
2009,[]
2009,[]
2009,[]
2009,[]
2009,[]
2009,[]
2009,[]
2009,[]
2009,[]
2009,[young, sexy]
2009,[]
2009,[elder, pregnant]
2009,[]
1986,[]
1986,[real]
1986,[]
1986,[]
1986,[]
1986,[]
1986,[beautiful, young]
1986,[]
1986,[young]
1986,[]
1986,[]
1986,[]
1986,[]
1986,[]
1986,[]
1986,[]
1986,[]
1986,[poor]
1986,[feisty]
1986,[young]
1986,[]
1986,[pregnant]
1986,[old]
1986,[]
1986,[]
1986,[wealthy]
1986,[]
1986,[wealthy]
1986,[]
1970,[]
1986,[]
1986,[wealthy]
1986,[]
1986,[]
1986,[]
1986,[]
1986,[]
1986,[]
1970,[famous]
1970,[]
1970,[]
1970,[]
1986,[]
1986,[]
1986,[]
1986,[]
1986,[]
1986,[]
1986,[]
1986,[beautiful, young]
1986,[]
1986,[]
1986,[]
1970,[]
1970,[]
1970,[]
1971,[]
1986,[new]
1986,[dead]
1986,[]
1986,[]
1986,[]
1986,[]
1986,[]
1986,[good]
1986,[]
1986,[]
1986,[]
1986,[]
1986,[young]
1986,[]
1986,[]
1986,[]
1971,[]
1971,[patriotic, deceased]
1972,[]
1972,[poor]
1972,[]
1972,[]
1971,[]
1972,[]
1972,[]
1972,[]
1972,[]
1972,[]
1972,[sad]
1972,[]
1971,[]
1972,[]
1972,[]
1972,[blind]
1972,[]
1972,[]
1972,[]
1972,[]
1972,[]
1972,[]
1972,[wealthy]
1972,[widowed]
1972,[maidservant]
1972,[unmarried]
1972,[]
1972,[]
1972,[]
1972,[]
1972,[]
1972,[]
1972,[]
1972,[]
1972,[similar]
1972,[]
1972,[]
1972,[]
1972,[]
1972,[future]
1972,[]
1972,[sister]
1972,[]
1972,[]
1972,[]
1972,[real]
1972,[little]
1972,[]
1972,[]
1972,[dead]
1972,[]
1972,[]
1972,[]
1972,[]
1972,[beloved]
1972,[]
1973,[]
1973,[]
1973,[]
1973,[sweet]
1972,[real]
1972,[identical, twin]
1972,[feisty]
1972,[surrogate]
1972,[]
1972,[]
1973,[]
1973,[]
1972,[]
1972,[]
1973,[challenged]
1973,[]
1973,[poor]
1972,[beautiful]
1972,[]
1972,[]
1972,[]
1972,[poor]
1994,[]
1994,[widowed]
1994,[]
1994,[]
1994,[]
1994,[]
1994,[rich]
1994,[]
1994,[unmarried]
1994,[]
1973,[Indian]
1994,[beautiful, young]
1994,[]
1994,[]
1994,[]
1994,[]
1994,[wealthy]
1994,[illiterate, orphan]
1994,[]
1994,[]
1994,[real]
1994,[]
1994,[real]
1994,[]
1994,[]
1994,[]
1994,[traumatised]
1994,[beautiful]
1973,[widowed]
1973,[]
1994,[honest]
1973,[]
1973,[]
1994,[]
1994,[]
1994,[]
1994,[]
1994,[]
1994,[]
1994,[]
1994,[]
1994,[]
1994,[]
1994,[]
1994,[]
1994,[lonely]
1994,[guilty, ambitious]
1994,[widowed]
1994,[]
1994,[]
1994,[]
1994,[young]
1994,[]
1994,[Kishans]
1994,[spoiled]
1994,[]
1994,[attractive, young]
1994,[]
1994,[]
1994,[]
1994,[]
1994,[young]
1994,[]
1994,[]
1994,[]
1994,[]
1994,[simple]
1994,[]
1994,[]
1994,[]
1994,[]
1994,[]
1995,[]
1995,[]
1995,[]
1995,[]
1974,[]
1995,[]
1974,[]
1974,[]
1974,[disheartened]
1974,[female]
1995,[captive]
1995,[]
1995,[]
1995,[]
1995,[]
1995,[]
1995,[]
1995,[]
1995,[]
1995,[]
1995,[pretty]
1974,[]
1974,[]
1995,[]
1995,[]
1995,[]
1995,[actual, real]
1995,[]
1995,[]
1995,[]
1995,[]
1995,[biological]
1995,[young]
1995,[]
1995,[]
1995,[]
1995,[]
1995,[effervescent]
1974,[poor]
1974,[]
1974,[rich]
1974,[]
1995,[]
1995,[]
1995,[beautiful]
1995,[]
1995,[]
1995,[]
1995,[]
1995,[Suraj]
1995,[innocent]
1995,[]
1995,[]
1995,[]
1995,[]
1995,[graceful]
1995,[]
1975,[aware]
1975,[]
1975,[]
1975,[]
1975,[]
1975,[beautiful]
1975,[]
1975,[assistant, dead]
2012,[]
2012,[young, local]
2012,[]
2012,[anxious]
2012,[]
2012,[young]
2012,[]
2012,[]
2012,[]
2012,[beautiful, Russian]
2012,[]
2012,[]
2012,[]
1976,[wealthy, poor]
2012,[alcoholic]
2012,[]
2012,[]
2012,[]
1976,[successful]
1976,[]
1976,[sister]
1976,[]
1976,[]
1976,[]
1976,[nautch]
1976,[religious, nautch, lone, good]
1976,[]
1976,[real]
1976,[]
1976,[]
1976,[]
1976,[fellow]
1976,[reunited]
1977,[adopted]
2011,[]
2011,[meekest]
2011,[]
1977,[]
2011,[]
2011,[]
2011,[]
2011,[]
2011,[independent]
2011,[]
1977,[]
2010,[innocent, little]
2010,[treasured]
2010,[clever]
2010,[sister]
2010,[]
2010,[]
2010,[]
2010,[]
2010,[]
2010,[]
1978,[]
2010,[invisible]
2010,[]
2010,[]
2010,[]
2010,[sister]
2010,[young]
2010,[]
2010,[]
2010,[white]
2010,[]
2010,[]
2010,[]
2010,[]
1979,[rich]
1979,[]
1979,[]
2009,[]
2009,[]
2009,[young]
2009,[]
2009,[beleaguered]
2009,[]
2009,[poor]
2009,[]
2009,[]
2009,[Muslim]
2009,[]
2009,[]
2009,[]
2009,[]
2009,[]
2009,[]
2009,[]
2009,[]
2009,[free]
2009,[]
2014,[]
2014,[loud]
2014,[]
1979,[angry]
1979,[]
1979,[]
1979,[]
2014,[]
2014,[brothel]
2014,[young]
2014,[]
2014,[]
2014,[]
2014,[existing]
1980,[Indian]
1980,[]
1980,[]
2014,[]
2014,[]
2014,[]
2014,[]
2014,[]
2014,[]
2014,[]
2014,[]
2014,[]
2014,[]
2014,[]
2014,[]
2014,[]
1980,[]
2014,[]
2014,[]
2014,[]
2014,[elusive]
2014,[]
2014,[]
2014,[]
2014,[ghetto]
2014,[]
2014,[]
2014,[]
2014,[disguised]
2014,[]
2014,[modern]
2014,[]
2014,[proud]
2014,[]
2014,[]
2014,[American, Indian]
1980,[young]
1980,[]
1980,[bereaved]
2014,[young, Chinese]
2014,[]
2014,[]
2014,[]
2014,[]
2014,[]
2014,[]
2014,[]
2014,[]
2014,[Moses]
2014,[]
2014,[]
2014,[]
2014,[sister]
2014,[]
2014,[]
2014,[]
2014,[]
2014,[typical]
2014,[]
2014,[]
2014,[]
2014,[]
2014,[]
2014,[]
2014,[delinquent]
2014,[]
2014,[]
1981,[]
1981,[kept]
1981,[]
1981,[]
1981,[]
1981,[]
1981,[]
1981,[]
1981,[]
1981,[young]
1981,[]
2013,[criminal]
2013,[]
2013,[]
2013,[]
1981,[]
1981,[]
1981,[]
2013,[]
2013,[]
2013,[modern, ambitious]
2013,[]
2013,[]
2013,[]
2013,[]
2013,[young, real]
2013,[]
2013,[]
1981,[real]
1981,[beautiful, young]
1981,[]
1981,[]
2013,[]
1982,[]
1982,[]
1982,[]
2013,[]
2013,[]
2013,[]
1982,[]
1982,[orphan]
1982,[]
1982,[]
1982,[]
2013,[pretty]
2013,[key]
2013,[ghostly]
2013,[]
2013,[]
2013,[possessed]
1982,[]
2013,[]
2013,[]
2013,[]
2013,[fiancee]
2013,[]
2013,[]
2013,[]
2013,[]
2013,[]
2013,[Nautch, Muslim]
2013,[]
2013,[]
2013,[]
2013,[]
2013,[angry]
2013,[]
2013,[]
2013,[]
2013,[wailing]
2013,[]
2013,[]
1982,[]
1982,[]
1982,[beautiful]
1982,[]
1982,[]
1982,[]
1983,[]
1983,[beautiful, married]
1983,[]
1983,[]
1983,[]
1983,[]
1983,[]
1983,[innocent]
1983,[]
1983,[pregnant]
1983,[adopted]
1983,[new]
1983,[]
1983,[]
1983,[]
1983,[brothel]
1983,[]
1983,[ill]
1983,[]
1984,[]
1984,[]
1984,[]
1984,[]
1984,[beautiful]
1984,[]
1984,[]
1984,[]
1984,[widowed]
1984,[small, good]
1984,[]
1984,[]
1984,[]
1985,[]
1985,[happy, marries]
1985,[]
1985,[]
1985,[]
1985,[]
1985,[]
1985,[]
1985,[imbalanced]
1985,[]
1985,[]
1985,[rich]
1985,[]
1985,[]
1985,[sister]
1985,[]
1985,[]
1985,[]
1985,[]
1985,[beautiful]
1985,[]
2017,[insulted]
2017,[]
2017,[]
2017,[]
2017,[]
2017,[]
2017,[]
2017,[]
2017,[]
2017,[]
2017,[]
2017,[]
2017,[]
1987,[]
1987,[]
1987,[missing]
2017,[]
2017,[young, bright]
2017,[entire, painful]
2017,[]
2017,[close]
2017,[]
2017,[]
2017,[]
2017,[]
2017,[]
2017,[dead]
2017,[]
2017,[]
1987,[]
1987,[]
1987,[]
1987,[]
1987,[]
1987,[]
2017,[]
2017,[]
2017,[]
2017,[new]
2017,[]
2017,[]
2017,[elderly]
2017,[]
2017,[]
2017,[]
2017,[single]
2017,[]
2017,[]
2017,[lucky, Gujarati]
2017,[lonely]
2017,[]
2017,[]
1987,[]
2017,[contemporary, young]
2017,[young]
1987,[]
1987,[]
1987,[]
1987,[]
1987,[]
1987,[second]
1988,[]
1988,[beautiful, unattractive, different]
1988,[]
1988,[]
1988,[rich]
1988,[]
1988,[]
1988,[]
1988,[]
1988,[pretty]
1988,[loose]
1988,[]
1988,[]
1988,[]
1988,[wealthy]
1988,[]
1988,[]
1988,[lone, pregnant]
1989,[]
1989,[]
1989,[]
1989,[]
1989,[rich]
1989,[]
1990,[]
1990,[young]
1990,[]
1990,[]
1990,[]
1990,[]
1991,[]
1991,[uneducated]
1991,[sunshine.while]
1991,[Unknown]
1991,[]
1991,[]
1991,[]
1991,[]
1991,[unaware]
1992,[]
1992,[real]
1992,[]
1992,[]
1992,[]
1992,[]
1992,[]
1992,[schoolmate]
1992,[poor]
1992,[]
1992,[]
1992,[]
1992,[]
1992,[]
1992,[]
1992,[]
1992,[]
1992,[]
1992,[young]
1992,[]
1992,[]
1992,[]
1992,[ancient]
1992,[]
1992,[]
1993,[Determined]
1993,[]
1993,[]
1993,[]
1993,[widowed]
1993,[fellow]
1993,[]
1993,[]
1993,[]
1993,[beautiful]
1993,[]
1993,[victimised]
1993,[]
1993,[]
1993,[]
1993,[Naive]
1993,[]
1993,[]
1993,[random, new]
1993,[furious]
1993,[]
1993,[]
1993,[]
1993,[]
1993,[]
1993,[beautiful]
1993,[]
1993,[]
1993,[]
1993,[]
1993,[]
1996,[nerd.Ms]
1996,[]
1996,[]
2016,[]
2016,[late]
2016,[principal, ambitious]
2016,[recovered]
2016,[]
2016,[]
2016,[beautiful, Indian]
2016,[]
1996,[]
1996,[spoiled]
1996,[]
2016,[]
2016,[]
2016,[]
2016,[demotivated]
2016,[]
2016,[]
2016,[]
2016,[]
2016,[]
2016,[]
2016,[]
2016,[]
2016,[]
2016,[adopted]
2016,[tall]
2016,[]
2016,[]
2016,[]
2016,[]
2016,[]
1996,[]
2016,[modern]
2016,[teenage]
2016,[]
1996,[]
2016,[]
2016,[]
2016,[]
2016,[little]
2016,[]
2016,[]
2016,[motivated]
2016,[]
2016,[]
2016,[]
2016,[]
2016,[edgy]
2016,[]
1996,[beautiful]
2016,[]
2016,[]
2016,[]
2016,[]
2016,[single]
2016,[fellow]
2016,[martial]
2016,[]
1996,[]
2016,[]
2016,[]
2016,[beautiful]
2016,[mysterious]
2016,[]
2016,[]
2016,[helpless]
2016,[]
2016,[]
2016,[]
2016,[]
2016,[]
2016,[]
2016,[]
2016,[]
2016,[sister]
2016,[]
2016,[comatose]
2016,[]
2016,[]
2016,[]
2016,[]
2016,[]
2016,[]
2016,[blind]
2016,[]
2016,[]
2016,[]
2016,[]
2016,[]
2016,[]
2016,[]
2016,[]
2016,[poor]
2016,[]
2016,[]
1996,[unwed]
1996,[]
1996,[beautiful, tearful, young]
2016,[Muslim]
2016,[]
2016,[]
2016,[]
2016,[attractive]
2016,[]
2016,[]
2016,[]
2016,[local]
2016,[]
2016,[]
2016,[]
2016,[]
2016,[]
2016,[]
2016,[fiancee]
2016,[]
2016,[]
2016,[]
2016,[]
2016,[]
2016,[]
2016,[]
2016,[hard]
2016,[]
2016,[]
2016,[little, wrong]
2016,[young, brave]
2016,[main]
2016,[]
2016,[]
2016,[]
2016,[]
2016,[]
1996,[]
2016,[]
2016,[]
2016,[]
2016,[working, fourth]
2016,[old]
2016,[]
2016,[]
2016,[]
2016,[]
2016,[]
1997,[cabaret]
2016,[]
2016,[]
2016,[Muslim]
2016,[]
2016,[]
1997,[]
1997,[]
1997,[foreign]
1997,[]
1997,[lively]
2016,[]
2016,[]
2016,[]
2016,[mute]
2016,[]
2016,[]
2016,[]
2016,[]
2016,[]
2016,[]
2016,[]
2016,[]
2016,[]
2016,[]
2016,[teenage, adopted]
2016,[]
2016,[]
2016,[]
2016,[French]
2016,[]
2016,[young]
2016,[]
2016,[]
2016,[]
2016,[]
2016,[]
1997,[]
1997,[]
1997,[]
1997,[]
1997,[injured]
1997,[]
1997,[beautiful]
1997,[old]
1997,[greedy]
1997,[]
1997,[]
1997,[young, vivacious]
1997,[]
1997,[unmarried]
1997,[]
1997,[]
1997,[]
1997,[young]
1997,[]
1997,[]
1997,[]
1998,[beautiful]
1998,[young]
1998,[]
1998,[]
1998,[]
1998,[]
1998,[]
1998,[]
1998,[]
1998,[]
1998,[]
1998,[]
1998,[]
1998,[]
1998,[pregnant]
1998,[]
1998,[]
1998,[]
1998,[beautiful, modern, innocent, kiddish, motherless, playful]
1998,[sister]
1998,[sensible]
1998,[]
1998,[]
1998,[young]
1998,[]
1998,[]
1999,[]
1999,[]
1999,[ensuing]
1999,[]
1999,[challenged]
1999,[]
1999,[]
1999,[]
1999,[]
1999,[simple]
1999,[]
1999,[]
1999,[]
1999,[]
1999,[]
1999,[]
1999,[hungry]
1999,[]
1999,[]
1999,[]
1999,[kidnapped]
1999,[]
1999,[]
1999,[]
1999,[rich]
1999,[rich]
1999,[designate]
1999,[]
1999,[beautiful]
1999,[]
1999,[]
2000,[]
2000,[]
2000,[]
2000,[]
2000,[young]
2000,[]
2000,[]
2000,[]
2000,[young]
2000,[]
2000,[]
2000,[]
2000,[]
2000,[]
2000,[]
2000,[]
2000,[]
2015,[innocent, Pakistani]
2015,[beloved]
2001,[]
2001,[]
2001,[]
2001,[ordinary]
2001,[]
2001,[]
2001,[]
2001,[troubled]
2001,[young, rural]
2001,[]
2015,[]
2015,[bindaas]
2015,[]
2015,[]
2015,[]
2015,[]
2015,[clad]
2001,[]
2001,[]
2001,[]
2001,[]
2001,[]
2015,[]
2015,[]
2015,[]
2015,[]
2015,[]
2015,[]
2001,[]
2001,[young]
2001,[]
2001,[]
2001,[]
2001,[]
2015,[]
2015,[]
2015,[]
2001,[]
2001,[]
2001,[]
2001,[real]
2001,[]
2001,[]
2001,[second]
2001,[]
2001,[]
2001,[]
2001,[Maharashtrian]
2001,[]
2001,[real]
2001,[]
2001,[real]
2001,[horrible]
2001,[]
2001,[]
2002,[]
2002,[]
2002,[]
2002,[]
2002,[]
2002,[Popular]
2002,[]
2002,[]
2002,[scheming]
2002,[]
2002,[]
2002,[]
2002,[surrogate]
2002,[]
2002,[]
2002,[Tough]
2002,[illegitimate]
2002,[]
2002,[]
2002,[]
2002,[]
2002,[]
2002,[]
2002,[]
2002,[]
2002,[]
2002,[]
2002,[]
2002,[widowed]
2002,[]
2002,[]
2002,[]
2002,[]
2002,[]
2002,[]
2002,[manservant]
2002,[dead, local]
2002,[]
2002,[]
2002,[evil]
2002,[beautiful]
2002,[]
2002,[provocative]
2002,[]
2002,[]
2002,[]
2002,[]
2002,[beloved]
2003,[]
2003,[fiancee]
2003,[rich]
2003,[real]
2003,[]
2003,[stylish]
2003,[]
2003,[]
2003,[]
2003,[]
2003,[attractive, interior]
2003,[]
2003,[]
2003,[]
2003,[]
2003,[]
2003,[]
2003,[elder]
2003,[]
2003,[]
2003,[]
2004,[]
2004,[]
2004,[]
2004,[]
2004,[]
2004,[]
2004,[]
2004,[]
2004,[]
2004,[]
2004,[]
2004,[]
2004,[]
2004,[]
2004,[]
2004,[]
2004,[young]
2004,[]
2004,[]
2004,[]
2004,[]
2004,[]
2004,[]
2004,[]
2004,[]
2004,[]
2005,[]
2005,[unstable]
2005,[]
2005,[]
2005,[beautiful]
2005,[Canadian]
2005,[elder]
2005,[]
2005,[]
2005,[]
2005,[challenged]
2005,[]
2005,[reputation.Fatigued]
2005,[]
2005,[]
2005,[]
2005,[real]
2005,[fake, real]
2005,[]
2005,[]
2005,[]
2005,[]
2005,[]
2005,[]
2005,[frantic]
2005,[]
2005,[]
2005,[]
2005,[abusive]
2005,[young]
2005,[]
2005,[young]
2005,[]
2005,[studious, quiet]
2005,[]
2005,[]
2005,[single]
2005,[]
2005,[]
2005,[]
2005,[]
2005,[young]
2005,[]
2005,[]
2005,[opinionated]
2005,[]
2005,[]
2005,[]
2005,[]
2005,[]
2005,[]
2005,[]
2005,[]
2005,[]
2005,[spoilt]
2005,[]
2005,[]
2006,[]
2006,[]
2006,[]
2006,[]
2006,[]
2006,[]
2006,[]
2006,[]
2006,[]
2006,[little]
2006,[young]
2006,[]
2006,[young]
2006,[]
2006,[]
2006,[widowed]
2006,[]
2006,[]
2006,[]
2006,[]
2006,[]
2006,[]
2006,[]
2006,[]
2006,[]
2006,[beloved]
2006,[beautiful, blind]
2006,[beloved]
2006,[widowed]
2006,[adopted]
2006,[mad]
2006,[]
2006,[]
2006,[temperamental]
2006,[]
2006,[]
2006,[local]
2006,[]
2006,[]
2006,[]
2006,[]
2006,[]
2006,[]
2006,[]
2006,[]
2006,[]
2006,[]
2006,[]
2006,[elder]
2006,[]
2006,[]
2006,[]
2006,[twin]
2007,[]
2007,[]
2007,[]
2007,[]
2007,[]
2007,[]
2007,[]
2007,[]
2007,[]
2007,[]
2007,[]
2007,[]
2007,[]
2007,[young, smart]
2007,[]
2007,[]
2007,[]
2007,[flat]
2007,[]
2007,[]
2007,[]
2007,[]
2007,[]
2007,[]
2007,[]
2007,[]
2007,[]
2007,[young]
2007,[sister]
2007,[]
2007,[]
2007,[]
2007,[]
2007,[]
2007,[real]
2007,[]
2007,[beautiful, captivating]
2007,[]
2007,[]
2007,[]
2008,[widowed]
2008,[]
2008,[]
2008,[]
2008,[]
2008,[]
2008,[]
2008,[]
2008,[]
2008,[Indian]
2008,[young]
2008,[]
2008,[]
2008,[]
2008,[]
2008,[]
2008,[]
2008,[]
2008,[]
2008,[]
1971,[]
1971,[long]
1971,[beautiful]
