1970,[convinces],[]
1970,[],[unhappilly]
1970,[lives],[]
1970,[lives],[]
1970,[],[famous]
1970,[],[shy, young]
1970,[offers, proposes, loves],[]
1970,[],[]
1970,[gets],[]
1970,[],[general]
1970,[],[cruel]
1970,[leaves, proposes, survives, appears],[interested]
1970,[],[]
1970,[],[subordinate]
1970,[nets],[]
1970,[],[young]
1970,[],[]
1970,[challenges, loses, wants],[]
1970,[],[wealthy]
1970,[introduces, falls],[]
1970,[asks, gets],[]
1970,[],[]
1970,[lives, heads],[]
1970,[],[]
1970,[realizes, accuses, sends],[]
1970,[puts, gets],[]
1970,[falls],[]
1970,[wants, dies],[]
1970,[],[]
1970,[],[]
1970,[],[handsome, young]
1970,[],[]
1970,[grows, loves, wants, refuses],[]
1970,[brings],[]
1970,[finds, decides],[]
1970,[draws],[]
1970,[ends],[]
1970,[meets, decides],[]
1970,[],[]
1970,[makes, sends],[]
1970,[],[]
1970,[],[]
1970,[],[quiet, peaceful]
1970,[],[young, poor]
1970,[],[]
1970,[confronts, pacifies],[]
1970,[sings],[]
1970,[meets, asks],[]
1970,[],[]
1970,[tells, meets, sees, exposes, decides, comes, threatens, proves],[]
1970,[leaves],[]
1970,[introduces, resists],[]
1970,[],[]
1970,[consults],[wealthy]
1970,[informs],[]
1971,[meets, brings, slips, goes, stops],[]
1971,[records, comes, sends],[]
1971,[kidnaps],[]
1971,[],[]
1971,[works, learns, asks, discovers],[]
1971,[],[]
1971,[gets],[]
1971,[grows, searches, meets, suffers, comes, takes],[]
1971,[moves],[widowed]
1971,[comes],[]
1971,[tells, introduces, helps, soothes],[fresh]
1971,[],[]
1971,[],[sympathetic]
1971,[leaves, asks],[]
1971,[tells, tries, confronts, leaves, sees],[]
1971,[],[biological]
1971,[shoots],[]
1971,[lives, loves, wants],[]
1971,[grows, sets],[]
1971,[gets],[]
1971,[takes],[elderly]
1971,[],[]
1971,[],[]
1971,[],[wrong]
1971,[meets, loves],[caravan]
1971,[happens],[]
1971,[slips],[]
1971,[loves, thinks, gets],[]
1971,[gets],[]
1971,[rebukes],[blind]
1971,[spoils, extracts],[]
1971,[grows, stays, spoils, comes, frightens],[old, little]
1971,[bears],[]
1971,[dies],[]
1971,[brings, hears],[married, dacoit]
1971,[stages, acknowledges, attempts],[horrified]
1971,[smiles],[]
1971,[],[crippled]
1971,[earns],[]
1971,[],[honourable]
1971,[],[]
1971,[lives],[]
1971,[],[]
1971,[kills],[assistant, local]
1971,[visits, buys, follows, rushes, returns, runs],[]
1971,[],[]
1971,[],[villainous]
1971,[decides],[]
1971,[tells, chooses],[]
1971,[makes],[]
1971,[tries],[local]
1971,[overhears],[]
1971,[observes, tells, tries, decides, lands],[]
1971,[tells],[]
1971,[],[]
1971,[tells, sees, asks],[]
1971,[],[]
1971,[returns],[]
1971,[],[]
1971,[leaves],[]
1971,[],[]
1971,[],[]
1971,[leads],[]
1971,[],[abstemious]
1971,[],[]
1971,[],[funny, uneducated]
1971,[works, comes, emerges, wishes, happens],[]
1971,[],[comic]
1971,[],[]
1971,[appoints],[]
1971,[arranges],[young]
1971,[],[]
1971,[realises, finds, plans, promises, plots],[]
1971,[],[]
1971,[tries, meets, asks],[]
1971,[considers, feels, asks, comes, deicdes],[]
1971,[],[]
1971,[dies],[]
1971,[disapproves, gets, gives],[]
1971,[takes, sends, attempts],[]
1971,[survives, dies, gives],[]
1971,[decides],[]
1971,[finds, indicates],[]
1971,[],[]
1971,[stops],[]
1971,[wins, frees],[]
1971,[fires, finds, leaves, causes, transforms, establishes],[]
1971,[],[]
1971,[],[]
1971,[attains],[]
1971,[gives],[proud]
1973,[],[]
1973,[],[]
1973,[],[]
1973,[],[]
1973,[],[]
1973,[assumes, does],[]
1973,[],[young]
1973,[comes],[]
1973,[],[late]
1973,[needs],[]
1973,[decides],[]
1973,[],[]
1973,[feels],[]
1973,[refuses],[]
1973,[],[]
1973,[],[]
1973,[drops, shows],[]
1973,[arrives],[]
1973,[tries],[]
1973,[falls],[young]
1973,[shields],[real, long]
1973,[],[]
1973,[tells, sticks, meets, hands, asks, decides, reveals],[]
1973,[calls, denies],[innocent]
1973,[],[cruel, dead]
1973,[],[biological]
1973,[],[frantic]
1973,[],[]
1973,[lives],[]
1973,[woos, promises],[]
1973,[begins, encourages, decides, resists, prohibits],[]
1973,[returns, promises],[]
1973,[breaks, decides],[]
1973,[joins, finds, resists, respects],[]
1973,[joins, ends],[]
1973,[opposes, undergoes, prohibits],[]
1973,[tells, assists, decides],[]
1973,[phones],[]
1973,[],[]
1973,[asks],[]
1973,[comes],[]
1973,[],[]
1973,[],[]
1973,[],[young]
1973,[leaves, asks],[]
1973,[],[distant]
1973,[],[]
1973,[],[young]
1973,[],[]
1973,[],[]
1973,[tries],[]
1973,[infiltrates],[]
1973,[meets, approaches],[]
1973,[prepares],[seasonal]
1973,[],[]
1973,[],[]
1973,[],[]
1973,[],[wealthy, honest, rich]
1973,[witness, finds],[]
1973,[stays, finds, manages, takes],[]
1973,[],[]
1973,[calls, helps, closes],[]
1973,[],[]
1973,[identifies, appears],[local]
1973,[phones, takes],[]
1974,[finds],[]
1974,[starts, gives],[]
1974,[],[]
1974,[],[gorgeous]
1974,[],[]
1974,[remarries],[]
1974,[],[broken]
1974,[enters],[]
1974,[],[]
1974,[enters],[]
1974,[],[]
1974,[claims],[]
1974,[hires, sees, curses, uses, takes, starts],[]
1974,[],[illegitimate]
1974,[],[]
1974,[fights],[]
1974,[],[]
1974,[kidnaps],[]
1974,[grows],[]
1974,[grows, marries],[]
1974,[does],[]
1974,[],[]
1974,[feels, disapproves],[snobby]
1974,[],[]
1974,[],[]
1974,[enters, comes],[]
1974,[],[]
1974,[],[]
1974,[],[]
1974,[],[]
1974,[],[]
1974,[asks],[]
1974,[],[]
1974,[],[]
1974,[falls],[]
1974,[comes],[]
1974,[],[]
1974,[travels],[]
1974,[],[]
1974,[],[]
1974,[],[]
1974,[relocates, offends],[]
1974,[abandons],[born]
1974,[comes, develops],[]
1974,[],[free]
1974,[],[]
1974,[summons, decides],[homeless]
1974,[],[]
1974,[visits, lives],[]
1974,[comes],[]
1974,[],[]
1974,[],[]
1974,[],[]
1974,[],[wealthy]
1975,[],[]
1975,[saves, ends],[]
1975,[],[]
1975,[],[young, honest]
1975,[falls, reveals],[]
1975,[],[]
1975,[],[]
1975,[],[old]
1975,[grows, enters, decides, loses, shoots],[]
1975,[includes],[]
1975,[],[]
1975,[hunts, finds, takes, loots, gets, abducts],[]
1975,[],[]
1975,[],[]
1975,[learns, marries],[]
1975,[abducts],[]
1975,[meets, wants],[]
1975,[goes],[]
1975,[finds],[]
1975,[],[]
1975,[befriends],[young]
1975,[],[]
1975,[],[dead]
1975,[joins, realizes, reassures],[]
1975,[],[]
1975,[dies],[little]
1975,[rejects, dies],[]
1975,[],[wealthy, old]
1975,[wants, starts],[]
1975,[arranges],[wealthy]
1975,[changes],[new]
1975,[],[]
1975,[],[]
1975,[],[]
1975,[],[]
1975,[arrives, finds, sees, repents],[]
1975,[falls, sends],[]
1975,[grows],[]
1975,[],[]
1975,[remains],[]
1975,[falls],[]
1975,[turns],[]
1975,[helps],[young]
1975,[],[]
1975,[],[]
1975,[refuses],[]
1975,[fights],[]
1975,[],[]
1975,[],[young]
1975,[],[young]
1975,[],[intimate]
1975,[],[]
1975,[],[]
1975,[],[]
1975,[],[]
1975,[meets, leaves, asks],[]
1976,[],[]
1976,[],[]
1976,[returns, sends],[]
1976,[raises],[]
1976,[agrees],[greedy]
1976,[raises],[rich, spoiled]
1976,[raises],[]
1976,[wants],[true]
1976,[owes, retrieves],[]
1976,[tells],[]
1976,[],[rich]
1976,[begins, likes],[poor]
1976,[],[]
1976,[decides],[]
1976,[passes],[young]
1976,[informs],[]
1976,[],[little]
1976,[],[young]
1976,[],[]
1976,[discovers],[]
1976,[],[]
1976,[makes],[ferocious]
1976,[comes],[]
1976,[],[]
1976,[],[corrupt, honest, rich]
1976,[visits, loves],[]
1976,[asks],[furious]
1976,[],[vengeful]
1976,[encounters],[]
1976,[dies],[]
1976,[],[]
1976,[wins, fires, warns, comes, finishes],[]
1976,[],[]
1976,[],[]
1976,[feels],[]
1976,[steals],[]
1976,[],[]
1976,[accepts, goes, loves, studies],[]
1976,[],[]
1976,[],[]
1976,[],[generous]
1976,[],[]
1976,[informs],[]
1977,[],[unmarried, second]
1977,[introduces, moves, completes],[]
1977,[receives],[]
1977,[goes],[]
1977,[],[criminal]
1977,[meets],[young]
1977,[],[]
1977,[wants],[]
1977,[performs],[]
1977,[defies],[]
1977,[meets, believes, accepts, seeks],[]
1977,[],[]
1977,[reappears],[]
1977,[lives],[]
1977,[asks],[enraged]
1977,[leaves, goes, takes, comforts],[]
1977,[],[]
1977,[],[adoptive]
1977,[finds],[]
1977,[],[]
1977,[],[wealthy, biological]
1977,[],[elderly]
1977,[],[]
1977,[],[young]
1977,[changes, wants],[]
1977,[],[escaped]
1977,[grows, fights, helps, gets],[]
1977,[lives, comes],[]
1977,[resents],[unattractive]
1977,[remains],[]
1977,[comes, dreams, runs],[]
1977,[],[successful]
1977,[wins, begins, protests],[]
1977,[],[]
1977,[],[]
1977,[marries],[]
1977,[],[healthy]
1977,[reminds],[]
1977,[],[]
1977,[works, reaches, goes, does, realizes],[]
1977,[gives],[]
1977,[],[]
1977,[],[rich]
1977,[sees, rebukes, keeps],[]
1977,[starts],[]
1977,[uses],[]
1977,[],[]
1977,[],[wealthy]
1977,[],[]
1977,[],[]
1977,[tries],[]
1977,[meets],[crippled]
1977,[],[]
1977,[],[]
1977,[attacks],[]
1977,[],[]
1977,[agrees, misses],[]
1977,[Dwarkadas],[real]
1977,[],[]
1977,[rescues, decides, comes],[]
1977,[Dwarkadas],[rich]
1977,[agrees, meets, asks],[]
1977,[hears],[]
1977,[discloses, tells, goes, decides, learns, survives, wants, lets, takes, informs],[]
1977,[gets],[]
1977,[],[]
1977,[arrives],[]
1977,[asks],[real, dutiful]
1977,[],[old, shepherd]
1977,[returns, turns],[real]
1977,[],[]
1977,[],[]
1977,[wants],[]
1977,[],[poor]
1977,[seeks],[]
1977,[],[young]
1977,[],[]
1977,[grows, falls, rises],[]
1977,[raises],[]
1977,[falls, returns],[]
1977,[decides, refuses],[stubborn, rich]
1977,[marries, gets],[]
1977,[],[wealthy, poor, empathetic]
1977,[],[married]
1977,[takes],[]
1978,[],[]
1978,[],[]
1978,[],[young, eccentric]
1978,[helps, explains],[]
1978,[tries, meets, confronts, drives, befriends, asks],[]
1978,[tells, Marries, saves, befriends, helps],[]
1978,[meets],[]
1978,[],[]
1978,[faces],[obedient]
1978,[],[]
1978,[commits],[]
1978,[wins],[]
1978,[introduces, belongs, does, gets],[]
1978,[meets],[]
1978,[],[]
1978,[finds],[]
1978,[begins, kills, announces, introduces, seduces, makes, remains, outsmarts, dies],[]
1978,[],[]
1978,[],[]
1978,[decides],[]
1978,[],[]
1978,[],[]
1978,[decides, swears, refuses],[]
1978,[],[]
1978,[follows],[]
1978,[],[second]
1978,[feels],[]
1978,[leaves, happens],[]
1978,[],[]
1978,[],[]
1978,[wins, enters],[]
1978,[comes],[]
1978,[],[]
1978,[],[]
1978,[recovers],[]
1978,[],[important]
1978,[rescues],[]
1978,[begins],[orphan]
1978,[],[wealthy]
1978,[spends, realises, finds],[]
1978,[],[]
1978,[permits],[]
1978,[],[Pakistani]
1978,[realises],[]
1978,[],[]
1978,[comes],[]
1978,[brings],[]
1978,[tries],[]
1978,[],[]
1978,[],[]
1979,[],[]
1979,[],[]
1979,[despises],[grown]
1979,[],[young]
1979,[finds, asks, entrusts, wants, inherits],[]
1979,[accepts],[]
1979,[finds, loves, wants],[]
1979,[feels, likes],[]
1979,[introduces],[]
1979,[],[wealthy, young]
1979,[],[]
1979,[],[]
1979,[tries, falls, uses],[]
1979,[walks, tells, declines, tries, visits, agrees, shows, continues, struggles, feeds, takes, hesitates],[]
1979,[],[popular]
1979,[],[]
1979,[learns, includes],[]
1979,[],[]
1979,[holds],[]
1979,[agrees],[]
1979,[],[]
1979,[summons, shaves],[]
1979,[identifies, buys, sees, convinces],[]
1979,[tells, convinces, goes, ends, takes],[]
1979,[],[]
1979,[],[]
1979,[],[young]
1979,[refuses],[]
1979,[consists],[]
1979,[],[]
1979,[finds, leaves, asks, learns, promises, gets],[]
1979,[],[]
1979,[informs],[]
1979,[tells, sets, believes, asks, persuades, hears],[reluctant]
1979,[borrows],[wealthy]
1979,[5000, continues, catches, completes],[]
1979,[shocks],[]
1979,[gets],[]
1979,[],[]
1979,[falls],[excellent]
1979,[],[illegitimate]
1979,[kills],[]
1979,[incites, lives, enters],[]
1979,[gives],[]
1979,[],[Susainathanthe]
1979,[encourages],[]
1979,[],[young]
1979,[],[sinister, criminal]
1979,[creates],[]
1979,[],[beloved]
1979,[lives, starts],[]
1979,[discovers],[]
1979,[agitates, sees, enters, proposes],[]
1979,[],[]
1979,[threatens],[]
1979,[],[]
1979,[comes],[]
1979,[],[]
1979,[],[]
1979,[],[wealthy, prosperous]
1979,[brings],[]
1979,[],[]
1979,[],[]
1980,[],[]
1980,[],[dead]
1980,[],[]
1980,[],[desperate]
1980,[],[]
1980,[sets],[]
1980,[],[]
1980,[exploits],[scheming]
1980,[],[]
1980,[asks],[elderly]
1980,[],[changed]
1980,[],[]
1980,[],[]
1980,[fake],[]
1980,[],[]
1980,[abducts],[]
1980,[],[rich]
1980,[meets],[]
1980,[meets],[]
1980,[catches],[]
1980,[],[]
1980,[wants],[]
1980,[meets],[]
1980,[],[real]
1980,[sees],[young]
1980,[wins, falls, confronts, saves, convinces, marries],[]
1980,[],[dead]
1980,[tries, captures],[]
1980,[],[rich]
1980,[tells, throws, gives],[]
1980,[],[]
1980,[wins],[]
1980,[],[]
1980,[saves, gets],[]
1980,[],[second]
1980,[],[young]
1980,[lives, witnesses],[]
1980,[],[]
1980,[],[]
1980,[agrees, teaches, points],[]
1980,[],[]
1980,[retaliates, runs],[Pakistani]
1980,[tries],[]
1980,[comes],[]
1980,[meets, goons, swears],[]
1980,[believes],[]
1980,[intends],[]
1980,[],[]
1980,[saves],[adoptive]
1980,[finds, returns],[]
1980,[],[]
1980,[],[]
1980,[sets, sees],[]
1980,[],[]
1980,[backfires],[]
1980,[stands, bails, compliments, breaks, survives, refuses, gets],[]
1980,[confesses],[]
1980,[offers],[]
1980,[],[]
1980,[tries, introduces],[mysterious]
1980,[],[]
1980,[kidnaps, tries, sets, reveals, unleashes],[angry]
1980,[],[]
1980,[feels, decides, pulls],[]
1980,[],[]
1980,[],[]
1980,[],[good]
1980,[shares, tries, asks],[]
1980,[puts],[]
1980,[],[rich]
1980,[],[]
1980,[tries, fights, throws],[following]
1980,[tells, sabotages, tries, meets, swears],[]
1980,[leaves, finds, fights, goes, asks, comes, hears],[leading]
1980,[befriends],[]
1980,[tries, leaves, asks, talks, comes, refuses, disagrees],[]
1980,[],[]
1980,[],[]
1980,[sees, asks, informs],[]
1980,[],[second]
1980,[passes],[]
1980,[picks],[]
1980,[flies, assumes, meets, shows, breaks, sees, calls, takes],[]
1980,[],[young, healthy]
1981,[],[]
1981,[meets],[]
1981,[],[studious]
1981,[meets, moves, goes, returns],[]
1981,[lies],[]
1981,[brings],[]
1981,[switches],[]
1981,[lives, takes, ditches],[]
1981,[],[]
1981,[shows, asks, comes],[]
1981,[],[]
1981,[calls],[]
1981,[],[]
1981,[],[]
1981,[],[real]
1981,[],[senile]
1981,[dies, gets],[]
1981,[],[strong, different, ethical, smart]
1981,[begs, meets, lives, breaks, throws],[]
1981,[],[]
1981,[saves, dismisses, gets, turns],[elder]
1981,[],[]
1981,[begets],[young]
1981,[kills],[]
1981,[],[]
1981,[kills],[dreaded]
1981,[],[]
1981,[],[]
1981,[gets],[]
1981,[goes, decides],[]
1981,[],[]
1981,[grows, leaves],[]
1981,[],[honest]
1981,[],[]
1981,[commits],[]
1981,[pleads, realizes],[]
1981,[agrees, owes, meets, finds, decides, comes, coerces],[]
1981,[goes, wants, steps],[]
1981,[realizes, heads],[]
1981,[leaves, loves, wants],[]
1981,[wants],[]
1981,[leaves, loves, gets],[]
1981,[],[]
1981,[leaves, saves, wants],[]
1981,[enters, plans, Dograis, changes],[]
1981,[],[]
1981,[],[]
1981,[],[]
1981,[],[tough]
1981,[],[]
1981,[believes, comes],[]
1981,[],[superstitious, old]
1981,[learns, wants, thinks],[]
1981,[],[wealthy]
1981,[grows],[]
1981,[stays, calls],[]
1981,[],[wealthy, young]
1981,[],[]
1981,[],[young]
1981,[sets],[]
1981,[],[]
1981,[],[young]
1981,[asks],[]
1981,[],[]
1981,[],[]
1981,[],[]
1981,[],[]
1981,[forbids],[]
1981,[reveals],[]
1981,[finds],[]
1981,[],[]
1981,[falls, asks, comes, loses, discovers],[]
1981,[tries, proceeds, goes, pretends],[]
1981,[],[lovable]
1981,[asks, returns],[]
1981,[marries],[]
1982,[],[]
1982,[decides],[]
1982,[],[]
1982,[works],[]
1982,[attempts],[]
1982,[grows],[young]
1982,[],[]
1982,[],[]
1982,[],[]
1982,[dies],[]
1982,[],[second]
1982,[recognizes],[]
1982,[],[]
1982,[],[big]
1982,[marries, starts],[]
1982,[meets, helps],[]
1982,[thinks, says],[]
1982,[],[]
1982,[],[jolly]
1982,[],[unscrupulous]
1982,[sees, loves],[]
1982,[kidnaps, curses, starts],[]
1982,[kidnaps],[]
1982,[],[]
1982,[],[smart]
1982,[hires],[rich]
1982,[],[]
1982,[],[]
1982,[],[]
1982,[puts, finds],[]
1982,[comes],[]
1982,[],[elder]
1982,[],[]
1982,[],[]
1982,[],[simple]
1982,[],[]
1982,[goes, discovers],[]
1982,[alias],[]
1982,[finds],[]
1982,[loses],[]
1982,[wants, discovers],[]
1982,[],[devoted]
1982,[],[]
1982,[],[inebriated]
1982,[],[]
1982,[employs, seeks],[unsuspecting]
1982,[employs, murders, attempts],[]
1982,[takes],[]
1982,[steps],[]
1982,[],[]
1982,[murders],[]
1982,[spurns],[]
1982,[goes, dies],[]
1982,[],[good]
1982,[goes, decides, comes],[]
1982,[],[biological]
1982,[],[]
1982,[meets],[]
1982,[meets, loses],[biological]
1982,[],[]
1982,[],[]
1982,[needs, rushes],[]
1982,[falls, learns, returns],[]
1982,[rapes],[]
1982,[crushes],[]
1982,[],[honest, simple]
1982,[],[loving]
1982,[kidnaps, waits, finds, forces, steals, understands],[]
1982,[meets],[]
1982,[angers],[real]
1982,[],[]
1982,[],[nice]
1982,[],[]
1982,[finds, realizes],[]
1982,[],[]
1982,[],[young, idealistic]
1982,[alias, informs],[]
1982,[],[]
1982,[recognises],[real]
1982,[],[]
1982,[leads, tricks],[]
1982,[],[]
1982,[],[Ravi]
1982,[pities, arrives, distances, escapes, owes, rescues, succeeds, manages, learns, marries, begins, tells, hires, sees, drives, moves, asks, realizes, returns, takes, dies, reminisces, abducts],[]
1982,[],[]
1982,[],[]
1982,[kills],[drunk, young, right]
1982,[],[]
1982,[],[]
1982,[decides],[]
1982,[],[]
1982,[sets, pays],[]
1982,[informs],[]
1982,[tells, reaches, goes, screams, says],[]
1982,[vows],[]
1982,[],[]
1982,[begins, does, installs],[]
1982,[chooses],[]
1982,[begins, falls, confesses],[]
1982,[teaches, abides, keeps],[]
1982,[],[]
1982,[],[]
1982,[tells, teaches, abducts],[]
1982,[],[]
1982,[],[]
1982,[],[new]
1982,[tells, leaves, goes, decides, comes, regains, reminds],[]
1982,[sustains],[]
1982,[],[]
1983,[lives, chooses],[]
1983,[opposes],[]
1983,[],[]
1983,[works],[angry]
1983,[],[young]
1983,[],[high, ranking]
1983,[],[]
1983,[brings],[quick, hard]
1983,[dies, keeps, gets],[]
1983,[],[rich]
1983,[],[]
1983,[],[]
1983,[],[]
1983,[],[poor]
1983,[meets],[]
1983,[],[]
1983,[],[]
1983,[takes],[]
1983,[concludes],[]
1983,[kills],[]
1983,[demands],[]
1983,[insists],[]
1983,[finds, swears, reconsiders, takes],[]
1983,[works, confronts, decides],[]
1983,[],[]
1983,[loves, intervenes, runs, develops],[psycopathic]
1983,[sees],[]
1983,[enlists, discovers],[]
1983,[],[]
1983,[finds],[]
1983,[],[good]
1983,[],[]
1983,[remarries],[]
1983,[],[grown]
1983,[meets],[]
1983,[],[]
1983,[],[]
1983,[],[]
1983,[kills],[]
1983,[makes],[]
1983,[],[]
1983,[receives, takes, arranges],[]
1983,[wants],[]
1983,[tells, changes, wants],[]
1983,[tells, opposes, introduces, makes, regains, forgets, stops, starts, says],[young]
1983,[],[]
1983,[decides, asks, keeps],[]
1983,[],[]
1983,[grabs],[]
1983,[],[]
1983,[raises],[]
1983,[grabs],[]
1983,[leaves],[]
1983,[enters, loves, decides, realizes],[]
1983,[],[twin]
1983,[impresses, starts, disappears],[]
1983,[],[goodnatured]
1983,[brings, receives],[]
1983,[needs],[]
1983,[brings],[]
1983,[fires, meets, finds, sees, starts],[]
1983,[],[]
1983,[changes],[]
1983,[refuses],[]
1983,[],[young, talented]
1983,[],[]
1983,[defies],[]
1983,[hunts, defies],[]
1983,[enrages, meets],[]
1983,[],[]
1983,[arranges, urges],[]
1983,[],[]
1983,[announces, passes],[]
1983,[meets, comes, takes],[]
1983,[wants],[]
1983,[],[ambitious]
1983,[offers, tells, chases, introduces, lives, sees, loves, follows, comes, beats, throws, pays],[]
1983,[],[]
1983,[chases, enters],[unemployed]
1983,[],[ill]
1983,[knows],[]
1984,[snaps, meets, refuses],[]
1984,[],[adamant]
1984,[],[little]
1984,[],[unstoppable, rampage]
1984,[],[]
1984,[bails],[]
1984,[asks, warns, lies],[]
1984,[],[rich]
1984,[motivates],[]
1984,[],[rich]
1984,[meets],[]
1984,[],[]
1984,[remembers],[]
1984,[],[alcoholic, honest]
1984,[kills],[]
1984,[],[young]
1984,[],[]
1984,[],[]
1984,[],[]
1984,[watches],[hostel]
1984,[accepts, asks, apprehends],[]
1984,[],[newborn]
1984,[],[]
1984,[gets, urges],[]
1984,[opposes],[]
1984,[tells, confronts, enters, marries, explains],[adopted]
1984,[],[]
1984,[],[]
1984,[knifes],[wily]
1984,[asks],[]
1984,[],[]
1984,[takes],[]
1984,[asks],[]
1984,[asks],[]
1984,[sees],[enterprising]
1984,[],[]
1984,[],[small]
1984,[],[]
1984,[tries],[]
1984,[],[wealthy, rich, upright]
1984,[falls, marries],[]
1984,[introduces, credits, attends, blames],[]
1984,[attempts],[]
1984,[telegrams],[]
1984,[],[eligible]
1984,[],[decent]
1984,[begins, pronounces, catches],[bloodthirsty]
1984,[],[]
1984,[meets],[]
1984,[],[]
1984,[understands],[]
1984,[proposes],[]
1984,[tries, escapes, lives, attends, assures],[]
1984,[],[widowed]
1984,[],[]
1984,[grows],[]
1984,[],[]
1984,[grows],[]
1984,[],[blind, poor]
1984,[],[]
1984,[],[]
1984,[],[]
1984,[marries, dies],[]
1984,[takes],[]
1984,[marries],[]
1984,[realises, meets],[]
1984,[],[poor]
1984,[],[]
1984,[],[]
1984,[refuses],[]
1984,[agrees],[biological]
1984,[],[holy]
1984,[],[]
1985,[],[rebellious, roguish, young, rich]
1985,[],[]
1985,[travels],[]
1985,[attempts],[]
1985,[],[]
1985,[marries],[]
1985,[],[]
1985,[meets],[rich]
1985,[],[]
1985,[],[]
1985,[],[]
1985,[blesses],[]
1985,[],[]
1985,[],[poor]
1985,[],[]
1985,[prefers, falls, decides, returns, marries],[]
1985,[],[]
1985,[],[little]
1985,[spreads, suggests, decides, dies],[]
1985,[discloses, suggests],[]
1985,[],[]
1985,[agrees, convinces, goes, comes, questions, arranges, gets, observes, starts, takes, says, develops, disagrees],[]
1985,[],[young]
1985,[],[]
1985,[],[real]
1985,[loves, reads, makes],[]
1985,[],[wealthy]
1985,[],[]
1985,[kills],[compelling]
1985,[accumulates],[]
1985,[comes],[]
1985,[],[]
1985,[],[]
1985,[],[proud]
1985,[goes, asks, comes],[]
1985,[kills, complains],[]
1985,[leaves, comes, uses],[]
1985,[],[]
1985,[comes],[]
1985,[warns, breathes],[Unfortunate]
1985,[calls],[]
1985,[goes],[]
1985,[resides],[]
1985,[dies],[]
1985,[],[]
1985,[grows, wants],[]
1985,[],[old]
1985,[],[]
1985,[discovers],[]
1985,[],[]
1985,[],[]
1985,[sets],[]
1985,[confesses],[]
1985,[goes],[]
1985,[realises, knows],[]
1985,[],[]
1985,[],[unstable]
1985,[],[military]
1985,[],[established]
1985,[],[poor]
1985,[],[]
1985,[],[steed, faithful]
1985,[],[]
1985,[],[]
1985,[protects, loves, cheats, realizes, marries, takes],[]
1985,[],[]
1985,[],[]
1985,[shoots],[]
1985,[kidnaps, passes, asks, says, proves, shoots],[famous, criminal]
1985,[plans, beats, murders],[]
1985,[rejects, meets, brings, finds, fights, goes, defends, rushes, refuses],[]
1985,[tells, meets, sees, rushes, wants, gives],[]
1985,[asks],[]
1985,[asks],[]
1985,[],[haughty]
1985,[informs],[]
1985,[],[]
1985,[treats, decides, comes],[]
1985,[],[]
1985,[],[]
1985,[],[]
1985,[protects, loves, comes, marries],[dynamic]
1985,[agrees, keeps],[]
1985,[leaves],[]
1985,[],[young]
1985,[comes],[]
1985,[],[famous]
1985,[],[]
1985,[],[distraught]
1985,[],[young, honest]
1985,[dies],[]
1985,[sells],[]
1985,[grows, asks],[]
1985,[flees, works],[]
1985,[],[]
1985,[],[second]
1985,[sets, finds],[]
1986,[],[tyrant]
1986,[],[]
1986,[loves],[]
1986,[],[Nagesh]
1986,[],[]
1986,[offers, finds, develops],[]
1986,[convinces],[]
1986,[],[]
1986,[],[poor]
1986,[happens, fails],[honest]
1986,[],[brave]
1986,[],[]
1986,[],[young, innocent]
1986,[],[]
1986,[],[young, naive]
1986,[],[]
1986,[tells, appreciates, sees, convinces, takes],[]
1986,[does, comes, dares, chalks, abducts],[]
1986,[returns],[]
1986,[],[]
1986,[],[young]
1986,[],[]
1986,[comes],[]
1986,[],[Arun]
1986,[kills],[]
1986,[],[strong]
1986,[],[]
1987,[],[]
1987,[],[]
1987,[],[]
1987,[],[]
1987,[],[]
1987,[feels, believes, returns],[]
1987,[],[]
1987,[reveals],[]
1987,[sews],[dead]
1987,[sews],[old]
1987,[attempts],[]
1987,[],[]
1987,[returns],[]
1987,[kills],[young]
1987,[],[]
1987,[loves],[]
1987,[forces],[dead]
1987,[loves, makes],[]
1987,[],[]
1987,[asks],[]
1987,[realises],[]
1987,[tells],[]
1987,[recognizes],[]
1987,[saves, wants, promises],[]
1987,[],[]
1987,[],[]
1987,[],[]
1987,[],[]
1987,[],[honest]
1987,[travels, escapes, vows],[]
1987,[],[]
1987,[dies],[]
1987,[opposes],[]
1987,[],[]
1987,[],[]
1987,[],[]
1987,[],[rich]
1987,[],[corrupt]
1987,[wants],[]
1987,[decides],[]
1987,[],[]
1987,[],[late]
1987,[stops],[real]
1987,[leaves],[]
1987,[meets, lives, questions, swears],[]
1987,[],[]
1987,[finds, denies],[]
1987,[],[young]
1987,[],[]
1987,[],[]
1987,[joins, contests, watches],[]
1987,[watches],[]
1987,[befriends, comes],[]
1987,[],[]
1987,[],[elder]
1988,[],[]
1988,[tries],[]
1988,[rescues, asks, gets, gains],[]
1988,[rescues, asks, takes],[]
1988,[],[careless]
1988,[],[]
1988,[rape, believes],[]
1988,[agrees],[]
1988,[],[]
1988,[kills, reaches, sneaks, receives],[emotional]
1988,[kills],[]
1988,[],[]
1988,[],[]
1988,[leaves, moves],[]
1988,[],[]
1988,[meets, hires, learns],[]
1988,[overpowers, falls, finds, leaves, sneaks],[]
1988,[tells, takes, starts],[]
1988,[goes, gets],[]
1988,[kills, agrees, employs, asks],[]
1988,[],[]
1988,[],[]
1988,[kills, agrees, escapes, checks, meets, causes, returns, helps, gets],[]
1988,[],[elderly]
1988,[reaches],[]
1988,[kills, goes],[]
1988,[introduces, goes],[]
1988,[],[]
1988,[],[young]
1988,[],[]
1988,[],[]
1988,[joins],[beautiful]
1988,[],[homeless]
1988,[],[]
1988,[],[]
1988,[kills],[]
1988,[],[greedy]
1988,[sends],[]
1988,[],[]
1988,[],[mutual]
1988,[confronts, refuses],[]
1988,[strikes],[]
1988,[finds, gets],[]
1988,[],[]
1988,[],[]
1988,[discovers],[]
1988,[manages],[]
1988,[],[]
1988,[],[]
1988,[suspects],[]
1988,[comes, suspects],[]
1988,[blames],[]
1988,[loses],[]
1988,[leaves],[]
1988,[],[common]
1988,[],[]
1988,[],[]
1988,[trusts, decides, informs],[hale]
1988,[],[]
1988,[],[young, burly]
1988,[],[]
1988,[kills, meets, reaches, attacks, forces, stabs, says, gains],[new, drunk, young]
1988,[confronts],[]
1988,[confronts],[]
1988,[],[young]
1988,[tells, locates],[]
1988,[],[]
1988,[],[second]
1988,[],[wealthy]
1988,[adopts],[orphan]
1988,[],[]
1988,[],[]
1989,[],[]
1989,[permits, comes, runs],[]
1989,[],[fourth]
1989,[comes],[]
1989,[demands],[]
1989,[],[married]
1989,[urges],[]
1989,[returns, refuses, gets],[true]
1989,[plans],[]
1989,[plans, says],[]
1989,[arrives, meets, belongs, plans, rushes, gets],[]
1989,[],[]
1989,[meets, shows, calls, decides, proposes, loves, appears, pretend],[]
1989,[dies],[]
1989,[],[]
1989,[decides],[]
1989,[],[]
1989,[],[]
1989,[],[]
1989,[takes, gets],[young]
1989,[wants],[]
1989,[],[]
1989,[],[]
1989,[],[respected]
1989,[betrays],[]
1989,[],[]
1989,[betrays],[]
1989,[marries, likes],[]
1989,[],[upper]
1989,[refuses],[]
1989,[],[imaginary]
1989,[],[]
1989,[attempts],[]
1989,[],[old]
1989,[dismisses, returns, says],[]
1989,[],[]
1989,[resolves, goes, witnesses],[]
1989,[appears],[old]
1989,[picks, contemplates],[]
1989,[feels, slips],[innocent]
1989,[agrees, dies, shoots],[]
1989,[],[]
1989,[],[ruthless]
1989,[],[]
1989,[],[little]
1989,[shows],[stingy, eccentric]
1989,[],[precocious, young]
1989,[befriends],[]
1989,[finds, lives, proposes, gives],[]
1989,[finds],[]
1989,[agrees, vows],[humiliated]
1989,[],[]
1989,[],[]
1989,[],[late]
1989,[meets],[]
1989,[grows],[]
1989,[returns],[dejected, close]
1989,[resolves, arrives, shows, decides, dissuades],[seth]
1989,[kidnaps, seeks],[]
1989,[],[]
1989,[crosses],[]
1989,[tries, conspires, retires, shoots],[corrupt]
1989,[plays, learns, follows, awakens, gets, seeks],[]
1989,[],[]
1990,[],[]
1990,[],[]
1990,[escapes, sees],[]
1990,[obtains, tries, goes, decides],[]
1990,[],[]
1990,[],[]
1990,[],[]
1990,[],[]
1990,[kills],[]
1990,[],[]
1990,[permits],[]
1990,[],[]
1990,[finds],[]
1990,[],[good]
1990,[],[]
1990,[kills, escapes, falls, leads, uses, surrenders, shoots],[]
1990,[backwards],[]
1990,[],[]
1990,[escapes, falls, resembles, threatens, surrenders, suspects],[]
1990,[decides],[famous]
1990,[respects],[new]
1990,[],[]
1990,['s],[]
1990,[finds],[]
1990,[],[]
1990,[bears],[]
1990,[],[dangerous]
1990,[],[]
1990,[],[]
1990,[],[rich]
1990,[],[]
1990,[believes],[]
1990,[],[]
1990,[falls],[]
1990,[],[]
1990,[],[henpecked, simple]
1990,[causes, returns, Pinky, complies],[married]
1990,[follows],[unmarried]
1990,[decides, appoints],[]
1990,[],[Amateur]
1990,[],[]
1990,[],[]
1990,[agrees, learns],[]
1990,[],[]
1990,[],[angry]
1990,[],[]
1990,[],[separate]
1990,[],[second]
1990,[confronts],[wily]
1990,[informs],[rival]
1990,[informs],[]
1990,[],[young]
1990,[],[]
1990,[kills],[]
1990,[warns, asks, tracks],[]
1990,[],[]
1990,[],[medical, young]
1990,[decides],[]
1990,[joins],[]
1990,[dies],[]
1990,[],[strong]
1990,[],[]
1990,[],[]
1990,[fetches, attempts],[]
1990,[],[qualified]
1990,[],[]
1990,[moves],[dishonest]
1990,[],[]
1990,[],[]
1990,[],[]
1990,[kills],[]
1990,[],[]
1990,[],[]
1990,[],[]
1990,[],[]
1990,[makes],[grateful]
1990,[lives],[]
1990,[returns],[]
1990,[],[]
1990,[befriends],[]
1991,[],[courageous, young]
1991,[kills],[evil]
1991,[instructs, raises, blames, seeks],[evil]
1991,[],[newborn]
1991,[],[deceased, young]
1991,[asks, informs],[]
1991,[finds, confesses, says],[]
1991,[],[]
1991,[comes],[]
1991,[makes],[]
1991,[],[]
1991,[],[]
1991,[],[]
1991,[tells, learns, disapproves],[rich]
1991,[],[right]
1991,[befriends],[young]
1991,[returns],[]
1991,[],[]
1991,[seeks],[]
1991,[],[]
1991,[attempts],[]
1991,[decides],[]
1991,[],[]
1991,[],[]
1991,[wins, prepares, asks],[]
1991,[],[]
1991,[plays],[]
1991,[plays],[]
1991,[],[]
1991,[explains],[]
1991,[],[]
1991,[],[]
1991,[decides, arranges],[retired]
1991,[wants],[]
1991,[],[]
1991,[visits, leaves, goes, loves, decides, reveals, lies, hops, returns, approaches, understands],[]
1991,[dies],[]
1991,[runs],[]
1991,[likes],[]
1991,[],[abusive]
1991,[takes],[]
1991,[confronts, returns],[]
1991,[],[]
1991,[confronts],[]
1991,[enacts],[]
1991,[],[young]
1991,[considers, kills, captures, breaks, decides, accomplishes, remains, disturbs, asks, conflicts, executes, stabs, informs],[dead]
1991,[],[young]
1991,[does],[]
1991,[],[]
1991,[learns, gets],[]
1991,[ignores, plays, plans, decides, ropes, takes],[]
1991,[],[real]
1991,[],[biological]
1991,[kills],[]
1991,[],[simple]
1991,[wants],[]
1991,[sends],[]
1991,[tortures],[]
1991,[],[]
1991,[tells],[]
1991,[goes],[]
1991,[],[dreaded]
1991,[tells, informs],[]
1991,[asks, discovers],[]
1991,[tells],[]
1991,[agrees, meets, asks, comes],[]
1991,[tells, looks, admits, unites, loves, comes, takes],[]
1991,[],[]
1991,[kills, reaches, wants, wishes, pushes],[]
1991,[advises],[]
1991,[grows],[healthy]
1991,[],[]
1991,[],[]
1991,[],[proud]
1991,[gets],[]
1991,[],[]
1991,[],[dignified]
1991,[molests, dies],[]
1991,[grows, inhabits, feels, prefers, meets, blurts, values, comes, gets, falls, keeps, says, promises],[]
1991,[],[powerful, right]
1991,[feels, marries],[]
1991,[finds],[]
1991,[],[honest]
1991,[],[]
1991,[],[]
1991,[saves],[]
1991,[],[]
1991,[],[]
1992,[],[]
1992,[],[]
1992,[],[young, unemployed]
1992,[signs],[]
1992,[],[cruel]
1992,[wants],[]
1992,[comes],[]
1992,[believes, isolates],[widowed]
1992,[],[natural]
1992,[marries],[]
1992,[works, shows, comes, threatens, surprises],[]
1992,[],[dead]
1992,[tells, relents, shows, manages, proposes, loses, helps, steals, starts, steps, pushes, surprises],[]
1992,[finds, forces, pushes],[protege]
1992,[],[]
1992,[convinces],[]
1992,[],[]
1992,[tells],[]
1992,[tries],[]
1992,[hits, rescues, befriends],[young]
1992,[],[]
1992,[meets],[royal]
1992,[],[]
1992,[gets],[]
1992,[],[]
1992,[finds],[]
1992,[pays],[]
1992,[betrayed, loves, takes],[]
1992,[welcomes, finds, hires, asks],[]
1992,[],[deceased]
1992,[],[]
1992,[passes, comes, praises],[amoral]
1992,[goes, takes],[]
1992,[finds],[elderly]
1992,[appeals, refuses],[]
1992,[attempts, hesitates],[]
1992,[],[]
1992,[],[]
1992,[asks, swears, wants],[]
1992,[],[]
1992,[wants],[]
1992,[asks],[]
1992,[wants],[]
1992,[comes],[]
1992,[finds, heads],[]
1992,[intervenes],[younger]
1992,[returns],[]
1992,[consoles],[]
1992,[approaches, points],[]
1992,[berates],[]
1992,[],[innocent]
1992,[berates, offers, tries, reaches, ensues, transforms, laughs, refuses, approaches, throws, tells, realises, asks, returns],[Unbeknown]
1992,[berates, tries, agrees, approaches, bests, gets],[]
1992,[combs, approaches, attempts],[]
1992,[finds, discovers],[]
1992,[],[]
1992,[],[]
1992,[],[]
1992,[comes],[]
1992,[],[]
1992,[thinks],[]
1992,[tells, blackmails],[]
1992,[finds],[]
1992,[],[]
1992,[],[]
1992,[],[innocent]
1992,[catches],[]
1992,[shows, stumbles],[]
1992,[ends, takes, blames],[]
1992,[],[]
1992,[tells],[]
1992,[],[fallen, old]
1992,[meets],[]
1992,[],[]
1992,[],[long]
1992,[kills, appears],[powerful, old]
1992,[brings],[]
1992,[],[dead]
1992,[],[simple]
1992,[],[]
1992,[],[]
1992,[],[]
1992,[],[]
1992,[wins, tells, observes, agrees, fires, slays, instructs, asks, advises, helps, says, informs],[]
1992,[consoles],[late]
1992,[],[]
1992,[],[]
1992,[appears],[]
1992,[addresses, shows],[]
1992,[announces, joins, agrees, vows, meets, falls, advises, fades],[new]
1992,[injures, hypnotises, goes, rebuffs, threatens, assures, mulls, informs, gives],[]
1992,[tells],[]
1992,[protects, falls, comes],[]
1992,[],[elder]
1992,[locks],[]
1992,[kills, tries, risks, marries, wishes, gets],[]
1992,[],[longtime]
1992,[],[]
1992,[],[]
1992,[],[wealthy]
1992,[lets],[marry]
1992,[meets],[]
1992,[enlists],[spoiled]
1992,[creeps, asks, loses, happens, recruits, chooses],[major]
1992,[says],[]
1992,[kills],[little]
1992,[],[]
1992,[],[little]
1992,[sets],[]
1992,[finishes],[]
1992,[],[]
1992,[],[newborn]
1992,[accepts, negotiates],[]
1992,[prefers],[]
1992,[],[]
1992,[],[]
1992,[],[]
1992,[],[]
1992,[makes, entraps],[]
1992,[],[remaining]
1993,[works],[]
1993,[],[]
1993,[],[honest]
1993,[meets, leaves, gets],[]
1993,[leaves],[]
1993,[buys],[]
1993,[asks],[unable]
1993,[],[]
1993,[],[]
1993,[],[wealthy]
1993,[ends],[]
1993,[remembers],[loving, rich]
1993,[recognizes],[]
1993,[],[]
1993,[],[]
1993,[tells, finds, forces],[]
1993,[],[young]
1993,[makes],[repentant]
1993,[],[]
1993,[takes],[]
1993,[],[]
1993,[],[]
1993,[],[common]
1993,[],[]
1993,[finds],[]
1993,[],[]
1993,[begins, saves, finds, asks, comes, catches, stabs, takes],[]
1993,[],[]
1993,[realises],[]
1993,[gets],[]
1993,[],[]
1993,[],[middle]
1993,[],[]
1993,[],[psychotic]
1993,[leaves, comes],[]
1993,[],[]
1993,[],[]
1993,[],[]
1993,[informs],[]
1993,[refuses],[]
1993,[],[]
1993,[befriends],[homeless]
1993,[],[]
1993,[],[]
1993,[wants],[]
1993,[],[]
1993,[],[]
1993,[],[]
1993,[],[new]
1993,[exposes],[]
1993,[goes, continues, realizes, stops],[]
1993,[begins, kills, escapes, finds, manages, realizes, appears, installs],[corrupt]
1993,[kills, shows, approaches, portrays],[]
1993,[brings, leaves],[]
1993,[plays],[]
1993,[],[]
1993,[gets],[]
1993,[falls],[]
1993,[],[]
1993,[kills],[]
1993,[],[]
1993,[],[]
1993,[makes, returns],[]
1993,[],[assistant]
1993,[],[tribal]
1993,[resents, presents],[]
1993,[serves, pleads, swears],[]
1993,[finds],[]
1993,[starts],[]
1993,[arranges],[]
1993,['s],[astrologer, twin]
1993,[gets],[]
1993,[works, confronts, informs],[single]
1993,[],[]
1993,[goes],[]
1993,[desires],[]
1993,[],[]
1993,[],[corrupt]
1993,[],[]
1993,[meets, gets],[]
1993,[lives],[]
1993,[],[]
1993,[],[twin]
1993,[],[]
1993,[],[]
1993,[],[young, angry]
1993,[],[]
1993,[],[]
1993,[],[]
1993,[lives, goes],[]
1994,[],[]
1994,[tells, kidnaps, kills, tries, dodges, leaves, attacks],[]
1994,[],[]
1994,[thinks],[]
1994,[],[]
1994,[],[]
1994,[],[]
1994,[gets],[]
1994,[reminds],[]
1994,[],[romantic]
1994,[],[]
1994,[does, completes],[]
1994,[rescues, drives, realizes, promises, gets],[]
1994,[],[spirited, young, free]
1994,[],[]
1994,[forgives],[]
1994,[],[]
1994,[donates, throws],[]
1994,[],[]
1994,[],[]
1994,[avenges],[]
1994,[sentences],[]
1995,[tells, arrives, encourages, asks],[conservative]
1995,[],[]
1995,[],[ideal]
1995,[recognises, realises, calls, receives, refuses, stops, overhears],[]
1995,[wants],[]
1995,[tells, recognises, falls, enters, befriends, does, grabs, insults, refuses, says, flirts],[]
1995,[comes],[]
1995,[succeeds, saves, refuses],[]
1995,[arrives, kills, escapes, meets, saves, stops],[]
1995,[],[]
1995,[tells, kills, tries],[fearful]
1995,[complains, asks, dies, gives],[]
1995,[],[young, naive]
1995,[agrees, dies],[]
1995,[charges, attends],[]
1995,[arranges],[]
1995,[decides],[]
1995,[chases, manages, swears, reveals, produces, responds, realizes, accuses],[]
1995,[],[]
1995,[],[]
1995,[tries, goes],[frustrated]
1995,[escapes, produces, owns, helps, shoots],[]
1995,[],[twin]
1995,[],[]
1995,[],[rich]
1995,[],[]
1995,[tells, succeeds, replies, instructs, hug, faces],[]
1995,[],[proud]
1996,[finds],[]
1996,[tells, brings],[]
1996,[],[single, wealthy, young]
1996,[travels],[]
1996,[tells, thrashes, returns, starts],[]
1996,[],[]
1996,[],[]
1996,[],[unconscious]
1996,[joins, goes],[]
1996,[],[]
1996,[organises, proclaims],[]
1996,[stops],[]
1996,[],[young, healthy]
1996,[sells],[young, old, honest]
1996,[kills],[]
1996,[tries],[]
1996,[forces, misses],[]
1996,[protests, takes],[]
1996,[watches, aims, confronts, leaves, causes],[]
1996,[barks, gets],[]
1996,[],[dutiful]
1996,[],[]
1996,[],[honourable]
1996,[vows],[]
1996,[],[]
1996,[],[]
1996,[tells],[]
1996,[accepts],[]
1996,[],[]
1996,[wins, kills, finds, proposes, loves, attempts],[]
1996,[decides],[]
1996,[tries],[]
1996,[accosts],[]
1996,[tells, reveals, remains],[lord]
1996,[rebukes, informs],[]
1996,[],[]
1996,[encounters],[]
1996,[],[real]
1996,[tells, meets, breaks, sees, goes, loves, decides, returns, dies, gets],[elderly]
1996,[tells, insists],[]
1996,[tries, finds],[]
1996,[],[]
1996,[arrives, tells, refuses],[disapproving]
1996,[],[young]
1996,[],[silly]
1996,[hits, looks, saves, comes],[]
1996,[],[wealthy]
1996,[],[neighboring]
1996,[],[twin]
1996,[],[young]
1996,[decides],[]
1996,[],[]
1996,[escapes, decides, retaliates, refuses],[]
1996,[],[adopted]
1996,[stops],[]
1996,[],[]
1996,[],[]
1996,[asks],[]
1996,[murder],[]
1996,[],[]
1996,[discovers],[]
1996,[decides, loses, starts],[]
1996,[],[]
1996,[travels, realises, hires, accepts],[]
1996,[agrees],[]
1996,[],[ruthless]
1997,[earns],[]
1997,[wakes, asks, manages, knocks, follows, uses, impersonates],[]
1997,[],[]
1997,[asks],[]
1997,[finds],[]
1997,[],[]
1997,[kills, tells, meets, finds, follows, takes],[]
1997,[kills, meets, works, sells, goes, enters, follows, rushes, gets, tells, walks, finds, leaves, drives, talks, remembers, uses, takes, gives, pays, shoots, knows],[]
1997,[finds, follows],[]
1997,[],[]
1997,[obliges],[]
1997,[lies],[]
1997,[meets],[]
1997,[],[honest]
1997,[],[]
1997,[],[]
1997,[],[]
1997,[],[]
1997,[],[]
1997,[tells, falls],[]
1997,[begins, tells, buys, sees, learns, forces, loathes, undergoes, runs, hushes],[]
1997,[betrays],[drunkard]
1997,[helps],[]
1997,[],[]
1997,[],[]
1997,[],[]
1997,[lives],[]
1997,[],[]
1997,[holds],[]
1997,[tries, cautions, pretends],[]
1997,[cautions, sees, takes],[]
1997,[],[]
1997,[],[]
1997,[apprehends],[]
1997,[],[]
1997,[refuses],[]
1997,[gets],[]
1997,[],[]
1997,[],[powerful]
1997,[kills],[]
1997,[offers, falls, meets, involves, wants],[]
1997,[helps],[]
1997,[finds],[]
1997,[],[]
1997,[encounters],[effective]
1997,[questions, suspects],[]
1997,[divulges],[]
1997,[],[influential]
1997,[],[young, unattached]
1997,[],[]
1997,[advises],[]
1997,[brings],[]
1997,[grows, brings, comes],[]
1997,[chokes],[]
1997,[pleads],[]
1997,[swears, suspects],[]
1997,[],[]
1997,[commits],[]
1997,[],[renowned]
1997,[],[]
1997,[],[]
1997,[wishes],[]
1997,[sees],[goon, local]
1997,[escapes, wounds, shoots],[]
1997,[sees],[]
1997,[kills, finds],[]
1997,[],[happy]
1997,[],[greedy]
1997,[],[handsome, ruthless]
1997,[gets, departs],[]
1997,[],[]
1997,[],[]
1997,[tries, calls, locks],[]
1997,[asks],[westernised, foster, true]
1997,[tells],[]
1997,[begins, fights],[Western]
1997,[],[adopted]
1997,[],[]
1997,[falls],[angry]
1997,[wins, asks, wants],[]
1997,[],[deranged]
1997,[leaves],[]
1997,[],[elder]
1997,[comes, gets],[]
1997,[lives, feals, explores],[]
1997,[],[younger]
1997,[realises, falls, confesses, takes],[]
1997,[],[]
1997,[],[]
1997,[],[]
1997,[],[polite, NRI, mannered]
1997,[learns],[]
1997,[],[middle]
1997,[tracks],[]
1997,[],[]
1997,[],[]
1998,[],[]
1998,[starts],[]
1998,[comes],[]
1998,[],[]
1998,[comes],[]
1998,[],[poor]
1998,[],[]
1998,[rescues, refuses, gives],[sister]
1998,[berates, demands],[new]
1998,[],[young]
1998,[],[respectable]
1998,[],[]
1998,[meets],[]
1998,[takes, knows],[]
1998,[escapes, meets, goes],[]
1998,[agrees, escapes, learns, grabs, questions, describes, interviews, tells, chases, wakes, forces, spots, uses, returns, wishes],[]
1998,[],[]
1998,[runs],[]
1998,[],[]
1998,[],[young, rich]
1998,[signs],[]
1998,[],[]
1998,[],[ultimate]
1998,[],[young]
1998,[hears],[]
1998,[arrives, agrees, comes, loses, explains, discovers, dissuades],[]
1998,[],[]
1998,[rescues, chooses],[]
1998,[],[right, good, reformed]
1998,[offers, agrees, rescues, meets, confronts, beats, steals, throws, discovers, gets, tells, walks, visits, realises, confesses, leads, attends, wants, delivers, says, gives, witnesses],[]
1998,[],[]
1998,[arrives, calls, canvasses, speaks, reveals, beats],[]
1998,[realises, confronts, dissuades],[elder]
1998,[],[]
1998,[kills],[corrupt]
1998,[tries, goes],[]
1998,[chokes, seeks],[young, old, honest, right]
1998,[],[]
1998,[],[]
1998,[],[wealthy, Indian]
1998,[tells, confronts, sees, asks, learns, shoots],[wayward]
1998,[],[]
1998,[],[]
1998,[runs],[]
1998,[swears],[]
1998,[tries, spends, meets, buys, sees, hires, goes, loves, follows, makes, lies, steals],[]
1998,[discovers, insists],[]
1998,[],[]
1998,[],[young]
1998,[],[]
1998,[],[wealthy]
1998,[plays],[]
1998,[],[rich]
1998,[sits, tells, falls, goes, decides, pretends, promises],[brooding, intense]
1998,[],[]
1998,[],[]
1998,[fears],[]
1998,[],[]
1998,[tries, sets],[]
1998,[],[mysterious]
1998,[reports, urges],[]
1998,[sets],[]
1998,[],[]
1998,[takes],[]
1998,[maims, keeps],[]
1998,[arrives, kills, calls],[]
1998,[urges],[]
1998,[plays],[]
1998,[comes, dies, says],[]
1998,[],[]
1998,[pleads, decides, beats, drags],[]
1998,[],[]
1998,[kills, pleads, decides, comes, follows, beats, drags, approaches, destroys, buries, starts, says, keeps],[]
1998,[],[]
1998,[uses],[]
1998,[],[]
1998,[escapes, assumes, spends, comes, misunderstands],[]
1998,[breaks, decides],[]
1998,[happens],[]
1998,[],[]
1998,[goes],[]
1998,[],[]
1998,[],[]
1998,[tells, brings, knows],[]
1998,[tells, brings, leaves, gives, understands],[]
1999,[agrees, leaves, confesses, continues, reveals, takes, insists],[]
1999,[insists],[]
1999,[asks, 's],[late]
1999,[],[young, rich, Indian, Pakistani, spoiled]
1999,[feels, sets],[]
1999,[convinces],[]
1999,[],[healthy]
1999,[],[captive]
1999,[],[]
1999,[],[]
1999,[tells, escapes, flees, meets, decides, realizes, thinks, pulls],[]
1999,[],[]
1999,[comes],[young, wrong]
1999,[],[]
1999,[comforts],[]
1999,[],[late]
1999,[hunts, meets, decides, comes, returns],[]
1999,[],[young]
1999,[kills],[]
1999,[],[]
1999,[tries, supports],[]
1999,[],[biological, unaccounted]
1999,[Kumargrows],[]
1999,[],[]
1999,[decides, reveals, wants, staggers],[pampered]
1999,[],[]
1999,[delivers],[healthy]
1999,[],[young]
1999,[turns],[]
1999,[suggests, loves, helps, takes, respects],[]
1999,[tells],[]
1999,[],[energetic, biological]
1999,[],[]
1999,[agrees, tries, meets, saves, goes, ends, asks, comes, accuses, gets],[]
1999,[gets],[]
1999,[calls],[]
1999,[goes],[]
1999,[],[]
1999,[betrays],[]
1999,[escapes, tracks],[]
1999,[mentions, catches, takes],[]
1999,[tries, finds],[old, Indian]
1999,[],[]
1999,[agrees, avoids],[]
1999,[],[young, rich]
1999,[enters],[]
1999,[attempts],[]
1999,[performs],[]
1999,[finds, claims, lies, takes, keeps],[young]
1999,[tries, panics, stabs, stumbles],[]
1999,[comes, advises],[]
1999,[],[]
1999,[comes, transforms, advises, starts],[]
1999,[],[honest]
1999,[discovers],[]
1999,[],[]
1999,[asks],[]
1999,[finds, marries],[]
1999,[],[]
1999,[loves],[]
1999,[],[]
1999,[blackmails, transforms, backs],[]
1999,[],[]
1999,[hits, goes],[]
1999,[],[]
1999,[pleads],[]
1999,[],[]
1999,[wants],[]
1999,[sings],[]
1999,[],[]
1999,[praises],[wealthy, strict]
1999,[],[untaught, illiterate, uneducated]
1999,[],[]
1999,[recruits],[grateful]
1999,[],[]
1999,[],[]
1999,[],[]
1999,[tries],[]
1999,[],[]
1999,[recognizes],[]
1999,[tries, sees, hires, dislikes],[]
1999,[tries],[unknown]
2000,[],[honest]
2000,[makes],[]
2000,[],[]
2000,[comes],[]
2000,[],[]
2000,[],[]
2000,[],[young]
2000,[takes],[]
2000,[],[loving]
2000,[finds],[]
2000,[],[young]
2000,[travels, comes, takes],[]
2000,[plies, turns],[]
2000,[persuades, starts],[]
2000,[provides],[]
2000,[finds],[]
2000,[],[aspiring]
2000,[meets],[]
2000,[],[mysterious]
2000,[],[]
2000,[tells, falls, loves, survives, keeps, shoots],[]
2000,[],[]
2000,[does],[]
2000,[happens],[young]
2000,[],[]
2000,[spots],[]
2000,[falls, spots],[]
2000,[kills, disappears],[]
2000,[],[]
2000,[],[]
2000,[],[]
2000,[],[]
2000,[],[]
2000,[confuses],[common]
2000,[],[injured, courteous]
2000,[],[]
2000,[rapes],[]
2000,[],[pretend]
2000,[],[]
2000,[],[]
2000,[],[]
2000,[],[]
2000,[],[]
2000,[],[]
2000,[takes, shoots],[]
2000,[decides, comes, jumps, steals, gets, tells, chases, shows, lies, pretends, surrounds, runs, knows],[]
2000,[agrees, lives, struggles, refuses],[]
2000,[finds, saves],[]
2000,[],[]
2000,[],[]
2000,[kills],[]
2000,[meets],[]
2000,[sends],[]
2000,[tells, performs, falls, succeeds, finds, decides, proposes, reveals, realizes, understands],[]
2000,[persuades],[]
2000,[],[]
2000,[kills],[]
2000,[tells, succeeds, explains, takes],[twin]
2000,[],[]
2000,[],[innocent]
2000,[goes, dislikes],[]
2000,[tells, meets, finds, decides],[]
2000,[starts],[]
2000,[],[different]
2000,[prompts],[]
2000,[],[shameless]
2000,[],[]
2000,[],[rival]
2000,[],[]
2000,[tells, sticks],[]
2000,[wins, tells, observes, agrees, fires, slays, instructs, asks, advises, helps, says, informs],[]
2000,[consoles],[late]
2000,[],[]
2000,[],[]
2000,[appears],[]
2000,[addresses, shows],[]
2000,[announces, joins, agrees, vows, meets, falls, advises, fades],[new]
2000,[injures, hypnotises, goes, rebuffs, threatens, assures, mulls, informs, gives],[]
2000,[tells],[]
2000,[tries, believes, breaks, comes, continues, makes],[]
2000,[looks, enters, comes],[young]
2000,[],[]
2000,[reveals],[]
2000,[tells, tries, reveals],[]
2000,[kills, gets],[]
2000,[],[wrong]
2000,[],[]
2000,[faces],[]
2000,[succeeds, concludes, delves],[]
2000,[loves],[]
2001,[overpowers, cares, leaves, reaches, learns, manages, deduces],[]
2001,[escapes, meets, manages, pleads, remains, overhears, gets, stays, overpowers, chases, sees, does, justifies],[twin]
2001,[],[]
2001,[],[]
2001,[reveals],[]
2001,[loves],[]
2001,[],[Arabic]
2001,[],[]
2001,[goes, knocks, infuriates, informs],[]
2001,[enrages],[]
2001,[meets],[]
2001,[],[]
2001,[dispatches],[]
2001,[],[]
2001,[],[faithful]
2001,[],[]
2001,[],[]
2001,[],[common]
2001,[shows],[]
2001,[],[]
2001,[finds, decides, files, marries, refuses, disappoints],[]
2001,[lives],[]
2001,[tells, meets, returns, starts],[]
2001,[tells],[old]
2001,[enlists],[]
2001,[],[]
2001,[],[poor]
2001,[],[]
2001,[handles, brings, starts],[]
2001,[handles, ignores],[]
2001,[relates],[]
2001,[asks],[]
2001,[],[]
2001,[],[]
2001,[],[]
2001,[],[]
2001,[manages],[acclaimed]
2001,[],[young]
2001,[],[]
2001,[],[]
2001,[],[]
2001,[],[]
2001,[tells, kills, suggests, goes, asks, realizes, accuses],[]
2001,[],[innocent]
2001,[],[wealthy]
2001,[],[wealthy]
2001,[],[]
2001,[],[]
2001,[gets],[]
2001,[witness],[real]
2001,[opposes],[]
2001,[agrees, believes, hates],[]
2001,[expresses],[]
2001,[tells, agrees, manages],[]
2001,[records, raises, asks, gets],[]
2001,[comes, refuses],[]
2001,[],[great]
2001,[arrives, pulls],[]
2001,[],[average, respectable]
2001,[heals, meets, believes, calls, realizes, stops, denies],[]
2001,[],[]
2001,[tells],[]
2001,[informs],[]
2002,[plans, comes],[]
2002,[],[]
2002,[],[]
2002,[finds, waits, slays],[]
2002,[asks, appears],[]
2002,[],[wealthy]
2002,[tells, tries, convinces, asks, follows, comes, informs],[]
2002,[comes],[young]
2002,[kills, shouts, tries, shows, introduces, fights, calls, goes, betrays],[]
2002,[comes],[]
2002,[],[]
2002,[],[]
2002,[],[]
2002,[],[]
2002,[comes],[young]
2002,[],[]
2002,[convinces],[]
2002,[hires, goes, says, gives],[]
2002,[],[young]
2002,[],[young]
2002,[],[]
2002,[],[ill]
2002,[musters],[]
2002,[],[]
2002,[locates],[]
2002,[],[]
2002,[],[]
2002,[],[disguise]
2002,[tries],[]
2002,[spots],[]
2002,[tells, kills, feels, meets, reaches, calls, sees, attacks, enters, instructs, loves],[]
2002,[falls, listens, calls, goes, proposes, loves, continues, follows, explains],[]
2002,[],[]
2002,[goes, sends],[]
2002,[],[]
2002,[meets, apologizes, shoots],[]
2002,[arranges],[overprotective]
2002,[],[egotistical, professional]
2002,[informs],[]
2002,[],[]
2002,[blames],[estranged]
2002,[ends],[]
2002,[],[]
2002,[],[drunk, cruel]
2002,[finds, continues, rushes, realizes, heads],[]
2002,[],[]
2002,[arranges],[]
2002,[],[]
2002,[],[]
2002,[meets, comes],[]
2002,[],[respected]
2002,[],[deceased]
2002,[enrages],[]
2002,[],[]
2002,[tells, ends, fails],[]
2002,[decides, dies],[]
2002,[],[]
2002,[arrives, calls, turns],[anonymous]
2002,[],[young]
2002,[],[]
2002,[calls],[]
2002,[gets],[frustrated]
2002,[],[aspiring]
2002,[decides, improves, realizes],[]
2002,[kills, comes, reveals, notifies],[]
2002,[],[]
2002,[],[]
2002,[],[old, unknown]
2002,[refuses],[]
2002,[],[]
2002,[],[disabled]
2002,[realises],[]
2002,[accompanies, goes, catches, gets, understands, stays, tells, realises, shows, finds, saves, sees, does, asks, takes, explains, says, gives, urges],[]
2002,[gathers],[]
2003,[],[angry]
2003,[],[]
2003,[arrives, walks, visits, agrees, leaves, calls, panics, asks, advises, urges, releases, pulls],[wounded, unwitting, poor]
2003,[],[flat]
2003,[recalls],[weird, drunk, old]
2003,[],[]
2003,[],[]
2003,[],[]
2003,[advises],[]
2003,[learns],[]
2003,[],[]
2003,[],[]
2003,[],[]
2003,[],[]
2003,[],[]
2003,[comes, threatens],[]
2003,[],[]
2003,[],[successful]
2003,[shoots],[]
2003,[begins, buys, hires, decides],[]
2003,[returns],[]
2003,[tries],[]
2003,[meets, falls],[]
2003,[stays, decides, comes, gets],[heartbroken]
2003,[rejects, meets],[true]
2003,[returns],[]
2003,[teaches, comes],[]
2003,[],[]
2003,[arrives],[]
2003,[tries, stuns, manages, claims],[]
2003,[],[]
2003,[tries, explains],[]
2003,[],[wealthy, young]
2003,[],[Indian]
2003,[],[]
2003,[alias],[]
2003,[kills, thwarts, decides, retaliates, tracks],[]
2003,[kills, tries, springs, goes, swears, thinks],[]
2003,[],[]
2003,[meets, seeks],[]
2003,[fails],[]
2003,[gives],[]
2003,[accepts],[]
2003,[],[]
2003,[],[]
2003,[],[]
2003,[finds],[]
2003,[disrupts, acquits, manhandles],[]
2003,[summons, burns],[]
2003,[plays],[]
2003,[],[]
2003,[helps],[]
2003,[],[]
2003,[],[]
2003,[meets, pretends],[nuclear]
2003,[kills, finds, exposes, changes, comes, expresses],[]
2003,[],[]
2003,[],[]
2003,[],[]
2003,[],[]
2003,[meets],[]
2003,[],[]
2003,[remains, bears],[]
2003,[],[dead]
2003,[],[]
2003,[],[]
2003,[],[late]
2003,[reprimands],[]
2003,[shows],[strange]
2003,[],[retired]
2003,[],[missing]
2003,[tells],[]
2003,[asks, reveals, wants],[]
2003,[],[]
2003,[],[]
2003,[gets],[]
2003,[],[biological]
2003,[says],[]
2003,[agrees, gathers],[]
2003,[believes],[]
2003,[intends, meets],[]
2003,[does],[]
2003,[meets, breaks],[rich]
2003,[],[]
2003,[],[]
2003,[],[]
2003,[invites, insults],[jealous]
2003,[],[]
2003,[],[]
2003,[],[]
2003,[],[]
2003,[],[18th]
2003,[links, distinguishes],[]
2003,[],[]
2003,[volunteers, keeps],[]
2003,[drowns, gets],[disappointed]
2003,[gets],[new]
2003,[],[]
2003,[],[]
2003,[],[]
2003,[decides, marries, gains, seeks],[]
2003,[criticises],[]
2003,[],[]
2003,[],[]
2003,[shatters],[new]
2003,[],[]
2003,[confronts, alarms],[]
2003,[],[young, kind, mysterious]
2003,[],[aspiring]
2003,[],[]
2003,[learns],[]
2003,[announces],[]
2003,[],[]
2003,[kidnaps, thinks],[]
2003,[],[guileless]
2003,[],[]
2003,[],[]
2003,[],[]
2003,[],[]
2003,[shares, dies, shoots],[]
2003,[sees],[young]
2003,[finds],[]
2003,[],[]
2003,[],[]
2003,[],[Holy]
2003,[],[]
2003,[finds, decides, reveals, realizes],[]
2003,[tries, works],[]
2003,[],[]
2003,[kidnapping],[]
2003,[kidnaps, suffers, leaves, wakes, expresses, pretends],[old]
2003,[saves],[injured]
2003,[finds],[]
2003,[],[]
2003,[],[holy]
2003,[],[]
2003,[overcomes, shows, meets],[]
2004,[arrives],[]
2004,[],[]
2004,[],[]
2004,[follows],[]
2004,[],[]
2004,[tells],[]
2004,[],[]
2004,[tries, chases, shows, fires, reveals, runs],[]
2004,[tries],[]
2004,[],[renowned, terrorist]
2004,[kills, tries, leaves, informs],[]
2004,[kills, tries, takes],[]
2004,[],[]
2004,[kills, checks, suspects, awakes],[]
2004,[],[]
2004,[kills],[free]
2004,[kills, chases, meets, reaches, goes, links, poses],[]
2004,[],[]
2004,[],[]
2004,[kills, decides, informs, gives],[]
2004,[meets],[]
2004,[calls],[]
2004,[arrives, advises],[]
2004,[turns],[homophobic]
2004,[],[unstable, young, changed]
2004,[],[]
2004,[agrees, sets, warns, organizes],[corrupt]
2004,[joins, finds, answers, emerges],[]
2004,[sets],[vulnerable, young]
2004,[],[]
2004,[tries, breaks, sees, bumps, goes, disheartens, loves, follows, returns, keeps],[]
2004,[ignores],[]
2004,[],[wealthy, young]
2004,[wants],[]
2004,[tells, ignores],[]
2004,[tells, bursts, apologises, sees, asks, decides, comes, winks, thinks, gets, runs],[Excited, shy, Alone]
2004,[],[]
2004,[goes, decides, angers],[]
2004,[],[]
2004,[],[young, rich]
2004,[realises, apologises, hands, grabs, manages, accuses],[]
2004,[instructs, jumps, shoots],[]
2004,[],[]
2004,[reports, breaks, sees, buries, helps],[bearded]
2004,[visits],[]
2004,[meets],[]
2004,[meets, finds, does, Vikas],[]
2004,[],[]
2004,[],[]
2004,[meets],[lighthearted, spirited, free]
2004,[],[]
2004,[],[]
2004,[considers, hits, tells, sees, proposes, returns, starts, dies, shoots],[]
2004,[],[sweet]
2004,[challenges, comes, beats],[]
2004,[warns],[]
2004,[summons],[]
2004,[],[young]
2004,[confesses],[]
2004,[arrives, kidnaps],[]
2004,[],[]
2004,[gets],[]
2004,[],[]
2004,[],[]
2004,[finds],[mysterious]
2004,[],[]
2004,[],[ruthless]
2004,[refuses, sends],[]
2004,[grows],[]
2004,[],[]
2004,[],[]
2004,[arrives, smiles, pleads, hides, tracks],[ruthless]
2004,[],[]
2004,[finds, sees],[]
2004,[finds],[]
2004,[],[]
2004,[identifies],[young]
2004,[],[]
2004,[confesses],[]
2004,[kills, agrees, finds, loves, heads, helps],[]
2004,[],[nice]
2004,[],[]
2004,[falls, moves, loves],[]
2004,[leaves, persuades, prompts],[unemployed]
2004,[tells],[]
2004,[comes],[]
2004,[],[luckiest]
2004,[tells, confronts, sees, warns, gets],[]
2004,[brings],[young]
2004,[realises, invites, forgets, refuses],[]
2004,[visits],[]
2004,[],[late]
2004,[scolds],[]
2004,[scolds],[]
2004,[],[Indian]
2004,[],[]
2004,[],[carefree]
2005,[],[]
2005,[realizes],[]
2005,[],[principled]
2005,[expects],[]
2005,[discloses],[]
2005,[returns, thinks],[]
2005,[],[eccentric]
2005,[turns],[]
2005,[realises],[]
2005,[states],[]
2005,[finds, informs],[]
2005,[],[lost]
2005,[],[honest]
2005,[],[happy]
2005,[gives],[]
2005,[],[young]
2005,[],[local]
2005,[takes],[]
2005,[meets],[beautiful]
2005,[begins, crowns, survives, returns, chooses, rises],[]
2005,[],[]
2005,[],[deceased, disabled, evil, twin]
2005,[],[shy]
2005,[lives],[]
2005,[cancels],[]
2005,[],[]
2005,[reveals, holds],[]
2005,[],[bitter]
2005,[],[]
2005,[manages],[]
2005,[leaves],[]
2005,[visits, flies, returns],[]
2005,[],[]
2005,[],[]
2005,[],[]
2005,[],[]
2005,[],[]
2005,[],[]
2005,[delivers],[]
2005,[],[childlike]
2005,[forgets],[]
2005,[fights, plans, learns, pleads, wants, beats, condoles],[horrified]
2005,[],[rich]
2005,[],[egoistic, good]
2005,[tries],[]
2005,[],[deaf, rich]
2005,[],[rough]
2005,[],[]
2005,[encounters, gets],[]
2005,[kills, helps, runs],[]
2005,[],[]
2005,[kills, zeroes, goes, learns, knocks, follows, creates, promises],[]
2005,[tells],[]
2005,[],[]
2005,[sends],[]
2005,[],[local]
2005,[follows],[]
2005,[breaks, loves, decides, proposes, gets, dances],[]
2005,[goes],[]
2005,[],[famous, idol]
2005,[realises, falls],[]
2005,[kills, finds, confesses, turns],[]
2005,[finds],[]
2005,[],[]
2005,[],[]
2005,[says],[]
2005,[rescues, investigates],[]
2005,[marries],[]
2005,[follows, marries, bites],[]
2005,[],[]
2005,[plans],[]
2005,[expresses],[]
2005,[wants, appoints],[]
2005,[kidnaps],[wrong]
2005,[appoints],[wealthy]
2005,[],[illegitimate]
2005,[],[deaf]
2005,[],[]
2005,[kills, decides],[]
2005,[develops],[]
2005,[],[]
2005,[],[]
2005,[],[]
2005,[tells, leaves, learns, proposes, wants, interrupts, returns, takes],[]
2005,[],[]
2005,[meets],[]
2005,[begins, escapes, journeys, initiates, lives, leaves, changes],[]
2005,[],[]
2005,[suggests],[]
2005,[],[]
2005,[],[]
2005,[tells, declines],[]
2005,[marries],[old, rich]
2005,[],[leading]
2005,[],[]
2005,[confronts],[shrewd]
2005,[alleviates, hands, assists, makes],[]
2005,[meets, convinces],[]
2005,[convinces, wants],[]
2005,[],[young]
2005,[arrives, wins, agrees, answers, dreams],[]
2005,[],[]
2005,[],[]
2005,[],[]
2005,[],[]
2005,[tells, feels, realises, finds, believes, asks, proposes, takes, discovers, oversleeps, gives],[]
2005,[],[]
2005,[],[]
2005,[eliminates, betrays],[]
2005,[returns],[]
2005,[plays, returns],[upright]
2005,[eliminates, reaches, foils, takes, gets],[mock]
2005,[tries, prepares],[]
2005,[wants, approaches, establishes],[]
2005,[],[]
2005,[],[]
2005,[begins, comes, sends],[]
2005,[],[young]
2005,[],[future]
2005,[],[favourite]
2005,[],[]
2005,[],[]
2005,[],[]
2005,[saves],[deaf]
2005,[],[handsome, loving, wealthy]
2005,[allows, enlists, refuses],[]
2005,[],[little]
2005,[offers],[]
2005,[decides],[]
2005,[bails, arrests, decides, makes, accuses, points, knows],[]
2005,[comes],[]
2005,[],[disabled]
2005,[wants],[]
2005,[],[responsible]
2005,[],[]
2005,[begins, succeeds],[]
2005,[],[]
2005,[],[jihadi]
2006,[],[]
2006,[finds],[]
2006,[focusses],[]
2006,[returns],[]
2006,[],[]
2006,[stands, catches, explains, throws, turns],[]
2006,[],[wealthy]
2006,[],[]
2006,[tries, subdues, discovers],[]
2006,[transforms, disappears],[]
2006,[records],[]
2006,[notices, throws],[]
2006,[],[elder]
2006,[comes],[]
2006,[informs],[fake, real]
2006,[tries, succumbs, meets, gets, shoots],[]
2006,[begins, flees, draws],[]
2006,[arrives, kills, vanishes, convinces, realizes, picks, gets, blames],[]
2006,[],[young]
2006,[sneaks, plans],[]
2006,[captures, wants],[]
2006,[],[]
2006,[],[]
2006,[tries, falls, befriends],[]
2006,[owes],[]
2006,[plays, charms],[]
2006,[],[]
2006,[owns, advises],[selfish]
2006,[],[runaway]
2006,[buys],[old, impotent]
2006,[manages, inspires],[]
2006,[happens],[]
2006,[],[]
2006,[agrees, looks, finds, asks],[]
2006,[],[]
2006,[],[]
2006,[includes],[]
2006,[],[]
2006,[sends],[]
2006,[],[]
2006,[searches, tries, lives, finds, shoots],[]
2006,[finds],[]
2006,[],[late]
2006,[],[]
2006,[asks, takes],[]
2006,[sees, throws],[]
2006,[comes],[]
2006,[finds],[]
2006,[realises, admits, professes, comes, gives, reminds, sends],[]
2006,[],[small]
2006,[tells, loves, holds, dies, reminds, shoots],[]
2006,[],[real]
2006,[],[]
2006,[],[]
2006,[],[]
2006,[],[young]
2006,[accompanies, realises],[]
2006,[wants],[]
2006,[tells, grabs],[]
2006,[invites],[]
2006,[],[good]
2006,[],[]
2006,[discusses, scraps, reveals, wants],[]
2006,[appeals, pays],[]
2006,[allows],[]
2006,[],[simple]
2006,[],[]
2006,[],[]
2006,[encourages],[]
2006,[encourages, succeeds, reads, resists, tells, engages, leaves, finds, asks, continues, receives, starts, launches],[]
2006,[approves, adds],[]
2006,[],[]
2006,[comes],[]
2006,[],[solitary]
2006,[],[drunk]
2006,[],[]
2006,[overpowers, reveals],[evil]
2006,[],[]
2006,[drops],[]
2006,[],[]
2006,[leaves],[]
2006,[convinces],[]
2006,[],[]
2006,[],[]
2006,[plays, finds],[]
2006,[tells],[]
2006,[tells],[]
2006,[],[]
2006,[],[]
2006,[tells],[]
2006,[travels, confronts, loses, complaints],[]
2006,[sends],[]
2006,[finds, knows],[]
2006,[buys, works, borrows, scolds, says],[anxious]
2006,[knocks],[young]
2006,[picks],[homeless]
2006,[introduces, confesses, inducts, promises, knows],[]
2006,[hopes],[]
2006,[],[]
2006,[values],[]
2006,[],[]
2006,[],[]
2006,[gives],[]
2006,[gives],[spoilt]
2006,[],[late]
2006,[begins, does, installs],[]
2006,[tries, saves, fights, sees, does, forces, decides, destroys, leaps, discovers, dares],[]
2006,[hits],[]
2006,[],[]
2006,[],[bad]
2006,[],[]
2006,[informs],[]
2006,[],[]
2006,[tells, leaves, convinces, moves, asks, starts],[]
2007,[plays],[]
2007,[],[]
2007,[],[wrong]
2007,[kills, begs, finds, befriends, removes, approaches, says, informs],[]
2007,[],[]
2007,[misbehaves, learns],[]
2007,[befriends, kicks, beats],[]
2007,[treats],[]
2007,[],[]
2007,[decides, steps],[]
2007,[],[local]
2007,[puts, trusts, plans, asks, manages, comes, holds, refuses, discovers, betrays],[]
2007,[recovers, commits],[]
2007,[],[biological, adored]
2007,[],[]
2007,[provokes, starts, thinks],[]
2007,[heads],[]
2007,[tries],[]
2007,[],[happy]
2007,[tries, pledges, accuses, gets],[]
2007,[],[famous]
2007,[laughs],[]
2007,[betrays],[]
2007,[],[unidentified]
2007,[],[]
2007,[],[]
2007,[finds, resigns, proposes, wants, realizes, prevents],[Indian, Muslim]
2007,[agrees, meets, inspires, refuses],[]
2007,[stops],[]
2007,[],[]
2007,[],[]
2007,[realises],[]
2007,[calls],[]
2007,[explains],[]
2007,[],[arrogant, pompous, Indian]
2007,[],[]
2007,[],[]
2007,[],[]
2007,[],[]
2007,[encounters],[]
2007,[realizes, thinks, engulfs],[]
2007,[gives],[]
2007,[tries, finds, decides],[]
2007,[],[]
2007,[],[]
2007,[],[]
2007,[kills, leads, reveals],[]
2007,[],[]
2007,[instructs, betrays],[]
2007,[],[biological]
2007,[kidnaps, kills],[]
2007,[sends],[]
2007,[],[]
2007,[gets],[]
2007,[],[poor]
2007,[],[]
2007,[decides],[]
2007,[needs],[]
2007,[],[right]
2007,[calls, hires, goes, explains, says],[]
2007,[blackmails, goes],[]
2007,[gets],[]
2007,[],[scared]
2007,[],[]
2007,[asks],[]
2007,[],[]
2007,[commits, discovers],[]
2007,[],[]
2007,[joins],[]
2007,[rebukes, follows, threatens, receives, demands, informs],[real]
2007,[finds],[]
2007,[],[young]
2007,[],[]
2007,[],[]
2007,[],[young, spoiled]
2007,[],[]
2007,[],[]
2007,[],[]
2007,[],[big]
2007,[],[Indian]
2007,[],[]
2007,[],[]
2007,[tells, dies],[]
2007,[],[]
2007,[],[]
2007,[],[]
2007,[introduces],[]
2007,[],[famous, lead]
2007,[manages, comes],[]
2007,[],[]
2007,[defeats],[]
2007,[smells],[]
2007,[sends],[]
2007,[finds, swears, takes],[]
2007,[complains],[prominent]
2007,[asks, rises],[private]
2007,[],[]
2007,[tells, comes],[]
2007,[leaves],[]
2007,[begins, gets],[]
2007,[],[]
2007,[],[]
2007,[],[disabled]
2007,[],[]
2007,[takes],[]
2007,[anger],[Lucky]
2007,[],[married]
2007,[meets, rescues, finds, survives, jumps, refuses],[]
2007,[],[decent]
2007,[],[]
2008,[],[simple]
2008,[],[small]
2008,[],[]
2008,[swears],[furious]
2008,[gets],[drunkard]
2008,[protests],[]
2008,[],[wannabe]
2008,[],[]
2008,[agrees, controls],[]
2008,[shares, replies, acts],[]
2008,[],[]
2008,[wins],[]
2008,[],[]
2008,[seduces, survives, loses, reveals, destroys, appears, stops, collects, reappears],[]
2008,[ignores, protests, confronts, confesses, hires, plans, does, causes, reveals],[]
2008,[],[commanding]
2008,[],[]
2008,[],[]
2008,[returns],[]
2008,[],[]
2008,[escapes],[]
2008,[],[]
2008,[notices, decides, comes, returns],[]
2008,[],[insane]
2008,[meets],[new]
2008,[tells],[]
2008,[tells, hires, manages],[]
2008,[],[]
2008,[],[late]
2008,[],[young]
2008,[works, owns, realizes, knows],[]
2008,[],[]
2008,[begs, comes, returns],[]
2008,[calls, knows],[]
2008,[discards],[]
2008,[],[]
2008,[relents, notices, tries, questions, surrenders],[]
2008,[],[honest, simple]
2008,[],[]
2008,[],[]
2008,[],[]
2008,[realises],[]
2008,[asks],[lame]
2008,[replaces],[]
2008,[tells, shows, supports, refuses],[new]
2008,[treats, reveals, wants, threatens, locks],[pleased]
2008,[tells, falls, loves, proposes, comes, reveals, gets],[]
2008,[],[]
2008,[declares],[]
2008,[],[]
2008,[],[]
2008,[tries],[]
2008,[],[]
2008,[],[]
2008,[sees],[brave]
2008,[],[]
2008,[tells, goes, proposes, returns, wishes],[]
2008,[tries, crashes],[]
2008,[],[spirited]
2008,[],[terrorist]
2008,[meets, remembers],[]
2008,[],[]
2008,[],[]
2008,[],[]
2008,[eases, thinks, discovers],[]
2008,[],[]
2008,[meets, sets, reveals, wants, says],[]
2008,[drops, meets, wants, turns],[Lucky]
2008,[decides, asks, scolds, forgives, explains, blames],[]
2008,[],[]
2008,[pursues, befriends],[]
2008,[suffers, befriends],[elderly]
2008,[],[]
2008,[],[]
2008,[feels],[]
2008,[],[]
2008,[disbands],[alive]
2008,[],[]
2008,[wants, gets],[]
2008,[tells],[ungrateful]
2008,[],[common]
2008,[],[]
2008,[carries],[common, unnamed]
2008,[tries, follows],[assistant, incompetent]
2008,[refuses, promises, gives],[]
2008,[learns],[]
2008,[],[old]
2008,[],[]
2008,[pleads, questions, takes],[]
2008,[agrees],[]
2008,[],[veteran, Shakespearean]
2008,[],[]
2008,[],[]
2008,[],[cruel]
2008,[tries, proposes],[]
2008,[tells],[]
2008,[disbelieves, manages, realizes, tackles],[]
2008,[],[adopted]
2008,[],[]
2008,[approaches],[strapping, young]
2008,[],[]
2008,[],[]
2008,[accuses],[]
2008,[],[]
2008,[meets],[]
2008,[],[mute]
2008,[encourages],[]
2008,[],[aspiring, gay]
2008,[marries, promises],[]
2008,[],[]
2008,[],[]
2008,[],[]
2008,[],[]
2008,[],[]
2008,[grows],[]
2008,[],[charismatic]
2008,[],[cheery]
2008,[battles],[horrified]
2008,[],[]
2008,[hails, offers, spends, convinces, invites],[]
2008,[],[]
2008,[continues, fails],[]
2008,[pleads],[]
2008,[tries],[]
2008,[],[]
2008,[],[]
2008,[],[]
2008,[meets],[]
2008,[],[]
2008,[suffers],[]
2008,[],[]
2008,[tells, gives],[]
2008,[],[]
2008,[finds, reads, tracks],[]
2008,[saves, calls],[]
2008,[knows],[]
2008,[],[]
2009,[],[foster]
2009,[],[]
2009,[heals],[]
2009,[flees],[]
2009,[arrives],[]
2009,[],[]
2009,[],[]
2009,[],[hunky]
2009,[realises, vows, makes, loses, discovers],[]
2009,[suffers, dies],[]
2009,[],[]
2009,[demands],[powerful]
2009,[],[]
2009,[],[]
2009,[],[young]
2009,[feels, finds, hopes, takes, contemplates],[tribal.Kamble]
2009,[],[]
2009,[],[patronizing]
2009,[causes],[cowardly, young]
2009,[notices, kills, tries, prefers, moves, plunges, uses],[]
2009,[],[]
2009,[],[lunatic]
2009,[flees, claims, shoots],[]
2009,[attacks, shoots],[]
2009,[attacks, shoots],[]
2009,[adores],[]
2009,[],[orthodox]
2009,[refuses, knows],[]
2009,[],[]
2009,[],[]
2009,[revolves],[]
2009,[],[stoic]
2009,[comes],[]
2009,[goes, realizes, refuses, stops],[]
2009,[explains],[foster]
2009,[chases, uses],[]
2009,[goes, realizes],[]
2009,[meets],[]
2010,[meets, sees, plans, decides],[]
2010,[tells, sees],[]
2010,[],[]
2010,[comes],[outraged]
2010,[],[]
2010,[shows],[]
2010,[],[]
2010,[convinces],[]
2010,[dedicates, sleeps, convinces, loses],[]
2010,[falls, finds, sees, wishes, receives, runs, promises, fails],[]
2010,[promises],[]
2010,[],[]
2010,[supports],[]
2010,[convinces],[]
2010,[],[]
2010,[],[]
2010,[],[]
2010,[],[young]
2010,[],[]
2010,[introduces],[]
2010,[],[young]
2010,[],[]
2010,[],[]
2010,[],[successful]
2010,[tells, travels, suffers, figures, decides],[]
2010,[],[fake]
2010,[tells, asks],[old]
2010,[carries],[]
2010,[offers, calls, ends],[]
2010,[],[]
2010,[tells],[]
2010,[presents],[]
2010,[meets],[old]
2010,[itches, sees, picks, discovers],[]
2010,[],[]
2010,[],[restless, young]
2010,[finds],[]
2010,[plays],[]
2010,[],[rustic, common, simple]
2010,[tries, goes],[]
2010,[],[]
2010,[persuades],[]
2010,[attacks],[]
2010,[],[]
2010,[],[old]
2010,[],[married]
2010,[],[]
2010,[demands],[]
2010,[],[twin]
2011,[],[elder]
2011,[tells, realises, reaches, saves, sees, lands, asks, gets, attempts],[]
2011,[],[]
2011,[uses],[]
2011,[tells, meets, shoots],[]
2011,[tries, asks, expels, comes, takes],[]
2011,[arrives, befriends, asks],[]
2011,[],[new, hostel, naive]
2011,[],[]
2011,[],[]
2011,[asks],[]
2011,[apologises, finds, compares],[]
2011,[shows],[]
2011,[],[old]
2011,[],[careless, high]
2011,[passes, wishes],[widowed]
2011,[],[]
2011,[],[dutiful]
2011,[tells, bribes, makes, threatens],[]
2011,[],[decent]
2011,[goes, expresses, requests, refuses, tells, hunts, shows, finds, does, asks, receives, thinks, promises, gives, likes, reminds],[]
2011,[sets],[]
2011,[narrates],[]
2011,[],[gregarious]
2011,[],[]
2012,[opens],[]
2012,[meets, confronts, continues, discovers],[]
2012,[tries, confronts],[]
2012,[],[]
2012,[completes],[]
2012,[finds],[]
2012,[],[common]
2012,[],[bad]
2012,[],[Manku]
2012,[],[]
2012,[gets],[]
2012,[apologises, calls, plans, loses, invites, recounts, takes, gives],[]
2012,[],[domineering]
2012,[],[strict]
2012,[tells, calls, goes, decides],[]
2012,[Singh],[]
2012,[],[]
2012,[visits],[]
2012,[works, decides, retires, refuses, arranges],[]
2012,[plans, invests],[]
2012,[attempts],[]
2012,[identifies],[]
2012,[identifies],[]
2012,[concludes],[]
2012,[],[]
2012,[],[shy]
2012,[disapproves],[]
2012,[],[]
2012,[],[]
2012,[starts],[young]
2012,[],[old, poor]
2012,[gets, knows],[]
2012,[],[]
2012,[tries, knows],[]
2012,[kills],[innocent]
2012,[],[]
2012,[reaches],[]
2012,[],[]
2012,[tries, assumes, leaves, forces, threatens, gets],[depressed]
2012,[],[]
2013,[tries, finds, ties, manages, reveals, baits, takes],[]
2013,[begs, grabs, says],[]
2013,[],[little]
2013,[],[autistic, twin]
2013,[],[]
2013,[],[]
2013,[],[wealthy]
2013,[],[]
2013,[],[]
2013,[tells, challenges, catches],[]
2013,[],[common]
2013,[],[]
2013,[teaches, assumes, works, confronts, leaves, sees, explains, says],[]
2013,[],[supporting]
2013,[shoots],[]
2013,[declares, convinces],[]
2013,[marries, pushes],[]
2013,[],[]
2013,[],[]
2013,[],[]
2013,[offers, introduces, goes, drinks, reveals, shakes, steals, crashes, betrays, begins, tells, calls, plans, dies, gives, establishes],[]
2014,[],[]
2014,[meets, loves],[]
2014,[],[]
2014,[],[]
2014,[meets, says],[]
2014,[],[]
2014,[causes],[wounded]
2014,[],[]
2014,[asks],[]
2014,[finds, decides],[terrorist]
2014,[],[]
2014,[],[]
2014,[],[]
2014,[],[rich]
2014,[],[]
2014,[breaks],[young, mysterious, unsuccessful]
2014,[adopts],[]
2014,[believes, asks, refuses, disapproves, gets],[]
2014,[],[local]
2015,[],[]
2015,[tries, falls, calls, asks, loves, realizes, helps],[]
2015,[expresses],[]
2015,[],[unemployed]
2015,[lands],[]
2015,[calls],[real]
2015,[],[]
2015,[],[]
2015,[],[]
2015,[treats],[]
2015,[],[]
2015,[goes, decides, proposes, attends],[]
2015,[],[]
2015,[],[changed]
2015,[],[]
2015,[tries, sees, asks],[]
2015,[],[]
2015,[],[functioning]
2015,[nabs],[]
2015,[],[]
2015,[talks],[]
2015,[arrives, confronts, convinces, senses, goes, decides, suspects, steps, trusts, leads, nabs, warns, starts, informs],[]
2015,[opens, blames],[]
2015,[despises, ends],[]
2015,[],[popular]
2015,[arrives, refuses],[]
2015,[loses, comes, stops],[frustrated]
2015,[],[]
2015,[finds],[wise]
2015,[],[young]
2015,[],[]
2015,[],[cousins]
2015,[],[]
2015,[],[buffoonish, orthodox, obese]
2015,[beats],[]
2015,[finds],[]
2015,[],[]
2015,[advises],[real]
2015,[falls],[]
2015,[],[Muslim]
2015,[meets],[attractive, young]
2015,[narrates],[]
2015,[tries],[]
2015,[tells, kills, finds, manages, regains, discovers, urges],[invisible]
2015,[],[]
2015,[],[]
2015,[sees],[]
2015,[],[]
2015,[requests, takes],[]
2015,[],[powerful]
2015,[],[dead]
2015,[tells, shows, finds, sees, goes, remembers, spots, realizes, takes, releases],[]
2015,[],[]
2015,[],[fake]
2015,[takes],[strong, secure]
2015,[],[]
2015,[loves],[]
2015,[fakes, nicknames, hears],[]
2015,[],[wealthy]
2015,[reaches, threatens, takes],[]
2015,[tells],[]
2015,[],[]
2015,[notices, messes, plans, kicks, triggers],[]
2015,[treats],[]
2015,[],[]
2015,[tells, tries, meets, admits, finds, participates, reveals, jumps, picks],[]
2015,[],[]
2015,[tells, realises, sees, asks, spots],[]
2015,[],[]
2015,[],[]
2015,[tells, travels, tries, falls, meets, smells, smiles, asks, reunite, gives],[]
2015,[sees],[elderly]
2015,[],[]
2015,[tells, wants, gets, rejoins],[jealous]
2015,[goes, gives],[]
2015,[],[]
2015,[],[]
2015,[],[]
2015,[],[strong, young, adventurous]
2015,[],[]
2015,[],[Pakistani]
2015,[],[Pakistani]
2015,[dies],[]
2015,[],[]
2015,[],[]
2015,[tells, coaches, reports, leaves, calls, asks, threatens, returns, takes],[]
2015,[comes, refuses],[]
2015,[realises, acts],[]
2015,[goes, recommends],[]
2015,[],[]
2015,[],[]
2015,[],[]
2015,[gets],[]
2015,[],[]
2015,[],[]
2015,[],[second]
2015,[],[]
2015,[],[]
2015,[],[decent]
2015,[saves, reaches, decides, asks, comes],[]
2015,[],[ordinary]
2015,[],[future]
2015,[tells, sends],[]
2015,[notices, arrives, accepts, decides],[]
2015,[tells],[]
2015,[goes],[]
2015,[finds, asks],[]
2015,[],[nice]
2015,[files],[]
2015,[],[]
2015,[],[]
2015,[],[]
2015,[arrives],[]
2015,[ends, helps, explains],[]
2015,[meets, finds, disapproves],[]
2015,[],[]
2015,[],[wealthy, married]
2015,[tries],[]
2015,[reconciles, escapes, frees, faces],[real]
2015,[hands, forgives],[]
2015,[burns],[]
2015,[],[vengeful, newborn]
2015,[],[]
2014,[ends],[]
2014,[],[]
2014,[],[]
2014,[],[masked, rich, local]
2014,[believes],[]
2014,[tells, tries, meets, leaves, asks, comes, scolds, realizes, assigns, helps, receives, backs],[]
2014,[forgives],[]
2014,[],[]
2014,[],[]
2014,[],[]
2014,[],[]
2014,[],[]
2014,[],[]
2014,[kills, reimburses, finds, asks, talks, warns, spares, threatens, realizes, refuses, gets, shoots],[]
2014,[shoots],[]
2014,[],[]
2014,[begs, uncovers],[]
2014,[confuses, lets],[]
2014,[asks],[]
2014,[joins],[]
2014,[],[]
2014,[enters],[]
2014,[],[typical]
2014,[realises, confronts, confesses, goes, makes, rushes, reunite, starts, takes, says, seeks],[]
2014,[hopes],[]
2014,[calls],[]
2014,[learns],[]
2014,[goes, learns, lectures, comes, gets, tells, visits, shows, sees, calls, prepares, inquires, pays],[]
2014,[narrates],[]
2014,[],[willful]
2014,[],[lunatic, old]
2014,[],[]
2014,[],[]
2014,[],[]
2014,[changes, struggles],[victorious]
2014,[],[young]
2014,[offers, tells],[]
2014,[uses],[]
2014,[],[underprivileged]
2014,[],[]
2014,[],[]
2014,[],[balanced]
2014,[finds, reunite, thinks, runs],[]
2014,[meets],[]
2014,[],[]
2014,[],[]
2014,[moves, comes, remembers, gets],[]
2014,[takes],[upright]
2014,[],[]
2014,[],[]
2014,[accepts, decides, spots, holds, takes],[]
2014,[],[twin]
2014,[disowns],[]
2014,[leaves],[]
2014,[],[]
2014,[meets],[young]
2014,[barges],[masked]
2014,[encounters],[]
2014,[grows, tells, arrives, escapes, introduces, falls, leaves, encounters, reunites, manages],[]
2014,[meets],[influential]
2014,[],[]
2014,[],[hot]
2014,[hears],[]
2014,[beats],[]
2014,[arranges, takes, understands],[]
2014,[hands, goes, pays],[rich]
2014,[],[lost, long]
2014,[starts],[]
2014,[],[]
2014,[],[]
2014,[gets],[real]
2014,[],[]
2014,[],[]
2014,[reconciles, confronts, asks],[]
2014,[chases],[]
2014,[],[]
2014,[convinces, starts],[Asian]
2014,[],[]
2014,[],[Russian, deranged]
2014,[gives],[]
2014,[],[]
2014,[],[]
2014,[],[assistant]
2014,[],[]
2013,[],[]
2013,[],[]
2013,[],[]
2013,[],[]
2013,[],[]
2013,[dies],[]
2013,[decides, gets],[]
2013,[],[]
2013,[],[religious]
2013,[],[corrupt]
2013,[tells, observes, decides, marries],[]
2013,[],[arrogant, young, controlling]
2013,[],[]
2013,[rallies],[wealthy]
2013,[comes],[]
2013,[],[]
2013,[humiliates],[]
2013,[plans, decides, comes, praises],[angry]
2013,[finds, reveals, marries],[]
2013,[shoots],[]
2013,[feeds],[old, innocent]
2013,[calls],[]
2013,[gets],[]
2013,[],[]
2013,[stabs],[]
2013,[],[local]
2013,[confesses, ends, manages, thinks, explains, informs],[]
2013,[thinks],[]
2013,[],[]
2013,[],[]
2013,[turns],[]
2013,[],[similar]
2013,[unites, pretends, blames],[]
2013,[],[]
2013,[],[]
2013,[brings, knocks, returns, charms, attempts],[single]
2013,[clutches, asks],[]
2013,[disapproves],[second]
2013,[asks],[]
2013,[],[]
2013,[],[]
2013,[],[]
2013,[],[]
2013,[dies],[]
2013,[lays],[]
2013,[],[twin]
2013,[],[]
2013,[],[]
2013,[begins],[]
2013,[arrives],[]
2013,[tells, falls, reveals],[]
2013,[runs],[]
2013,[],[]
2013,[],[homeless]
2013,[dies],[]
2013,[advises],[innocent]
2013,[tells, tries, finds, learns, remembers, claims, throws, shoots],[bereft]
2013,[arrives, kills, plans, charms, helps],[]
2013,[asks, comforts],[]
2013,[kills, tries, meets, accepts, calls, challenges, exacts, goes, catches, takes],[]
2013,[meets],[]
2013,[saves],[]
2013,[],[]
2013,[calls],[]
2013,[hits, finds, dies],[strict]
2013,[],[old]
2013,[wants],[]
2013,[kills],[]
2013,[],[]
2013,[marries],[]
2013,[],[rich]
2013,[argues],[]
2013,[],[]
2013,[],[]
2013,[tells, scolds, starts, slaps, pushes],[]
2013,[joins],[]
2013,[],[]
2013,[],[delinquent]
2013,[],[scheming]
2013,[kills, reaches, calls, provides, shoots],[]
2013,[kills, sends],[]
2013,[],[]
2013,[tracks],[]
2013,[tells, meets, nabs],[]
2013,[tells, meets, wakes, starts],[bearded]
2013,[reveals],[]
2013,[cherishes, starts],[]
2013,[],[idealistic]
2013,[],[]
2013,[],[]
2013,[],[]
2013,[hopes],[]
2013,[],[brave]
2013,[],[real]
2013,[saves, changes, writes, annoys],[]
2013,[dies],[]
2013,[],[couple]
2013,[],[]
2012,[goes],[]
2012,[calls, goes, blindfolds],[]
2012,[brings, suffers],[]
2012,[calls],[]
2012,[tells],[]
2012,[sets],[]
2012,[calls],[]
2012,[arranges],[angel]
2012,[wakes, makes, returns],[]
2012,[],[]
2012,[loves],[young]
2012,[suggests],[]
2012,[],[useless]
2012,[puts, sends],[]
2012,[],[]
2012,[declines, saves, warns, takes, starts],[]
2012,[travels],[]
2012,[experiences],[young, intelligent]
2012,[prepares],[]
2012,[kills, arrests, moves, jumps, marries, dies, locks],[]
2012,[falls, arrests, humiliates],[]
2012,[meets, confronts, finds, blackmails, presents, sends],[]
2012,[visits, works, finds, remembers, informs],[]
2012,[says, informs],[]
2012,[allows, tells, realises, meets, hides, insists, vow],[]
2012,[breaks, speaks],[]
2012,[joins],[]
2012,[asks, comes, says, runs, shoots, sends],[]
2012,[],[]
2012,[],[powerful, effeminate]
2012,[sends],[]
2012,[],[flirtatious]
2012,[disappears],[]
2012,[],[]
2012,[],[]
2012,[bumps],[]
2012,[agrees, wants],[]
2012,[],[]
2012,[],[]
2012,[tells],[]
2012,[makes],[]
2012,[tells, kills, meets, finds, leads, learns, decides, makes, lies, advises, promises],[]
2012,[],[young]
2012,[],[]
2012,[wins, meets],[]
2012,[],[]
2012,[],[]
2012,[tells, calls],[]
2012,[tells, accompanies, meets, falls, calls, asks, returns, lets, discovers],[]
2012,[],[late]
2012,[],[]
2012,[],[fictitious]
2012,[],[]
2012,[],[]
2012,[],[young]
2012,[],[ordinary]
2012,[manipulates],[lead]
2012,[goes],[]
2012,[],[lost]
2012,[injures, tries, introduces, rescues, convinces, gets, tells, brings, saves, does, asks, starts, takes, writes],[]
2012,[tells, injures, works, sets, leaves, asks, beats, appears],[]
2012,[],[]
2012,[confesses, ends, beats, runs],[silent, strong]
2012,[loves],[young]
2012,[],[young]
2012,[involves],[]
2012,[],[diffident]
2012,[makes, shoots],[strict]
2012,[manages, forces],[tutor]
2012,[],[]
2012,[],[]
2012,[],[elder]
2012,[wants],[]
2012,[],[perfect]
2012,[tells, realizes, refuses, pretends],[]
2012,[joins, meets, spots, catches],[]
2012,[tells, drops, goes, does, asks, spots, says],[]
2012,[hangs, advices],[]
2012,[forgives, catches],[]
2012,[falls, starts],[]
2012,[arrives],[]
2012,[],[]
2012,[],[old]
2012,[],[]
2012,[],[]
2012,[],[bitter]
2012,[],[]
2012,[],[unemployed]
2012,[],[]
2012,[],[]
2012,[realises, assigns],[]
2012,[joins],[]
2012,[],[]
2012,[],[perfect]
2012,[tries, decides],[]
2012,[],[]
2012,[gets],[]
2012,[],[]
2011,[],[]
2011,[lives, reveals, attempts],[]
2011,[],[]
2011,[],[]
2011,[],[]
2011,[],[middle]
2011,[arrives, a.k.a., comes, uses],[gravesite]
2011,[realizes, discovers],[]
2011,[gives],[]
2011,[meets, goes, returns, takes],[]
2011,[meets, threatens],[]
2011,[thinks, gets],[]
2011,[],[]
2011,[],[]
2011,[seeks],[]
2011,[],[]
2011,[thinks],[]
2011,[],[]
2011,[],[]
2011,[suspects],[]
2011,[feels, tries, fights, manages, comes, sends, ignores, falls, finds, listens, sees, befriends, asks, explains, says, insists],[]
2011,[hates],[]
2011,[finds],[local]
2011,[tells],[]
2011,[],[]
2011,[falls, leaves],[]
2011,[meets, decides, pretends],[]
2011,[],[respective]
2011,[angers],[]
2011,[calls, approaches],[]
2011,[],[]
2011,[],[]
2011,[tries, confronts, finds, confesses, befriends, gives],[]
2011,[elopes],[]
2011,[poses],[]
2011,[],[]
2011,[sees, knocks],[furious]
2011,[tells, kills, plays, targets],[]
2011,[visits, meets, finds, saves, makes, informs],[]
2011,[tells, decides],[]
2011,[],[]
2011,[enters],[]
2011,[],[biological]
2011,[],[new]
2011,[suggests, spends, realises, vows, calls, accuses, throws, flirts],[]
2011,[],[]
2011,[],[]
2011,[goes],[]
2011,[],[simple]
2011,[],[young, drifter, unemployed]
2011,[takes],[]
2011,[],[]
2011,[],[]
2011,[],[]
2011,[],[]
2011,[opposes, gets],[]
2011,[accepts],[]
2011,[begins, convinces],[]
2011,[grows, tells, asks, throws],[]
2011,[tells, invites],[]
2011,[wants, insists],[]
2011,[spots, disagrees],[]
2011,[obtains, winds],[]
2011,[],[]
2011,[],[]
2011,[lies, takes],[]
2011,[],[blind]
2011,[],[]
2011,[],[good]
2011,[notices, informs],[]
2011,[],[]
2011,[meets, accepts],[]
2011,[assists],[]
2011,[picks],[]
2011,[tells, asks],[]
2011,[tells, tries, meets, thinks, volunteers, terminates],[conservative]
2011,[],[simple]
2011,[],[bitter]
2011,[tries, rejects, loses, forgives, comes, helps, starts, blames, fears],[]
2011,[],[]
2011,[dates],[]
2011,[tries, convinces, claims],[]
2011,[],[honest]
2011,[],[]
2011,[meets],[old, rival]
2010,[],[]
2010,[],[young]
2010,[],[]
2010,[],[real]
2010,[finds, raises],[]
2010,[],[]
2010,[works],[]
2010,[],[]
2010,[],[]
2010,[gets],[]
2010,[believes],[]
2010,[tells],[]
2010,[tells, visits, falls, finds, sees, starts, gets],[]
2010,[gets],[common]
2010,[works],[]
2010,[],[]
2010,[],[]
2010,[plays],[]
2010,[arrives, kills],[jealous, homicidal, vicious]
2010,[],[future]
2010,[],[leftist]
2010,[comes],[]
2010,[],[]
2010,[gives],[]
2010,[tells, opens],[]
2010,[],[]
2010,[tries, finds, comes, explains, runs, hates],[brokenhearted]
2010,[],[]
2010,[finds],[]
2010,[],[]
2010,[],[]
2010,[],[]
2010,[spends, convinces, pleads, learns, comes, chases, impresses, calls, returns, wishes, takes, fails, assaults],[]
2010,[chases, declares, introduces, goes, forces, causes, comes, returns, says, gives, assaults],[stern]
2010,[],[]
2010,[tries, turns],[]
2010,[fails],[]
2010,[agrees],[young, grown]
2010,[discovers],[]
2010,[],[]
2010,[knocks],[]
2010,[appoints],[]
2010,[],[]
2010,[],[]
2010,[],[]
2010,[],[]
2010,[steps],[sympathetic]
2010,[],[]
2010,[meets, lives, convinces, comes, forgives, beats, marries, gets, falls, suffocates, adulterates, invites, takes],[]
2010,[refuses],[]
2010,[resolves, opposes, feels, suffers, convinces, asks, commits, refuses],[]
2010,[],[]
2010,[],[young]
2010,[],[]
2010,[],[]
2010,[attempts],[]
2010,[arrives, works, befriends, starts, knows],[]
2010,[tells],[]
2010,[],[]
2010,[],[young]
2010,[cancells],[]
2010,[understands],[]
2010,[],[]
2010,[],[young, happy]
2010,[finds, grabs],[]
2010,[finds, wants],[]
2010,[goes],[]
2010,[meets, devises, assures],[]
2010,[],[]
2010,[runs, pays],[local]
2010,[calls],[]
2010,[comes],[]
2010,[tries],[]
2010,[suffers, invites],[]
2010,[],[]
2010,[],[haggard, old, second]
2010,[],[]
2010,[helps],[]
2010,[rejects, forbids],[hostile, demanding]
2010,[watches, replies],[]
2010,[hesitates],[]
2010,[],[famous]
2010,[],[noble]
2010,[starts],[]
2009,[drowns],[]
2009,[],[surrogate]
2009,[arrives, enlists, follows],[]
2009,[feels, escapes, lives, enters, moves, uses],[]
2009,[finds, picks],[]
2009,[sees, starts],[]
2009,[],[]
2009,[tells, tries],[]
2009,[],[]
2009,[begins, agrees, feels, realises, meets, falls, finds, breaks, learns, discovers],[bereft]
2009,[],[young]
2009,[],[young, Muslim]
2009,[meets, loves, surrenders],[]
2009,[tries, overhears, lures],[]
2009,[],[divorced]
2009,[],[]
2009,[rejects, decides],[]
2009,[],[]
2009,[travels, declares, ridicules],[]
2009,[stays, begins, calls, ridicules],[]
2009,[tells, interrupts],[inebriated]
2009,[],[twin]
2009,[outwits, sends],[]
2009,[arrives, tries, treats, apologises, intervenes, lets],[]
2009,[tells, introduces, blackmails],[]
2009,[],[]
2009,[],[short]
2009,[returns],[]
2009,[],[second]
2009,[reconciles],[]
2009,[helps],[]
2009,[],[]
2009,[gains],[]
2009,[],[]
2009,[],[late]
2009,[],[]
2009,[],[legendary]
2009,[meets],[old]
2009,[proposes],[]
2009,[],[young]
2009,[asks, takes, gets],[]
2009,[argues, tells, looks, falls, lives, reaches, asks, holds, rushes, understands],[]
2009,[wants],[]
2009,[],[]
2009,[kills, hires, manages],[]
2009,[arrives],[]
2009,[],[adopted]
2009,[],[]
2009,[],[]
2009,[],[]
2009,[walks, welcomes, calls, asks, stops, thinks, explains, keeps],[]
2009,[welcomes, asks, learns],[]
2009,[receives],[elderly, rich]
2009,[],[]
2009,[],[carefree]
2009,[allows, motivates, shows, confides, makes, invites, rushes, expresses, displaces, receives],[]
2009,[],[]
2009,[],[]
2009,[],[mute, local]
2009,[],[wealthy, elder]
2009,[hires, asks],[]
2009,[wins, arrives, tells, tries, hires, asks, decides, answers, refuses, receives],[]
2009,[],[certain]
2009,[dies],[]
2009,[tells, tries, seduces, goes, comes, marries, pushes, flirts],[old, sad]
2009,[pardons, deceives, confesses, decides, creates, boos],[old]
2009,[lives],[]
2009,[],[]
2009,[],[]
2009,[reveals, narrates],[]
2009,[joins],[]
2009,[enters, throws],[]
2009,[],[]
2009,[finds],[]
2009,[brings],[]
2009,[],[happy, intelligent]
2009,[tells, tries, meets, decides, loses, says, sends],[annoyed]
2009,[],[]
2009,[wakes, suspects, starts],[]
2009,[],[]
2009,[],[]
2009,[],[]
2009,[],[favorite, successful]
