MOVIE NAME, YEAR, MALE SINGER COUNT, FEMALE SINGER COUNT, MALE SONG COUNT, FEMALE SONG COUNT
Raabta (film)_2017,2017,5,2.0,8,2.0
Luv U Soniyo_2013,2013,4,1.0,6,1.0
Sahibaan_1993,1993,2,2.0,3,6.0
Baap Numbri Beta Dus Numbri_1990,1990,1.0,2,1.0,4
Jyoti Bane Jwala_1980,1980,3,3.0,4,5.0
Main Sunder Hoon_1971,1971,5.0,3,10.0,13
Shuddh Desi Romance_2013,2013,2.0,3,2.0,3
Ready (2011 film)_2011,2011,3,1.0,6,4.0
Platform (1993 film)_1993,1993,3.0,3,4.0,5
Hum Bhi Insaan Hain (1989 film)_1989,1989,1.0,4.0,1.0,4.0
Hum To Mohabbat Karega_2000,2000,6.0,2,11.0,6
Kal Ki Awaz_1992,1992,1,3.0,7,9.0
Thakshak_1999,1999,1,0.0,3,0.0
Sadiyaan_2010,2010,3,3.0,4,4.0
Haathon Ki Lakeeren_1986,1986,1.0,1.0,1.0,1.0
Muqaddar Ka Faisla_1987,1987,1,1.0,4,3.0
Dulha Bikta Hai_1982,1982,2.0,3,3.0,6
Dawat_1974,1974,1.0,2,1.0,4
Julie (1975 film)_1975,1975,1,4.0,2,5.0
Humshakals_2014,2014,2,3.0,2,6.0
Zamaane Ko Dikhana Hai_1981,1981,2,1.0,3,2.0
Veerta_1991,1991,2.0,3,4.0,6
Aaj Ka Samson_1991,1991,1.0,6,1.0,9
Nasbandi_1978,1978,2,3.0,3,6.0
Guest Iin London_2017,2017,0.0,0.0,0.0,0.0
Masoom (1983 film)_1983,1983,3.0,3,3.0,3
Saudagar (1991 film)_1991,1991,4.0,3,6.0,6
Kites (film)_2010,2010,7,1.0,16,2.0
Jaanam_1992,1992,1.0,2,1.0,8
Maan Gaye Ustaad_1981,1981,2.0,2,5.0,5
Kushti (film)_2010,2010,2.0,2,2.0,2
Paras (film)_1971,1971,4.0,3,5.0,9
Patanga_1971,1971,1,3.0,5,3.0
Pink (2016 film)_2016,2016,1.0,1.0,2.0,1.0
Suhaag (1994 film)_1994,1994,3,3.0,8,6.0
Mastizaade_2016,2016,2.0,2.0,2.0,2.0
Rangila Ratan_1976,1976,3,2.0,5,2.0
Tubelight (film)_2017,2017,10.0,0.0,11.0,0.0
Gundaraj_1995,1995,1,2.0,5,3.0
Baazi (1995 film)_1995,1995,1,2.0,5,6.0
Action Replayy_2010,2010,5,5.0,6,9.0
Sone Pe Suhaaga_1988,1988,2.0,2,5.0,6
Hate Story_2012,2012,1.0,1.0,1.0,2.0
Panaah (film)_1992,1992,2.0,2,5.0,6
Hafta Vasuli_1998,1998,0.0,0.0,0.0,0.0
Fever (2016 film)_2016,2016,3,3.0,5,6.0
Tere Mere Phere_2011,2011,2,0.0,2,0.0
Break Ke Baad_2010,2010,3,3.0,7,5.0
Naami Chor_1977,1977,4.0,2,6.0,6
Ab Ayega Mazaa_1984,1984,3.0,3,4.0,4
Mahaan_1983,1983,3,2.0,7,3.0
Ek Chadar Maili Si_1986,1986,0.0,1.0,0.0,3.0
Khamoshi: The Musical_1996,1996,4,3.0,7,7.0
Damini  Lightning_1993,1993,1,2.0,4,5.0
Kalyug Aur Ramayan_1987,1987,2.0,3,4.0,4
Dulhan (1975 film)_1974,1974,1.0,1,1.0,4
Anokha Rishta_1986,1986,0.0,2,0.0,4
Dream Girl (1977 film)_1977,1977,1,2.0,2,4.0
Ghar Jamai (1992 film)_1992,1992,2,3.0,2,6.0
Mumbai Mirror (film)_2013,2013,4,3.0,4,3.0
Tujhe Nahin Chhodunga_1989,1989,1.0,4,2.0,10
Toofan Aur Bijlee_1975,1975,2,1.0,3,4.0
Dharam Karam_1975,1975,4.0,3,15.0,8
Loot (2011 film)_2011,2011,3.0,2,4.0,2
Anokha Milan_1972,1972,2,0.0,2,0.0
Bhookamp_1993,1993,3,3.0,5,5.0
Sarfarosh (1999 film)_1999,1999,4,2.0,4,4.0
Kaun Kare Qurbaani_1991,1991,2.0,2,8.0,9
Nafrat_1987,1987,1.0,1,1.0,2
Izzatdaar_1990,1990,1.0,3,1.0,13
Qila (film)_1998,1998,3.0,4.0,8.0,8.0
Rocky (1981 film)_1981,1981,1,2.0,5,4.0
Teri Meherbaniyan_1985,1985,0.0,3,0.0,4
Karma (1986 film)_1986,1986,4,2.0,6,5.0
Jai Kishen_1994,1994,2,2.0,5,2.0
Dilbar (1994 film)_1994,1994,2.0,2,4.0,5
Aazmayish_1995,1995,3,1.0,6,2.0
Ghamandee_1981,1981,1.0,1,1.0,6
Raaton Ka Raja_1970,1970,2,3.0,5,5.0
Kaafila_2007,2007,2,1.0,5,1.0
Jawaani_1984,1984,0.0,3,0.0,15
Rajaji (film)_1999,1999,2,4.0,5,5.0
PK (film)_2014,2014,3.0,1.0,4.0,3.0
Kali Ganga_1990,1990,1.0,2.0,1.0,2.0
Inaam Dus Hazaar_1987,1987,1.0,2,3.0,4
Naiyya_1979,1979,3,1.0,6,2.0
Janbaaz_1986,1986,3.0,3.0,5.0,6.0
Sachaa Jhutha (1970 film)_1970,1970,3.0,2,8.0,2
Judwaa_1997,1997,3,2.0,6,3.0
Chal Pichchur Banate Hain_2012,2012,4.0,2,7.0,3
Waqt Ka Badshah_1992,1992,1,0.0,2,0.0
War Chhod Na Yaar_2013,2013,11,2.0,13,4.0
Sarphira_1992,1992,1.0,2,1.0,5
Chandi Sona_1977,1977,5.0,1,10.0,8
Shandaar_1990,1990,1.0,3.0,1.0,7.0
Ram Tere Kitne Nam_1985,1985,1,2.0,2,3.0
Santa Banta Pvt Ltd_2016,2016,3,0.0,7,0.0
Barood (1976 film)_1976,1976,1.0,1,4.0,2
Saala Khadoos_2016,2016,2.0,0.0,2.0,0.0
Oh Darling! Yeh Hai India_1995,1995,6,1.0,11,1.0
Maazii (2013 film)_2013,2013,3,2.0,3,2.0
Karan Arjun_1995,1995,3,3.0,6,7.0
Humlaa_1992,1992,2.0,3.0,2.0,5.0
Anmol Sitaare_1982,1982,1.0,6,2.0,19
Boxer (1984 film)_1984,1984,2.0,2,5.0,5
Rang Rasiya_2014,2014,3.0,1,3.0,2
United Six (film)_2011,2011,0.0,0.0,0.0,0.0
Bin Phere Hum Tere_1979,1979,2,2.0,3,6.0
Khoon Ki Keemat_1974,1974,1.0,1,2.0,8
Mafia (1996 film)_1996,1996,2.0,3,5.0,5
Andar Baahar_1984,1984,3,1.0,5,3.0
Saanch Ko Aanch Nahin_1979,1979,2,1.0,5,4.0
Mr. and Mrs. Khiladi_1997,1997,5,4.0,7,5.0
Hatim Tai (1990 film)_1990,1990,1.0,4.0,1.0,7.0
Kabeela_1976,1976,3.0,2,5.0,4
Khilona (1970 film)_1970,1970,3.0,2,5.0,3
Tutak Tutak Tutiya_2016,2016,1,2.0,1,2.0
Badi Bahen_1993,1993,1.0,3,1.0,8
Garajna_1991,1991,2.0,5,2.0,6
Daku Aur Mahatma_1977,1977,2.0,3,2.0,12
Heroine (2012 film)_2012,2012,2.0,3,2.0,3
Deewaangee_1976,1976,1,3.0,4,5.0
Nidaan_2000,2000,2.0,1,3.0,6
Raadha Aur Seeta_1979,1979,3.0,2,4.0,13
Insaf Ki Pukar_1987,1987,1,2.0,3,4.0
Kapoor & Sons_2016,2016,3,2.0,5,2.0
Bond 303_1985,1985,3,2.0,5,3.0
Waaris (1988 film)_1988,1988,3.0,2,5.0,6
Devi (1970 film)_1970,1970,1.0,1.0,1.0,1.0
Taqdeerwala_1995,1995,4,2.0,8,7.0
Charitraheen_1974,1974,1.0,2,1.0,4
Mr. Singh / Mrs. Mehta_2010,2010,3,3.0,4,5.0
Players (film)_2012,2012,6,5.0,10,7.0
Damaad_1978,1978,1.0,1,3.0,5
Mardaani_2014,2014,0.0,1,0.0,1
Sahebzaade_1992,1992,1.0,3,1.0,7
Dum Maaro Dum (film)_2011,2011,6,2.0,7,4.0
Anjaane (2000 film)_2000,2000,5,2.0,6,4.0
Dharti_1970,1970,1,2.0,4,5.0
Uttar Dakshin_1987,1987,0.0,2,0.0,4
Vishwasghaat_1996,1996,1,2.0,3,6.0
Swami Dada_1982,1982,2,2.0,6,5.0
Hey Bro_2015,2015,6.0,2,6.0,2
Tees Maar Khan_2010,2010,6,3.0,10,7.0
Hungama (1971 film)_1971,1971,4.0,2,6.0,9
Do Musafir_1978,1978,0.0,1,0.0,2
Prem Yog_1994,1994,4,2.0,10,8.0
Honeymoon (1973 film)_1973,1973,2,1.0,7,4.0
Gunah Aur Kanoon_1970,1970,0.0,1,0.0,6
5 Rifles_1974,1974,1.0,1.0,8.0,2.0
Haiwan_1977,1977,6,2.0,10,4.0
Alag Alag_1985,1985,1,1.0,10,7.0
Mastan Dada_1977,1977,2.0,2,3.0,5
Tadipaar_1993,1993,2,2.0,6,6.0
Ijaazat_1987,1987,0.0,1,0.0,1
Badi Maa_1974,1974,2.0,3,3.0,9
Hisaab Khoon Ka_1989,1989,0.0,3,0.0,5
Nastik (1983 film)_1983,1983,2.0,4,3.0,5
Jodidar_1997,1997,5,3.0,5,3.0
Joroo Ka Ghulam_1972,1972,1,2.0,4,3.0
Umbartha_1982,1982,1.0,1,1.0,3
Hawaizaada_2015,2015,2,0.0,10,0.0
Aanchal (1980 film)_1980,1980,1,3.0,6,8.0
Faisla_1988,1988,2.0,1,2.0,3
Jagir (1984 film)_1984,1984,3.0,3,6.0,5
Ram Kasam_1978,1978,3,2.0,3,5.0
Ram Jaane (1995 film)_1995,1995,3,2.0,8,3.0
Vidhaata_1982,1982,3,8.0,3,9.0
Ek Hi Raasta (1977 film)_1977,1977,2.0,4,3.0,5
Mehandi Ban Gai Khoon_1991,1991,1.0,1.0,2.0,2.0
Khilaaf_1991,1991,3,2.0,4,3.0
Lakhon Ki Baat_1984,1984,0.0,3,0.0,9
Saat Rang Ke Sapne_1997,1997,4,2.0,7,4.0
Beqabu_1996,1996,3,1.0,7,5.0
Kranti Kshetra_1994,1994,5.0,3.0,6.0,4.0
Pyaar Diwana_1972,1972,2,2.0,4,5.0
Rafoo Chakkar_1975,1975,2.0,2.0,2.0,4.0
Jaag Utha Insan_1984,1984,2.0,2,5.0,7
Sautela_1999,1999,2.0,2,6.0,8
Don (1978 film)_1978,1978,1,2.0,4,2.0
Aa Dekhen Zara_2009,2009,3.0,2,4.0,5
Heera Panna_1973,1973,1,2.0,4,3.0
Charandas_1977,1977,4.0,1,4.0,3
Maqsad_1984,1984,1,2.0,5,4.0
Will You Marry Me? (film)_2012,2012,7,2.0,10,3.0
Prem Qaidi_1991,1991,2,2.0,6,6.0
Sikandar (2009 film)_2009,2009,3.0,3.0,3.0,3.0
Balidaan (1985 film)_1985,1985,1.0,2,3.0,5
Hum Sab Chor Hain (1973 film)_1973,1973,1.0,5,1.0,12
Sultana Daku_1982,1982,1.0,1,2.0,8
Once Upon a Time in Mumbaai_2010,2010,3,2.0,9,3.0
Dana Paani_1989,1989,1.0,1,3.0,4
Ghazab_1982,1982,1,2.0,2,5.0
Hulchul (1971 film)_1971,1971,0.0,1,0.0,1
Purani Jeans_2014,2014,3,2.0,5,2.0
Andha Kanoon_1983,1983,2,1.0,6,4.0
Chhalia_1973,1973,3.0,1,8.0,5
Laat Saab_1992,1992,2,2.0,6,6.0
Yash (1996 film)_1996,1996,4,2.0,6,2.0
Ek Aur Sikander_1986,1986,2.0,3,4.0,5
Karz Chukana Hai_1991,1991,4,3.0,5,6.0
Paa (film)_2009,2009,2.0,3,2.0,4
Pran Jaye Par Vachan Na Jaye_1974,1974,0.0,1,0.0,1
Namak Haraam (1973 film)_1973,1973,1,2.0,4,2.0
Aisi Bhi Kya Jaldi Hai_1996,1996,2,1.0,5,1.0
Abhimaan (1973 film)_1973,1973,0.0,0.0,0.0,0.0
Meera Ka Mohan_1992,1992,5,1.0,12,7.0
Sau Din Saas Ke_1980,1980,0.0,1,0.0,3
Once Upon Ay Time In Mumbai Dobaara!_2013,2013,3.0,1.0,4.0,1.0
Ramgarh Ke Sholay_1991,1991,2,2.0,3,2.0
Bumm Bumm Bole_2010,2010,2,2.0,3,2.0
Phool Bane Patthar_1998,1998,2.0,1.0,6.0,4.0
Insaaf (1997 film)_1997,1997,2,2.0,2,2.0
House No. 13_1991,1991,0.0,2,0.0,3
Hatyara_1977,1977,2.0,3.0,4.0,5.0
Fiffty Fiffty_1981,1981,1.0,2,3.0,4
Saudagar (1973 film)_1973,1973,0.0,1,0.0,4
Hamare Tumhare_1979,1979,1,3.0,7,4.0
Chalo Dilli_2011,2011,4,2.0,5,3.0
Impatient Vivek_2011,2011,1.0,3.0,1.0,3.0
Peepli Live_2010,2010,3,0.0,4,0.0
Aap Ki Kasam_1974,1974,1.0,1,5.0,5
Main Khiladi Tu Anari_1994,1994,5,2.0,9,5.0
Madhosh (1974 film)_1974,1974,2.0,1,4.0,9
Aatish (film)_1979,1979,2,3.0,4,4.0
Mahaanta_1997,1997,0.0,3,0.0,8
Hanuman Da' Damdaar_2017,2017,3.0,1.0,3.0,1.0
Hip Hip Hurray (film)_1984,1984,3,2.0,6,3.0
Joshila_1973,1973,1,2.0,3,7.0
Geet (1992 film)_1992,1992,1.0,4,4.0,14
Taqdeer Ka Tamasha_1990,1990,1.0,2,1.0,4
Yuhi Kabhi_1994,1994,2,1.0,5,2.0
Laadla (film)_1994,1994,2,2.0,6,5.0
Shreemaan Aashique_1993,1993,6,4.0,8,5.0
Haathi Ke Daant_1973,1973,0.0,2,0.0,4
Bheja Fry 2_2011,2011,1.0,1.0,1.0,1.0
Amrit (film)_1986,1986,2.0,2.0,2.0,3.0
Mera Dharam_1986,1986,1.0,2.0,1.0,5.0
Rudaali (1993 film)_1993,1993,1.0,2,3.0,4
Jai Dwarkadheesh_1977,1977,1,3.0,4,10.0
Aag Laga Do Sawan Ko_1991,1991,0.0,1.0,0.0,4.0
Dishkiyaoon_2014,2014,1,0.0,1,0.0
Charnon Ki Saugandh_1988,1988,1.0,1.0,6.0,4.0
Ganga Meri Maa_1983,1983,2,1.0,3,4.0
Phir Wohi Raat_1980,1980,2,2.0,4,4.0
Yeh Aag Kab Bujhegi_1991,1991,1.0,2.0,1.0,3.0
Maa (1992 Hindi film)_1991,1991,2,2.0,3,2.0
Suhaag (1979 film)_1979,1979,3.0,3,6.0,7
Zulm Ko Jala Doonga_1988,1988,0.0,2.0,0.0,6.0
Shareef Budmaash_1973,1973,1.0,2,3.0,3
Rangoon (2017 film)_2017,2017,4.0,3,6.0,8
Dangal (film)_2016,2016,7,2.0,7,2.0
Mehndi Rang Layegi_1982,1982,2,3.0,3,6.0
Nagina (1986 film)_1986,1986,0.0,3.0,0.0,4.0
Kachche Heere_1982,1982,1.0,2,2.0,6
Isi Ka Naam Zindagi_1992,1992,2.0,4,5.0,7
Kaanch Ki Deewar_1986,1986,2.0,2,3.0,5
Barsaat Ki Raat_1998,1998,2.0,5,4.0,11
Meri Aawaz Suno_1981,1981,1.0,1,2.0,5
Pehchan (1970 film)_1970,1970,3,4.0,6,5.0
The Xpose_2014,2014,6.0,5,16.0,15
Hanste Zakhm_1973,1973,1,2.0,2,4.0
Baabarr_2009,2009,1.0,1.0,2.0,2.0
Pataal Bhairavi_1985,1985,3.0,4,7.0,5
Mehbooba_1976,1976,2.0,1,4.0,5
Kitaab_1977,1977,2,1.0,2,1.0
Naaraaz (1994 film)_1994,1994,2,1.0,5,1.0
Maidan-E-Jung_1995,1995,5,4.0,6,5.0
Paranthe Wali Gali_2014,2014,1.0,1.0,1.0,1.0
Geet Gaata Chal_1975,1975,2.0,3.0,2.0,5.0
Saboot_1980,1980,0.0,1,0.0,2
Ok Jaanu_2017,2017,9,3.0,11,5.0
Babul Ki Galiyaan_1972,1972,2.0,1,2.0,6
Pratima Aur Paayal_1977,1977,2,3.0,7,7.0
Aangan Ki Kali_1979,1979,2.0,4.0,6.0,8.0
Wafadaar_1985,1985,2,3.0,3,5.0
Toonpur Ka Super Hero_2010,2010,10,1.0,14,2.0
Force 2_2016,2016,3,2.0,3,2.0
Mr. Natwarlal_1979,1979,3.0,4.0,3.0,4.0
Zameer (1975 film)_1975,1975,2,1.0,7,1.0
Bal Bramhachari_1996,1996,4.0,4,4.0,4
Do Aankhen_1974,1974,1,1.0,5,2.0
Phillauri (film)_2017,2017,3,2.0,5,3.0
Deedar (1992 film)_1992,1992,1,1.0,6,4.0
1920 London_2016,2016,5,1.0,5,3.0
Zulm Ki Hukumat_1992,1992,1,4.0,1,6.0
Sun Sajna_1982,1982,4,2.0,5,5.0
Suryavanshi (film)_1992,1992,2,3.0,3,6.0
Airlift (film)_2016,2016,4,0.0,9,0.0
Love and God_1986,1986,6,2.0,18,6.0
Krodhi_1981,1981,2.0,2,2.0,4
Mast Kalandar_1991,1991,1.0,1,1.0,3
Dharm Aur Qanoon_1984,1984,2,3.0,5,5.0
Zindagi 50-50_2013,2013,3,0.0,4,0.0
Aakhri Daao_1975,1975,2,2.0,3,2.0
Ek Baar Kaho_1980,1980,3,1.0,4,2.0
M3 - Midsummer Midnight Mumbai_2014,2014,1.0,0.0,1.0,0.0
Sholay_1975,1975,3,2.0,4,3.0
Hamara Dil Aapke Paas Hai_2000,2000,4,3.0,7,7.0
Wanted: Dead or Alive (1984 Hindi film)_1984,1984,2.0,1,2.0,3
Bhanwar_1976,1976,2,3.0,6,4.0
Aag Aur Shola_1986,1986,0.0,4.0,0.0,4.0
Pyaar Karke Dekho_1987,1987,4,3.0,6,9.0
Khoon Ka Karz_1991,1991,1.0,2,1.0,5
Jalte Badan_1973,1973,1,2.0,2,8.0
Mahaguru_1985,1985,1.0,2,1.0,5
Eena Meena Deeka_1994,1994,5,2.0,9,2.0
Chingari (1989 film)_1989,1989,2.0,2,5.0,7
Shola Aur Shabnam (1992 film)_1992,1992,2,0.0,6,0.0
Ankush_1986,1986,0.0,1,0.0,2
Yeh Dillagi (1994 film)_1994,1994,5.0,1,8.0,5
Haqeeqat (1995 film)_1995,1995,4.0,1,8.0,6
Aarop_1973,1973,3,3.0,5,4.0
Ram Balram_1980,1980,2,2.0,6,4.0
Dastaan (1972 film)_1972,1972,2,1.0,4,3.0
Lalkaar_1972,1972,2,3.0,5,4.0
Sheshnaag (film)_1990,1990,1,2.0,3,5.0
Phir Teri Kahani Yaad Aayee_1993,1993,3,2.0,6,5.0
Be-Reham_1980,1980,3.0,4,3.0,6
Jadu Tona_1977,1977,4,3.0,7,7.0
Coffee with D_2017,2017,2,1.0,3,1.0
Zamana Deewana_1995,1995,3.0,1.0,5.0,6.0
Tell Me O Kkhuda_2011,2011,1,0.0,5,0.0
Beta Ho To Aisa_1994,1994,0.0,2.0,0.0,3.0
Shikari: The Hunter_1991,1991,4,3.0,5,9.0
Yodha (1991 film)_1991,1991,1.0,4,2.0,6
Fan (film)_2016,2016,6,0.0,8,0.0
Kill Dil_2014,2014,11,2.0,19,2.0
Akhri Muqabla_1988,1988,2.0,1,5.0,8
Roop Tera Mastana_1972,1972,3,1.0,5,4.0
Gunehgar Kaun_1991,1991,2,1.0,3,4.0
Param Vir Chakra (film)_1995,1995,4,3.0,13,5.0
Ek Nanhi Munni Ladki Thi_1970,1970,2,1.0,4,2.0
Krodh (film)_2000,2000,2,3.0,2,8.0
Detective Byomkesh Bakshy_2015,2015,6,2.0,6,2.0
Rang Birangi_1983,1983,2,0.0,2,0.0
Hameshaa_1997,1997,3,2.0,6,6.0
Dushman (1972 film)_1972,1972,1.0,1,2.0,3
Sulemani Keeda (film)_2014,2014,1.0,1,1.0,2
Avtaar_1983,1983,3,3.0,7,3.0
Silsila Hai Pyar Ka_1999,1999,2,4.0,3,7.0
Aakhri Sangram_1984,1984,2,1.0,3,2.0
Ghost (2012 film)_2012,2012,3,1.0,4,1.0
Ram-Avtar_1988,1988,1.0,2.0,1.0,5.0
Rani Aur Lalpari_1975,1975,1.0,1,2.0,5
Loha (1997 film)_1997,1997,2.0,1,3.0,2
Janam Se Pehle_1994,1994,2,2.0,5,4.0
Touhean_1989,1989,2.0,3,3.0,9
Gol Maal_1979,1979,3,1.0,7,2.0
Mausam (2011 film)_2011,2011,6.0,0.0,10.0,0.0
Mili (1975 film)_1975,1975,2,1.0,5,1.0
Sankalp_1975,1975,4.0,0.0,7.0,0.0
Dev.D_2009,2009,0.0,0.0,0.0,0.0
Agni Rekha_1973,1973,3.0,2,3.0,4
Mere Apne_1971,1971,3,1.0,4,1.0
Stuntman (film)_1994,1994,2,2.0,6,6.0
Pyar Hua Chori Chori_1992,1992,2,3.0,4,8.0
Billoo Badshah_1989,1989,1,0.0,2,0.0
Gumrah (1993 film)_1993,1993,0.0,3.0,0.0,3.0
New York (film)_2009,2009,2,1.0,2,2.0
Asmaan Se Ooncha_1989,1989,2.0,3,3.0,5
Asli Naqli_1986,1986,0.0,2,0.0,4
Godmother (film)_1999,1999,0.0,3,0.0,4
Aloo Chaat (film)_2009,2009,2.0,1.0,3.0,3.0
Dhuaan_1981,1981,1.0,3,1.0,5
Yaraana (1995 film)_1995,1995,1,2.0,2,7.0
Ikke Pe Ikka_1994,1994,2.0,2,2.0,4
Meera (1979 film)_1979,1979,0.0,1,0.0,12
Mere Jeevan Saathi (1972 film)_1972,1972,1,2.0,6,2.0
Apne Rang Hazaar_1975,1975,0.0,0.0,0.0,0.0
Ajnabee (1974 film)_1974,1974,2,2.0,5,3.0
Amar Deep (1979 film)_1979,1979,1,3.0,3,3.0
Arpan_1983,1983,2.0,1,2.0,4
Ek Thi Daayan_2013,2013,2.0,2,2.0,3
Bhoothnath Returns_2014,2014,3.0,0.0,6.0,0.0
Hum Paanch (film)_1980,1980,4.0,3,4.0,3
Hum Dono (1985 film)_1985,1985,1,3.0,6,8.0
Lok Parlok_1979,1979,1,1.0,5,4.0
Hello Darling_2010,2010,1.0,5,1.0,7
Anand Ashram_1977,1977,3,3.0,5,3.0
Mai (2013 film)_2013,2013,2.0,2,2.0,3
99 (2009 film)_2009,2009,3,0.0,3,0.0
Appu Raja_1990,1990,2,2.0,5,2.0
Ajooba (1991 film)_1991,1991,1.0,3.0,3.0,4.0
Mallika (2010 film)_2010,2010,1.0,3,1.0,4
Fauji (1995 film)_1995,1995,1.0,2,1.0,10
Maha Sati Savitri_1973,1973,1,1.0,2,7.0
Pavitra Paapi_1970,1970,2,4.0,3,7.0
Shankara (1991 film)_1991,1991,1.0,2.0,2.0,10.0
Mandi (film)_1983,1983,0.0,2,0.0,4
Saaz Aur Sanam_1971,1971,1,2.0,4,6.0
Hum Naujawan_1985,1985,2.0,3,2.0,5
Umar 55 Ki Dil Bachpan Ka_1992,1992,3.0,3,10.0,6
Sauda (film)_1995,1995,3.0,2,6.0,4
Dost Aur Dushman_1971,1971,1.0,2,3.0,6
Dost (1974 film)_1974,1974,3,1.0,4,2.0
Jai Ho (film)_2014,2014,2.0,2.0,3.0,3.0
Heer Raanjha_1970,1970,1.0,3,3.0,6
Dooriyaan_1979,1979,0.0,1,0.0,1
Jhoothi_1985,1985,1,3.0,4,9.0
Muskurahat (1992 film)_1992,1992,3,3.0,7,4.0
Dancer (1991 film)_1991,1991,4,3.0,20,6.0
Befikre_2016,2016,7,1.0,8,1.0
Lalach_1983,1983,4,1.0,7,1.0
Mickey Virus_2013,2013,4,1.0,4,2.0
Salaami_1994,1994,2,3.0,7,8.0
Aandhi-Toofan_1985,1985,0.0,1.0,0.0,1.0
Chor Machaye Shor_1974,1974,1,2.0,2,4.0
Saaransh_1984,1984,0.0,1.0,0.0,2.0
Ishq Click_2016,2016,6,3.0,9,3.0
Mahal (1989 film)_1989,1989,1,2.0,2,6.0
Pyaar Ke Do Pal_1986,1986,0.0,1,0.0,2
Jazbaat (1994 film)_1994,1994,0.0,2,0.0,7
Agent Vinod (2012 film)_2012,2012,2,0.0,9,0.0
Pardesi Babu_1998,1998,6,2.0,9,3.0
Sainik_1993,1993,1,4.0,4,5.0
Sangharsh (1999 film)_1999,1999,3,1.0,6,2.0
Mom Ki Gudiya_1972,1972,1.0,2.0,2.0,3.0
Hawas_1974,1974,1.0,1,1.0,4
Jab Harry Met Sejal_2017,2017,2.0,2,2.0,2
Qatl_1986,1986,1.0,2.0,2.0,6.0
Naam (1986 film)_1986,1986,1.0,2.0,1.0,2.0
Sadak Chhap_1987,1987,2,2.0,6,4.0
Naya Din Nai Raat_1974,1974,2.0,2,2.0,4
Ladaai_1989,1989,1.0,2,1.0,2
Swarg Yahan Narak Yahan_1991,1991,4,2.0,11,8.0
Ranbhoomi_1991,1991,2.0,4,2.0,5
Ek Ladka Ek Ladki_1992,1992,3,3.0,5,6.0
Chacha Bhatija_1977,1977,2.0,1,3.0,3
Khotey Sikkay_1974,1974,1,2.0,1,3.0
Sindoor (film)_1987,1987,3.0,2,3.0,5
Aarambh_1976,1976,2,2.0,4,6.0
Sapnay (1997 film)_1997,1997,6,6.0,6,6.0
Tridev_1989,1989,3,4.0,3,11.0
Daku Hasina_1987,1987,2,3.0,2,3.0
Aaina (1993 film)_1993,1993,4,3.0,4,9.0
Vaada Raha_2009,2009,2,0.0,5,0.0
Aashiq Awara_1993,1993,1.0,3,4.0,7
Sadda Adda_2012,2012,2,1.0,6,2.0
Traffic (2016 film)_2016,2016,3,2.0,3,3.0
Kissi Se Na Kehna_1983,1983,1.0,1,1.0,5
Ahimsa (1979 film)_1979,1979,4,1.0,5,3.0
Banarasi Babu (1973 film)_1973,1973,1,2.0,6,10.0
Ek Hi Bhool_1981,1981,1,2.0,1,4.0
Radha Ka Sangam_1992,1992,2.0,3,3.0,7
Har Dil Jo Pyar Karega_2000,2000,4.0,1,7.0,4
Duplicate (1998 film)_1998,1998,4.0,2,7.0,4
Pathreela Raasta_1994,1994,3.0,2,7.0,7
Prem Geet_1981,1981,2.0,2,3.0,5
Saajan Chale Sasural_1996,1996,3.0,2.0,7.0,5.0
Chameli Ki Shaadi_1986,1986,2,2.0,2,3.0
Jeena Teri Gali Mein_1991,1991,4.0,1,6.0,9
Virodhi (1992 film)_1992,1992,2,2.0,4,3.0
Jaane-Anjaane_1971,1971,3,4.0,4,5.0
Agneepath (1990 film)_1990,1990,3.0,4,3.0,4
Chitchor (1976 film)_1976,1976,1,1.0,4,2.0
Deewana Mastana_1997,1997,2.0,3.0,4.0,5.0
Trishakti_1999,1999,4,0.0,8,0.0
Naya Zamana (1971 film)_1971,1971,2.0,1,5.0,8
Insaniyat Ke Devta_1993,1993,2,2.0,3,3.0
Khoon Aur Paani_1981,1981,2,2.0,3,4.0
Afsana Pyaar Ka_1991,1991,1.0,3,1.0,7
Bewaffa Se Waffa_1992,1992,0.0,2,0.0,6
Maha Chor_1976,1976,1,3.0,7,6.0
Thank You (2011 film)_2011,2011,4.0,3.0,8.0,5.0
Namumkin_1988,1988,1.0,2,3.0,3
Naam O Nishan_1987,1987,1,2.0,1,3.0
Abhinetri_1970,1970,2,2.0,2,7.0
Maan Apmaan_1979,1979,1,3.0,2,5.0
Dil Ki Baazi_1993,1993,2,3.0,3,8.0
Khiladi 786_2012,2012,5.0,3.0,15.0,9.0
Raunaq_1993,1993,0.0,1,0.0,2
Lahu Ke Do Rang (1997 film)_1997,1997,4,4.0,6,7.0
Balmaa_1993,1993,2,2.0,4,6.0
Ghayal (1990 film)_1990,1990,2.0,4,3.0,6
Hey Ram_2000,2000,4,6.0,8,7.0
Rakshak_1996,1996,6,3.0,7,4.0
Listen... Amaya_2013,2013,1,0.0,2,0.0
Sharara_1984,1984,1.0,2,2.0,5
Hum Aapke Hain Koun..!_1994,1994,4.0,2,12.0,12
Juaari_1994,1994,4.0,4,5.0,6
Chaani_1977,1977,1,2.0,2,6.0
Do Lafzon Ki Kahani (film)_2016,2016,2.0,2.0,2.0,2.0
Ekka Raja Rani_1994,1994,3,2.0,8,7.0
Tahkhana_1986,1986,0.0,3.0,0.0,5.0
Apradhi (1992 film)_1992,1992,1.0,1,1.0,3
Chillar Party_2011,2011,3.0,0.0,6.0,0.0
Azad Mohabbat_1974,1974,1,2.0,2,4.0
Uttarayan (film)_1985,1985,1.0,0.0,1.0,0.0
Dillagi (1978 film)_1978,1978,2.0,2,3.0,5
Zindagi (1976 film)_1976,1976,1,1.0,3,2.0
Wedding Anniversary (2017 film)_2017,2017,2,0.0,3,0.0
Izzat Ki Roti_1993,1993,3,3.0,4,12.0
Zulm-O-Sitam_1998,1998,3,1.0,8,1.0
Khule-Aam_1992,1992,0.0,2,0.0,8
Beta (1992 film)_1992,1992,2,1.0,5,9.0
Parinda_1989,1989,2,1.0,6,2.0
Ek Nari Ek Brahmachari_1971,1971,3,2.0,5,3.0
Seema (1971 film)_1971,1971,2,4.0,8,10.0
Dostana (1980 film)_1980,1980,1,2.0,4,2.0
Patiala House (film)_2011,2011,7,3.0,13,7.0
Lahore (film)_2010,2010,7,2.0,13,4.0
Khatarnaak_1990,1990,1.0,3.0,2.0,5.0
Kissa Kursi Ka_1977,1977,3.0,1,3.0,2
Bemisal_1982,1982,2,1.0,4,2.0
Hum Tum Aur Woh_1971,1971,0.0,0.0,0.0,0.0
Karan (1994 film)_1994,1994,2,4.0,6,6.0
The Train (1970 film)_1970,1970,1,2.0,1,5.0
Policegiri_2013,2013,3.0,2.0,5.0,3.0
Zindagi Zindagi_1972,1972,4,1.0,14,1.0
Hum Saath-Saath Hain: We Stand United_1999,1999,5.0,3,14.0,11
Karishma Kudrat Kaa_1985,1985,2.0,1.0,2.0,5.0
Khalnayak (1993 film)_1993,1993,1.0,2,1.0,7
Miley naa Miley hum (2011 film)_2011,2011,3.0,4.0,3.0,4.0
De Dana Dan_2009,2009,4,0.0,7,0.0
Dharmatma_1975,1975,2,1.0,3,1.0
Bhai (1997 film)_1997,1997,5,3.0,8,4.0
Satya 2_2013,2013,4.0,2.0,6.0,6.0
Sailaab (1990 film)_1990,1990,1,4.0,1,6.0
Judge Mujrim_1997,1997,2.0,3,2.0,6
Luv Ka The End_2011,2011,4,2.0,4,3.0
Nil Battey Sannata_2016,2016,2,0.0,2,0.0
Aathi Parasakthi_1976,1976,2.0,2,3.0,4
Aakhri Kasam_1979,1979,2.0,2,2.0,5
Benaam Badsha_1991,1991,1.0,2.0,1.0,5.0
Trishna (1978 film)_1978,1978,1.0,1,1.0,1
Achanak (1973 film)_1973,1973,1,0.0,1,0.0
Lakshmanrekha_1991,1991,0.0,3,0.0,9
Andaz (1994 film)_1994,1994,4,2.0,8,5.0
Shirin Farhad Ki Toh Nikal Padi_2012,2012,3.0,2,6.0,4
Hum Hai Teen Khurafaati_2014,2014,4.0,3.0,5.0,4.0
Avishkaar_1973,1973,2,2.0,4,4.0
Raju Chacha_2000,2000,6,4.0,6,7.0
Mohra (1994 film)_1994,1994,3,3.0,7,7.0
Avinash (1986 film)_1986,1986,2,3.0,3,3.0
Dulhan Wahi Jo Piya Man Bhaaye_1977,1977,3.0,1,3.0,8
Jeevan Mrityu_1970,1970,1,1.0,1,3.0
Sawan Ko Aane Do_1979,1979,3.0,0.0,8.0,0.0
Jaago (1985 film)_1985,1985,3,1.0,7,1.0
Prayashchit_1977,1977,0.0,1,0.0,8
Salaakhen (1998 film)_1998,1998,3,4.0,4,6.0
Speedy Singhs_2011,2011,2.0,1.0,3.0,1.0
Shiv Ram_1991,1991,2,2.0,3,3.0
John Jani Janardhan_1984,1984,2.0,2,3.0,5
Agent 009_1980,1980,0.0,1,0.0,2
Ghar Mein Ram Gali Mein Shyam_1988,1988,3,1.0,6,2.0
Aaja Sanam_1975,1975,1,3.0,6,8.0
Ulta Seedha_1985,1985,1,2.0,3,3.0
2001: Do Hazaar Ek_1998,1998,5,3.0,7,4.0
Phata Poster Nikla Hero_2013,2013,5.0,3.0,8.0,3.0
Well Done Abba_2010,2010,2.0,2,3.0,2
Aatank_1996,1996,1.0,2,2.0,7
Laparwah_1981,1981,1,1.0,3,1.0
Desh Premee (1982 film)_1982,1982,2.0,3,3.0,4
Khandaan (1979 film)_1979,1979,2.0,1,3.0,1
Zor (film)_1998,1998,3.0,2.0,3.0,3.0
Dayavan_1988,1988,2,4.0,3,5.0
Kotwal Saab_1977,1977,0.0,2,0.0,4
Billu_2009,2009,5,0.0,15,0.0
Hum Tum Aur Ghost_2010,2010,6,4.0,11,4.0
Mission Kashmir (2000 film)_2000,2000,2,4.0,6,6.0
Vijeta_1996,1996,2.0,1.0,3.0,2.0
Main Balwan_1986,1986,2,1.0,5,2.0
Pardesi (1993 film)_1993,1993,4,2.0,4,7.0
Lamhe (1991 film)_1991,1991,3,3.0,3,7.0
Jaan Hatheli Pe_1987,1987,2.0,4,2.0,5
Adhikar (1986 film)_1986,1986,1,4.0,4,7.0
Raeeszada_1990,1990,2.0,1.0,2.0,1.0
Sahhas_1981,1981,1,2.0,3,3.0
Naache Mayuri_1986,1986,1.0,2,2.0,5
Aa Gaya Hero_2017,2017,0.0,1.0,0.0,1.0
Insaaf Apne Lahoo Se_1994,1994,2.0,5,2.0,9
Majhdhaar_1996,1996,4,1.0,8,3.0
Kurbaan (1991 film)_1991,1991,4,2.0,4,3.0
Is Raat Ki Subah Nahin_1996,1996,2.0,1,4.0,4
Milan (1995 film)_1995,1995,4,3.0,7,3.0
Zid (1976 film)_1976,1976,1.0,1,2.0,5
Satte Pe Satta_1982,1982,4,1.0,13,3.0
Baat Hai Pyaar Ki_1991,1991,0.0,2,0.0,5
Lafange_1975,1975,3,2.0,7,5.0
Ek Se Bhale Do_1985,1985,4,3.0,6,6.0
3G (film)_2013,2013,4,2.0,5,2.0
Kaanchi..._2014,2014,8,4.0,12,7.0
Dil Ka Kya Kasoor_1992,1992,2,3.0,7,4.0
Balika Badhu (1976 film)_1976,1976,3,2.0,3,2.0
Daata_1989,1989,3,5.0,10,12.0
Daisy (1988 film)_1988,1988,1,1.0,2,2.0
Do Ladkiyan_1976,1976,2,1.0,4,3.0
Tulsi Vivah (film)_1971,1971,1.0,2,8.0,16
Aakrosh (1998 film)_1998,1998,4,2.0,7,4.0
Ooparwala Jaane_1977,1977,0.0,1,0.0,2
Hum Se Hai Zamana_1983,1983,1,1.0,4,3.0
Insaaf Ki Devi_1992,1992,1.0,4,2.0,10
Raasaiyya_1995,1995,3,4.0,6,4.0
Parda Hai Parda (1992 film)_1992,1992,4,3.0,5,5.0
Zakhm_1998,1998,2.0,2,3.0,6
Bekhudi_1992,1992,1,1.0,5,6.0
Duvidha_1973,1973,0.0,0.0,0.0,0.0
Khamosh Nigahen (1986 film)_1986,1986,2.0,2,2.0,4
Mahakaal_1993,1993,3,3.0,3,3.0
Yari Dushmani_1980,1980,3,2.0,3,4.0
Gora Aur Kala_1972,1972,2,2.0,4,4.0
Akira (2016 Hindi film)_2016,2016,2.0,3,4.0,4
Mohenjo Daro (film)_2016,2016,6,3.0,9,5.0
Aakhri Adaalat_1988,1988,1,1.0,2,1.0
Sanam Re_2016,2016,7,3.0,12,3.0
Karobaar: The Business of Love_2000,2000,2,2.0,6,4.0
Surakshaa (1995 film)_1995,1995,3.0,1.0,6.0,2.0
Ishq (1997 film)_1997,1997,6,4.0,11,8.0
Ghar Sansar_1986,1986,1,4.0,2,4.0
Hostel (2011 film)_2011,2011,0.0,0.0,0.0,0.0
Bandhan Kuchchey Dhaagon Ka_1983,1983,2,3.0,5,6.0
Lover Boy (1985 film)_1985,1985,0.0,0.0,0.0,0.0
Ek Villain_2014,2014,4,2.0,5,2.0
Kal Kissne Dekha_2009,2009,3,2.0,7,7.0
Kalyug Ke Avtaar_1995,1995,2.0,3,2.0,3
Jwala_1971,1971,3,4.0,3,9.0
Waqt Ki Awaz_1988,1988,2,1.0,4,4.0
Jigar_1992,1992,4,2.0,5,6.0
Chalte Chalte (1976 film)_1976,1976,4,1.0,5,2.0
Madaari_2016,2016,2,0.0,2,0.0
Naseeb Apna Apna_1986,1986,1,3.0,5,5.0
Khiladi 420_2000,2000,4,3.0,6,4.0
Papi Gudia_1996,1996,2.0,2,2.0,5
Dil Aashna Hai_1992,1992,4,3.0,4,11.0
Tezaab_1988,1988,2,3.0,2,6.0
Amba (film)_1990,1990,2,3.0,3,6.0
Jwar Bhata (1973 film)_1973,1973,1,2.0,3,5.0
Love in Canada_1979,1979,2,2.0,3,3.0
Rukhsat_1988,1988,2,1.0,5,3.0
Mera Dil Tere Liye_1992,1992,4.0,1,5.0,5
Itihaas (film)_1997,1997,4,2.0,10,11.0
Insaan Aur Shaitan_1970,1970,1,1.0,1,3.0
The Shaukeens_2014,2014,5,1.0,6,1.0
Tajurba_1981,1981,3,4.0,4,4.0
Marte Dam Tak_1987,1987,5,3.0,5,3.0
Do Jasoos_1975,1975,4.0,2,5.0,4
Saat Sawal_1971,1971,1,1.0,3,10.0
Pyar Ke Kabil_1987,1987,1,2.0,2,3.0
The Dirty Picture_2011,2011,2,2.0,3,5.0
Double Dhamaal_2011,2011,0.0,2.0,0.0,3.0
Sarbjit (film)_2016,2016,5,2.0,7,2.0
Umrao Jaan_1981,1981,2.0,3,3.0,7
Striker (2010 film)_2010,2010,6,1.0,8,1.0
Rabba Main Kya Karoon_2013,2013,4.0,1.0,5.0,1.0
Commando-A One Man Army_2013,2013,2.0,1.0,2.0,1.0
Ragini MMS 2_2014,2014,2.0,1.0,2.0,2.0
Kahaani 2: Durga Rani Singh_2016,2016,2,2.0,2,2.0
Tohfa_1984,1984,2,2.0,5,5.0
Besharam_1978,1978,1.0,2,1.0,3
Vijay (1988 film)_1988,1988,3,3.0,4,6.0
Dil Ki Rahen_1973,1973,1.0,2,5.0,6
Atithee_1978,1978,1.0,3.0,5.0,5.0
Hafta Bandh_1991,1991,2,3.0,5,5.0
Aitbaar_1985,1985,0.0,2.0,0.0,4.0
Naya Kadam_1984,1984,2,2.0,7,7.0
Aahat (film)_1974,1974,1.0,1,2.0,2
Apna Desh_1972,1972,2,3.0,4,6.0
Deewana Tere Naam Ka_1987,1987,2.0,2.0,3.0,4.0
Paap Ko Jalaa Kar Raakh Kar Doonga_1988,1988,2.0,1,11.0,8
Soorma Bhopali_1988,1988,2,2.0,5,2.0
Mumbai Delhi Mumbai_2014,2014,1,0.0,1,0.0
Humpty Sharma Ki Dulhania_2014,2014,7,5.0,9,6.0
Godam_1983,1983,3,0.0,12,0.0
Anamika (1973 film)_1973,1973,1.0,2.0,1.0,4.0
Pyar Pyar_1993,1993,2.0,3,6.0,7
Radio (2009 film)_2009,2009,1.0,3.0,1.0,6.0
Raja Ko Rani Se Pyar Ho Gaya_2000,2000,4,1.0,6,2.0
Maya Darpan_1972,1972,0.0,1,0.0,2
Awara Zindagi_1989,1989,2.0,2,3.0,15
Soldier Thakur Daler Singh_1970,1970,1,2.0,4,7.0
Chittagong (film)_2012,2012,4,1.0,7,1.0
Zakhmo Ka Hisaab_1993,1993,2,4.0,5,6.0
Jayantabhai Ki Luv Story_2013,2013,1.0,0.0,2.0,0.0
Yaara Dildara_1991,1991,3,3.0,6,4.0
Banarasi Babu (1997 film)_1997,1997,2.0,2,2.0,2
Bulandi (2000 film)_2000,2000,5,4.0,8,7.0
Mrityudand_1997,1997,1,1.0,2,1.0
Bombay Talkie (1970 film)_1970,1970,2.0,2,2.0,3
Khudgarz_1987,1987,1,1.0,4,2.0
Khel (1992 film)_1992,1992,1.0,6,1.0,8
Sanam Tere Hain Hum_1992,1992,5,4.0,5,4.0
Saas Bhi Kabhi Bahu Thi_1970,1970,3.0,4,6.0,5
Prem Bandhan_1979,1979,2,2.0,3,4.0
Beqasoor_1980,1980,4.0,1,5.0,6
Commando (1988 film)_1988,1988,2,2.0,2,5.0
God and Gun_1995,1995,4,2.0,5,4.0
Janwar Aur Insaan_1972,1972,0.0,0.0,0.0,0.0
Rajnigandha_1974,1974,1,1.0,1,1.0
Arjun (1985 film)_1985,1985,1,2.0,1,3.0
Lootere_1993,1993,4,5.0,5,8.0
Mera Lahoo_1987,1987,1,1.0,1,1.0
Kunwara_2000,2000,2,1.0,8,5.0
Anmol_1993,1993,2,1.0,4,5.0
Roy (film)_2015,2015,3,2.0,7,3.0
Tamacha_1988,1988,2.0,3,2.0,4
Jeans (1998 film)_1998,1998,3,4.0,3,4.0
Housefull 2_2012,2012,3,4.0,6,9.0
Agar... If_1977,1977,2.0,1,2.0,3
Te3n_2016,2016,3.0,1.0,3.0,1.0
Gaja Gamini (2000 film)_2000,2000,4,1.0,5,4.0
Rangrezz_2013,2013,1,0.0,1,0.0
Ajay (1996 film)_1996,1996,3,2.0,10,7.0
Fateh (1991 film)_1991,1991,3.0,4.0,4.0,10.0
Bazaar Band Karo_1974,1974,3,1.0,4,5.0
Aan Aur Shaan_1984,1984,2,2.0,3,3.0
Heartless (2014 film)_2014,2014,6,1.0,10,1.0
Ek Tha Raja_1996,1996,3,3.0,6,4.0
Hare Rama Hare Krishna (1971 film)_1971,1971,2.0,3,8.0,7
Sargam (1979 film)_1979,1979,1,1.0,7,3.0
Preet Ki Dori_1971,1971,1.0,2,2.0,8
Hum Intezaar Karenge_1989,1989,3,3.0,4,3.0
Chor Pe Mor_1990,1990,1.0,2,1.0,7
Do Thug_1975,1975,1.0,2,1.0,4
Dushman (1998 film)_1998,1998,4,1.0,5,4.0
Bandook (2013 film)_2013,2013,3.0,1.0,3.0,1.0
Ahankaar_1995,1995,2.0,4,2.0,5
Jeevan Ek Sanghursh_1990,1990,0.0,3.0,0.0,10.0
Zakhmee Insaan_1982,1982,2.0,5,4.0,10
Amaanat_1977,1977,1.0,1,2.0,4
Zanjeer (2013 film)_2013,2013,1.0,4.0,1.0,5.0
Aazaan_2011,2011,3.0,0.0,3.0,0.0
Aandhi_1975,1975,3,2.0,5,4.0
Maharaja (1998 film)_1998,1998,3,1.0,6,5.0
Bichhoo (2000 film)_2000,2000,6.0,5,7.0,5
Sant Gyaneshwar_1982,1982,3,1.0,3,5.0
Baat Ban Jaye_1986,1986,1.0,3.0,2.0,3.0
Amar Shakti_1978,1978,2,3.0,4,4.0
Zinda Dil_1975,1975,4.0,1,7.0,3
Sunny (1984 film)_1984,1984,2,2.0,4,3.0
Kamagni_1987,1987,1,2.0,2,3.0
Qahar_1997,1997,1,2.0,4,4.0
Amanaat_1994,1994,3.0,1,7.0,4
Zanjeer (1973 film)_1973,1973,2.0,2,2.0,4
Ram Jaane_1995,1995,3,2.0,8,3.0
Coolie No. 1 (Hindi film)_1995,1995,3,3.0,7,5.0
Jo Hum Chahein_2011,2011,4,4.0,5,4.0
Puraskar_1970,1970,2.0,1,3.0,4
Tahalka_1992,1992,5.0,2,7.0,5
Duniya Ka Mela_1974,1974,1,2.0,2,9.0
Jeet (1996 film)_1996,1996,3.0,3.0,5.0,7.0
Rocky Handsome_2016,2016,3.0,2.0,5.0,4.0
Dharkan_1972,1972,3,2.0,7,9.0
Abhinay Chakra_2014,2014,0.0,1.0,0.0,1.0
Satyagraha  Democracy Under Fire_2013,2013,1.0,0.0,2.0,0.0
Shootout at Wadala_2013,2013,2,0.0,9,0.0
Baadal_1985,1985,3,1.0,11,1.0
Paanch Dushman_1973,1973,2,2.0,8,4.0
Andaz (1971 film)_1971,1971,3,3.0,7,6.0
Bahaar Aane Tak_1990,1990,2.0,2,3.0,8
Munna Michael_2017,2017,4,3.0,4,4.0
Meri Biwi Ki Shaadi_1979,1979,2,3.0,4,5.0
Kartavya (1979 film)_1979,1979,1.0,3,5.0,9
Ghar (film)_1978,1978,2.0,2,3.0,4
Yeh Mera India_2009,2009,1.0,1,1.0,1
Ek Mutthi Aasmaan_1973,1973,2.0,2,5.0,6
International Crook_1974,1974,2,2.0,4,2.0
Anaam_1992,1992,3,3.0,7,3.0
Mera Haque_1986,1986,2,2.0,2,3.0
Jeeva (1986 film)_1986,1986,1.0,2,1.0,6
Jai Santoshi Maa_1975,1975,3.0,1,4.0,3
Nagin (1976 film)_1976,1976,3.0,3,4.0,6
Jeene Ki Arzoo_1981,1981,2,2.0,2,3.0
Toofan (1989 film)_1989,1989,3,3.0,4,3.0
Meri Jung_1985,1985,4.0,3,4.0,5
Romance (1983 film)_1983,1983,2,3.0,2,8.0
Tirangaa_1992,1992,2.0,2.0,2.0,9.0
Jail (2009 film)_2009,2009,2,1.0,5,2.0
Life Express (2010 film)_2010,2010,2,1.0,2,1.0
Aa Ab Laut Chalen_1999,1999,5,2.0,9,9.0
Shriman Shrimati_1982,1982,2,1.0,5,2.0
Bhala Manus_1976,1976,0.0,0.0,0.0,0.0
Ramaiya Vasta Vaiya_2013,2013,2,3.0,4,6.0
Ek Hi Maqsad_1988,1988,1.0,1,3.0,3
C.I.D. (1990 film)_1990,1990,3,2.0,3,4.0
Mann (1999 film)_1999,1999,2,3.0,9,6.0
Do Matwale_1991,1991,2,3.0,2,4.0
Suhaagan_1986,1986,1,3.0,3,5.0
Hulchul (1995 film)_1995,1995,2.0,2,2.0,4
Zalzala (1988 film)_1988,1988,4.0,3,4.0,5
Maahir_1996,1996,4.0,3.0,11.0,5.0
Zulmi_1999,1999,2.0,2,2.0,8
Aaj Ka Ye Ghar_1976,1976,1,1.0,2,2.0
Aaj (1987 film)_1987,1987,1,1.0,3,2.0
Dulhe Raja (1998 film)_1998,1998,3,2.0,6,4.0
Kahani Kismat Ki_1973,1973,2,2.0,6,3.0
Bhemaa_1984,1984,0.0,1,0.0,4
Angaaray (1986 film)_1986,1986,2.0,3,2.0,4
Shaitan (film)_2011,2011,3.0,3,4.0,3
Mere Bhaiya_1972,1972,0.0,2,0.0,2
Aan Milo Sajna_1970,1970,2,2.0,4,4.0
Laawaris_1981,1981,3.0,2,6.0,2
Akele Hum Akele Tum_1995,1995,6,1.0,10,3.0
Himmatwala (2013 film)_2013,2013,3.0,4,3.0,6
Crazy Cukkad Family_2015,2015,4,0.0,5,0.0
Dil Hai Ke Manta Nahin_1991,1991,2,1.0,5,13.0
King Uncle (1993 film)_1993,1993,3,4.0,5,7.0
Rishta To Ho Aisa_1992,1992,2.0,3,2.0,4
Jalwa_1987,1987,0.0,2.0,0.0,3.0
Taqdeer Ka Badshah_1982,1982,2,1.0,6,2.0
Aastha: In the Prison of Spring_1997,1997,1.0,2.0,1.0,3.0
Pyar Ke Naam Qurbaan_1990,1990,1.0,1,2.0,7
Love Sex aur Dhokha_2010,2010,1.0,2,6.0,2
Love Story (1981 film)_1981,1981,0.0,3,0.0,10
Haqeeqat (1985 film)_1985,1985,2,6.0,2,6.0
Paap Ki Duniya_1988,1988,3.0,3.0,4.0,4.0
Auzaar_1997,1997,7,1.0,10,3.0
Badnam Farishte_1971,1971,2.0,1,6.0,5
Ghulami_1985,1985,1.0,1,1.0,3
Paap Ki Aandhi_1991,1991,1.0,3,1.0,5
Badhti Ka Naam Dadhi_1974,1974,4,2.0,9,2.0
Yaraana (1981 film)_1981,1981,2,0.0,6,0.0
Maa Ka Aanchal_1970,1970,2.0,1,4.0,6
Bidaai (1974 film)_1974,1974,1.0,3,2.0,5
Patton Ki Bazi_1986,1986,2.0,1,4.0,10
Aakhri Mujra_1981,1981,0.0,0.0,0.0,0.0
Dharm Adhikari_1986,1986,2,3.0,3,5.0
Hum Dil De Chuke Sanam_1999,1999,8,3.0,12,10.0
Dilwale Kabhi Na Hare_1992,1992,2,2.0,7,5.0
Bhula Na Dena_1981,1981,2,3.0,3,7.0
Jeeo Shaan Se_1997,1997,2.0,1.0,6.0,1.0
Vakil Babu_1982,1982,1,2.0,2,3.0
Hanste Khelte_1994,1994,3,1.0,4,1.0
Koi Jeeta Koi Haara_1976,1976,2,2.0,6,6.0
Mohabbat (1985 film)_1985,1985,1,3.0,4,3.0
Baharon Phool Barsao_1972,1972,0.0,1,0.0,4
Dadagiri (film)_1987,1987,1.0,1.0,1.0,6.0
Bullett Raja_2013,2013,3.0,3.0,5.0,3.0
Gangster (1994 movie)_1994,1994,2.0,6,3.0,9
Kaho Naa... Pyaar Hai_2000,2000,3,3.0,5,5.0
Mar Mitenge (1988 film)_1988,1988,3,3.0,4,5.0
Pyari Behna_1985,1985,2,2.0,10,4.0
Lal Patthar_1971,1971,3.0,1,3.0,3
Bandhe Haath_1973,1973,4,2.0,10,20.0
Ganga Tere Desh Mein_1988,1988,0.0,2.0,0.0,4.0
Ishq Junoon_2016,2016,3,0.0,5,0.0
Dhaal_1997,1997,3,1.0,5,1.0
Dil Ka Doctor_1995,1995,3,3.0,6,3.0
Aatank Hi Aatank_1995,1995,3,3.0,4,6.0
Noorie_1979,1979,2,5.0,3,9.0
Shankar Dada_1976,1976,2.0,1,5.0,5
Zakhmi Aurat_1988,1988,0.0,3,0.0,5
Jeet Hamaari_1983,1983,3.0,2,5.0,3
Amit Sahni Ki List_2014,2014,3.0,3.0,3.0,3.0
Dil Tujhko Diya_1987,1987,1.0,2,2.0,4
Mast (film)_1999,1999,2,3.0,6,7.0
Tere Bina Kya Jeena_1989,1989,0.0,1,0.0,3
Do Knot Disturb_2009,2009,4,3.0,7,8.0
Dak Bangla (film)_1987,1987,1.0,1.0,1.0,2.0
Anokha Premyudh_1994,1994,2.0,4,5.0,5
Prem Aggan_1998,1998,4,3.0,6,5.0
Mrityudata_1997,1997,3,2.0,5,2.0
Keemat  They Are Back_1998,1998,5.0,3,7.0,5
Freaky Ali_2016,2016,0.0,1.0,0.0,1.0
Dilwale (1994 film)_1994,1994,2,1.0,7,4.0
Ghar Bazar_1998,1998,0.0,4,0.0,7
We Are Family (2010 film)_2010,2010,5,4.0,8,7.0
David (2013 Hindi film)_2013,2013,5,4.0,8,5.0
Gang of Ghosts_2014,2014,7.0,4,11.0,4
Albela (1971 film)_1971,1971,1.0,2,7.0,8
Dastak_1970,1970,0.0,1.0,0.0,1.0
Kalabaaz_1977,1977,1,2.0,3,2.0
Chor Police_1983,1983,3.0,2,3.0,5
Laawaris (1999 film)_1999,1999,4,2.0,5,3.0
Nautanki Saala_2013,2013,4,2.0,8,4.0
Yateem_1988,1988,1.0,1.0,3.0,3.0
Lootmaar_1980,1980,1.0,2,4.0,5
Tum Bin 2_2016,2016,7,5.0,12,6.0
Mulzim_1988,1988,2.0,1.0,2.0,3.0
Mumbai Mast Kallander_2011,2011,4,3.0,6,3.0
Knock Out (2010 film)_2010,2010,4,1.0,4,2.0
Woh Jo Hasina_1983,1983,0.0,2,0.0,5
Chala Murari Hero Banne_1977,1977,1,3.0,4,11.0
Jal (film)_2014,2014,3.0,1,5.0,1
Bhagwan Parshuram_1970,1970,2,3.0,2,4.0
Bahurani (1989 film)_1989,1989,1.0,3,2.0,10
Shakti (1982 film)_1982,1982,2,1.0,3,2.0
Muqabla_1993,1993,0.0,0.0,0.0,0.0
Mera Karam Mera Dharam_1987,1987,2,3.0,2,3.0
Phool (1993 film)_1993,1993,2.0,2,6.0,4
Kurukshetra (2000 film)_2000,2000,4,2.0,7,6.0
Shaitani Ilaaka_1990,1990,3,1.0,5,1.0
Chambal Ki Kasam_1980,1980,3.0,1,3.0,2
Jaan-E-Bahaar_1979,1979,4,4.0,6,6.0
Chalta Purza_1977,1977,1,3.0,3,4.0
Pratibandh_1990,1990,0.0,2,0.0,8
Sharafat (1970 film)_1970,1970,0.0,2,0.0,6
Waarrior Savitri_2016,2016,3.0,2,3.0,2
Earth (1998 film)_1998,1998,3.0,3,6.0,3
Bhagwaan Dada_1986,1986,1.0,2.0,2.0,4.0
Vinashak - Destroyer_1998,1998,2.0,4.0,2.0,5.0
Thalapathi_1991,1991,3.0,2.0,6.0,5.0
Dhanwan (1981 film)_1981,1981,3,1.0,8,6.0
Amir Garib_1974,1974,2,1.0,6,3.0
Chaar Din Ki Chandni_2012,2012,3,3.0,4,4.0
Kabhi Dhoop Kabhi Chhaon_1971,1971,2.0,3,4.0,8
Karamdaata_1986,1986,1,3.0,2,5.0
Aisa Pyaar Kahan_1986,1986,1.0,2.0,1.0,4.0
Shiv Charan_1982,1982,3.0,2,5.0,6
Goonj (1974 film)_1974,1974,2.0,2,2.0,4
Prateeksha_1993,1993,2.0,3.0,3.0,5.0
Goliyon Ki Rasleela Ram-Leela_2013,2013,4.0,2.0,7.0,4.0
Daanveer_1996,1996,4,3.0,5,4.0
Anokha Bandhan_1982,1982,0.0,4,0.0,6
Help (film)_2010,2010,4.0,2,7.0,4
Agar Tum Na Hote_1983,1983,1,3.0,4,8.0
Apne Dushman_1975,1975,1,1.0,4,4.0
Alone (2015 Hindi film)_2015,2015,1,2.0,2,2.0
Shor in the City_2011,2011,3.0,2,4.0,3
Doosri Dulhan_1983,1983,2,1.0,4,5.0
Ab Insaf Hoga_1995,1995,3.0,4.0,3.0,5.0
Salaakhen (1975 film)_1975,1975,1.0,2.0,1.0,4.0
Boss (2013 Hindi film)_2013,2013,5.0,2.0,10.0,2.0
Love Love Love (1989 film)_1989,1989,0.0,3,0.0,4
Pukar (1983 film)_1983,1983,4.0,2,8.0,3
Ginny Aur Johnny_1976,1976,2,1.0,7,1.0
Professor Ki Padosan_1993,1993,1.0,2,2.0,6
Sultan (2016 film)_2016,2016,7,3.0,12,3.0
Delhi Belly (film)_2011,2011,2,0.0,6,0.0
Chhoti Bahoo_1994,1994,1.0,3,3.0,5
Ladki Pasand Hai_1971,1971,4.0,4,9.0,12
Kathputli (1971 film)_1971,1971,3,2.0,7,5.0
Amar Prem_1972,1972,3,1.0,5,2.0
Faraar_1975,1975,2,1.0,4,3.0
Entertainment (2014 film)_2014,2014,1,0.0,4,0.0
Mirch_2010,2010,2,3.0,2,3.0
Kunwara Badan_1973,1973,1.0,2,2.0,6
Manjunath (Film)_2014,2014,1,0.0,1,0.0
Aaj Ki Taaza Khabar_1973,1973,1.0,1,2.0,1
Hindustan Ki Kasam (1999 film)_1999,1999,4,6.0,8,9.0
Ek Thi Reeta_1971,1971,2.0,2,3.0,6
Do Raha_1971,1971,1.0,0.0,1.0,0.0
Love 86_1986,1986,2,3.0,3,5.0
Do Dooni Chaar_2010,2010,3,1.0,6,2.0
Aag Aur Chingari_1994,1994,1.0,3,1.0,4
Taqdeer (1983 film)_1983,1983,0.0,2,0.0,5
Ek Duuje Ke Liye_1981,1981,1.0,2,3.0,4
Kasum Khoon Ki_1977,1977,3,1.0,6,2.0
Waqt Ki Pukar_1984,1984,3.0,2,5.0,3
Anhonee (1973 film)_1973,1973,1.0,3,2.0,8
Mehboob Ki Mehndi_1971,1971,2,2.0,5,5.0
Awaargi_1990,1990,1,3.0,1,4.0
One Night Stand (2016 film)_2016,2016,3.0,2,3.0,2
Chal Chala Chal_2009,2009,3.0,2,5.0,4
Bade Dilwala_1999,1999,3,3.0,6,6.0
Guddi (1971 film)_1971,1971,0.0,1,0.0,3
Anuraag (1972 film)_1972,1972,2.0,1,2.0,5
Jaisi Karni Waisi Bharni_1989,1989,2.0,2.0,2.0,3.0
Bhagwan Shri Krishna_1985,1985,1.0,1,1.0,4
Baby (2015 film)_2015,2015,2.0,0.0,2.0,0.0
Parwana (1971 film)_1971,1971,2.0,1,3.0,1
Aur Kaun?_1979,1979,1.0,1,1.0,1
Life Ki Toh Lag Gayi (Film)_2012,2012,2.0,0.0,6.0,0.0
Rakht Charitra_2010,2010,7.0,0.0,9.0,0.0
Yeh Raat Phir Na Aayegi_1992,1992,2,1.0,3,7.0
Payal Ki Jhankaar_1980,1980,4.0,4.0,8.0,5.0
Ragini MMS_2011,2011,1.0,2.0,2.0,2.0
Betaaj Badshah_1994,1994,4.0,2,8.0,4
Akayla_1991,1991,1.0,1,3.0,3
Roti Kapda Aur Makaan_1974,1974,2.0,1,3.0,5
Black Mail (1973 film)_1973,1973,1,1.0,12,10.0
Yaaron Ka Yaar_1977,1977,3.0,1,3.0,3
Raat Gayi Baat Gayi?_2009,2009,0.0,1,0.0,4
Main Awara Hoon_1983,1983,1,2.0,4,3.0
Ram Bharose_1977,1977,2,1.0,8,4.0
Swarag Se Sunder_1986,1986,1,2.0,4,6.0
Gambler (1971 film)_1971,1971,2,1.0,5,2.0
Insaaf (1987 film)_1987,1987,0.0,1.0,0.0,3.0
Samraat (film)_1982,1982,4.0,2,6.0,6
Zokkomon_2011,2011,2,0.0,5,0.0
W (2014 film)_2014,2014,1,1.0,1,1.0
Fox (film)_2009,2009,2,2.0,4,2.0
Machine (2017 film)_2017,2017,4.0,3,7.0,5
Sone Ka Dil Lohe Ke Haath_1978,1978,1.0,1,1.0,2
Qaidi (1984 film)_1984,1984,1.0,2,4.0,2
Woh Din Yaad Karo_1971,1971,3,2.0,9,5.0
Hunterrr_2015,2015,5,2.0,5,2.0
Dil To Pagal Hai_1997,1997,2.0,2,9.0,9
Aulad Ke Dushman_1993,1993,3,3.0,10,8.0
Dahek_1999,1999,3.0,4,7.0,11
Kanwarlal_1988,1988,0.0,3,0.0,4
Ayee Milan Ki Raat_1991,1991,2.0,1,3.0,11
Qatil Aur Ashiq_1986,1986,2.0,3,5.0,8
Neerja_2016,2016,2.0,3,2.0,3
Preet Na Jane Reet_1984,1984,1,2.0,5,4.0
Rama O Rama_1988,1988,0.0,2,0.0,3
Bombay Talkies (film)_2013,2013,11,8.0,13,8.0
Bachpan_1970,1970,2,2.0,3,4.0
Chaalis Chauraasi_2012,2012,6,3.0,6,3.0
Shaadi Ke Baad_1972,1972,3.0,1,6.0,5
Laal Rang_2016,2016,3,0.0,4,0.0
Phool Aur Aag_1999,1999,1.0,2,1.0,4
Baahubali 2: The Conclusion_2017,2017,3,1.0,3,1.0
Shortkut_2009,2009,3,2.0,7,2.0
Jail Yatra_1981,1981,2,2.0,3,3.0
Shirdi Ke Sai Baba_1977,1977,1.0,3,2.0,4
Manthan (1976 film)_1976,1976,0.0,1,0.0,1
Criminal (1995 film)_1995,1995,2,2.0,2,2.0
Abhi To Jee Lein_1977,1977,1.0,1,11.0,3
Chor Aur Chaand_1993,1993,4,1.0,8,10.0
Baali Umar Ko Salaam_1994,1994,2,2.0,8,7.0
Samaj Ko Badal Dalo_1970,1970,1.0,2,2.0,5
Dil-E-Nadaan_1982,1982,1,2.0,4,3.0
Vishwanath (1978 film)_1978,1978,2.0,2,3.0,4
Phhir_2011,2011,1.0,2.0,1.0,2.0
Banphool_1971,1971,2.0,1,4.0,4
Yaadgaar_1984,1984,1,3.0,3,3.0
Bhumika (1977 film)_1977,1977,0.0,2,0.0,4
Grahan_1972,1972,3,3.0,4,6.0
Jolly LLB 2_2017,2017,4.0,2,5.0,2
Zindagi Aur Toofan_1975,1975,0.0,2.0,0.0,5.0
Wajood_1998,1998,3,3.0,4,6.0
Aaina (1977 film)_1977,1977,1.0,2,1.0,4
Tere Mere Sapne (1971 film)_1971,1971,2.0,2,3.0,7
Naughty @ 40_2011,2011,1,2.0,1,2.0
Ek Nazar_1972,1972,2,0.0,3,0.0
Saheb Bahadur_1977,1977,3.0,3,8.0,5
Baaghi: A Rebel for Love_1990,1990,1,3.0,4,8.0
Dhanak_2016,2016,3,1.0,3,1.0
Sawaal (film)_1982,1982,2.0,5,4.0,8
Khalifa (film)_1976,1976,2.0,1,6.0,2
Loafer (1973 film)_1973,1973,1.0,2,1.0,4
Miss 420_1998,1998,3,1.0,6,1.0
Ferrari Ki Sawaari_2012,2012,1,0.0,1,0.0
Sarkari Mehmaan_1979,1979,0.0,1,0.0,5
Mom (film)_2017,2017,2,5.0,2,6.0
Ghungroo Ki Awaaz_1981,1981,0.0,0.0,0.0,0.0
Sagina (film)_1974,1974,1,1.0,5,4.0
Naram Garam (1981 film)_1981,1981,3.0,2,3.0,4
Tyagi (film)_1992,1992,2.0,3,4.0,4
Gali Gali Chor Hai_2012,2012,2,1.0,3,2.0
Allah Rakha (film)_1986,1986,0.0,2,0.0,4
Jaggu_1975,1975,0.0,2,0.0,10
Shart (1986 film)_1986,1986,3.0,2.0,3.0,3.0
Samrat & Co._2014,2014,2,1.0,2,1.0
Yeshwant_1997,1997,4,1.0,7,1.0
Runningshaadi.com_2017,2017,4,2.0,5,2.0
Ajab Gazabb Love_2012,2012,3.0,0.0,4.0,0.0
Aalaap (film)_2012,2012,5,1.0,10,1.0
One by Two (2014 film)_2014,2014,4,1.0,5,1.0
Hawalaat_1987,1987,2,2.0,3,4.0
Awwal Number_1990,1990,2,2.0,5,4.0
Udhar Ka Sindur_1976,1976,2,3.0,2,6.0
Shapath (1997 film)_1997,1997,4,1.0,5,1.0
Tirchhi Topiwale_1998,1998,4,3.0,6,3.0
Jeeo Aur Jeene Do_1982,1982,2.0,3,3.0,5
Jeena isi Ka Naam Hai (film)_2017,2017,4,2.0,4,2.0
Chashme Buddoor (1981 film)_1981,1981,5,1.0,5,5.0
Dushman Devta_1991,1991,1.0,4,3.0,7
Jeete Hain Shaan Se_1988,1988,2,3.0,8,9.0
Iraada_1991,1991,1,1.0,2,3.0
Dushman Zamana_1992,1992,1.0,2,4.0,5
Prithvi (1997 film)_1997,1997,4,4.0,7,8.0
My Love (1970 film)_1970,1970,0.0,0.0,0.0,0.0
The Great Gambler_1979,1979,4.0,1,4.0,5
Dhan Daulat_1980,1980,0.0,0.0,0.0,0.0
Raja Jani_1972,1972,1.0,1,1.0,5
Laqshya_1994,1994,3,3.0,9,7.0
Majaal_1987,1987,1,1.0,4,5.0
Namak Halaal (1982 film)_1982,1982,2,1.0,4,3.0
Anari No.1_1999,1999,5,3.0,8,6.0
Chhota Chetan_1998,1998,1.0,2,4.0,2
Force (2011 film)_2011,2011,4,5.0,4,5.0
Garam Masala (1972 film)_1972,1972,1.0,1,2.0,5
Bhayaanak_1979,1979,1.0,2,2.0,3
Dial 100 (1982 film)_1982,1982,4.0,2,13.0,6
Shivaay_2016,2016,8,2.0,8,3.0
Buddha Mil Gaya (film)_1971,1971,2,2.0,6,5.0
Chor Sipahee_1977,1977,3,1.0,3,1.0
Teen Patti (film)_2010,2010,0.0,2,0.0,4
Star (1982 film)_1982,1982,0.0,1.0,0.0,4.0
Zindagi Ek Juaa_1992,1992,1,1.0,4,3.0
Suraj (1997 film)_1997,1997,3.0,2,5.0,3
Khoobsurat (1999 film)_1999,1999,5,4.0,7,6.0
Katilon Ke Kaatil_1981,1981,3,2.0,5,3.0
Betaab_1983,1983,0.0,1.0,0.0,3.0
Gunahon Ka Faisla_1988,1988,1.0,3,1.0,5
Meri Shadi Karao_2013,2013,2,0.0,10,0.0
Shikshaa_1979,1979,3,1.0,7,1.0
Aasha (1980 film)_1980,1980,1,1.0,5,3.0
Imaandaar_1987,1987,2,1.0,9,3.0
Fakira (film)_1976,1976,4.0,3,11.0,11
Do Dil Diwane_1981,1981,1.0,2,2.0,5
Ek Tha Tiger_2012,2012,4.0,2.0,4.0,4.0
Zor Lagaa Ke...Haiya!_2009,2009,3,1.0,6,2.0
Jung (1996 film)_1996,1996,2.0,1.0,2.0,4.0
Baazigar (1993 film)_1993,1993,2,3.0,4,6.0
Utsav_1984,1984,1.0,4,2.0,6
Geeta Mera Naam_1974,1974,1.0,2,2.0,4
Do Dilon Ki Dastaan (1985 film)_1985,1985,1,3.0,2,4.0
Shera (film)_1999,1999,3,0.0,7,0.0
U R My Jaan_2011,2011,3.0,3.0,3.0,4.0
Aage Ki Soch_1988,1988,1,1.0,4,4.0
Rajjo_2013,2013,2.0,1,3.0,4
Pazhassi Raja (2013 film)_2013,2013,6,2.0,9,2.0
Jhooth Bole Kauwa Kaate_1998,1998,4,1.0,8,4.0
Mrigayaa_1976,1976,1,1.0,4,2.0
Hira Aur Patthar_1977,1977,1,2.0,3,3.0
Kaalia_1981,1981,2.0,1,4.0,4
Ghatak: Lethal_1996,1996,2.0,4,3.0,5
Ganga Ki Saugandh_1978,1978,2,4.0,4,6.0
Hero Hindustani_1998,1998,1.0,0.0,3.0,0.0
Jeevan Sangram_1974,1974,1.0,3,1.0,7
Insaaf Ki Awaaz_1986,1986,2.0,2,3.0,3
Tera Kya Hoga Johnny_2010,2010,2.0,1,3.0,2
Teesra Kaun?_1994,1994,3,2.0,4,2.0
Maine Jeena Seekh Liya_1982,1982,2,4.0,6,15.0
Aap Ke Deewane_1980,1980,5,3.0,17,4.0
Sanam Teri Kasam (2009 film)_2009,2009,2,4.0,7,5.0
Afsana Do Dilon Ka_1982,1982,1,2.0,2,2.0
Rajput (1982 film)_1982,1982,3,2.0,11,3.0
Sajjo Rani_1976,1976,0.0,3,0.0,8
Rakta Bandhan_1984,1984,1.0,3,2.0,7
Agneepath (2012 film)_2012,2012,4.0,2,4.0,2
Dulaara_1994,1994,3,2.0,7,7.0
Goliyon Ki Raasleela Ram-Leela_2013,2013,4.0,2.0,7.0,4.0
Kalicharan_1976,1976,2.0,3,2.0,4
Door Nahin Manzil_1973,1973,2,2.0,4,5.0
Palkon Ki Chhaon Mein_1977,1977,1,2.0,3,3.0
Pyaar To Hona Hi Tha_1998,1998,5,3.0,6,5.0
Junooniyat_2016,2016,3,1.0,3,1.0
Haseenon Ka Devata_1971,1971,1.0,0.0,1.0,0.0
Fukrey_2013,2013,4,1.0,7,2.0
Happy Husbands_2011,2011,3,0.0,5,0.0
Anokha Daan_1972,1972,1.0,1,1.0,5
The Burning Train_1980,1980,2.0,4,4.0,8
Dil Toh Deewana Hai_2016,2016,2,2.0,4,2.0
Himalay Putra_1997,1997,3.0,2,5.0,5
Haque (film)_1991,1991,2.0,4,2.0,4
Arjun Pandit (1976 film)_1976,1976,1.0,1,1.0,2
Mard Ki Zabaan_1987,1987,1.0,1.0,2.0,1.0
Mere Do Anmol Ratan_1998,1998,4,2.0,12,3.0
Ek Chitthi Pyar Bhari_1985,1985,2.0,2,3.0,6
Meharbaani_1982,1982,1.0,1,1.0,1
Raja Natwarlal_2014,2014,3,2.0,4,2.0
Hum Se Na Takrana_1990,1990,3.0,1.0,3.0,5.0
Badmaash (film)_1998,1998,3.0,5.0,4.0,6.0
Ladki_1989,1989,1.0,1,2.0,2
The Gambler (1995 film)_1995,1995,3.0,2.0,4.0,5.0
Ada... A Way of Life_2010,2010,5,3.0,8,5.0
Zakhmee_1975,1975,3.0,2,5.0,4
Gautam Govinda_1979,1979,2.0,4,3.0,6
Insaaf Ka Khoon_1991,1991,1.0,1,3.0,3
Jism 2_2012,2012,2,3.0,4,3.0
Prem Tapasya_1983,1983,1.0,1,3.0,4
Koshish (1972 film)_1972,1972,0.0,1,0.0,1
Kaash_1987,1987,2,3.0,4,3.0
Man Tera Tan Mera_1971,1971,2,1.0,2,6.0
Annai Velankanni_1979,1979,2,1.0,5,2.0
Turning 30_2011,2011,3,0.0,6,0.0
Awara Baap_1985,1985,2,4.0,7,10.0
Holiday (2014 film)_2014,2014,4,2.0,6,3.0
Kareeb (1998 film)_1998,1998,2,2.0,5,8.0
Pyaar Impossible!_2010,2010,2.0,3,3.0,5
Jeevan Yudh_1997,1997,5.0,3,5.0,6
Haunted  3D_2011,2011,4,2.0,5,2.0
Kaalia (1997 film)_1997,1997,1,0.0,1,0.0
Aakhri Sajda_1977,1977,2,1.0,3,4.0
Dhadkan_2000,2000,5.0,1,7.0,5
Angel (2011 film)_2011,2011,5,1.0,7,3.0
Meri Pyaari Bindu_2017,2017,4,5.0,4,6.0
Mawaali_1983,1983,1,1.0,5,4.0
Himmat (1970 film)_1970,1970,1,2.0,5,5.0
Saagar (1985 film)_1985,1985,3.0,2,6.0,5
Sunayana_1979,1979,1,0.0,2,0.0
Pighalta Aasman_1985,1985,1.0,3,1.0,7
Prem Vivah_1979,1979,1.0,3,1.0,4
Deewana Mujh Sa Nahin_1990,1990,1,3.0,3,4.0
Aandhiyan_1990,1990,2,2.0,7,6.0
Shastra (1996 film)_1996,1996,1,1.0,4,1.0
Kamla (film)_1984,1984,1.0,1,4.0,2
Log Kya Kahenge_1982,1982,2,2.0,2,2.0
Arth (film)_1982,1982,1,1.0,4,1.0
Lovers (1983 film)_1983,1983,0.0,2,0.0,8
Aa Gale Lag Jaa (1994 film)_1994,1994,3,4.0,6,5.0
Insaniyat (1994 film)_1994,1994,4.0,5,6.0,10
Thodisi Bewafaii_1980,1980,1,3.0,3,4.0
Ghar Ho To Aisa_1990,1990,1.0,3.0,2.0,3.0
Priyatama_1977,1977,2,3.0,3,4.0
Anokhi Ada_1973,1973,3,2.0,7,5.0
Gudgudee_1997,1997,1,2.0,4,4.0
Palay Khan (film)_1986,1986,2.0,2,3.0,5
Hari Darshan_1972,1972,1.0,4,2.0,9
Papa Kehte Hai_1996,1996,3,3.0,5,3.0
Bajrangbali (film)_1976,1976,1,2.0,3,5.0
Khatron Ke Khiladi (1988 film)_1988,1988,1.0,4.0,1.0,7.0
Nazar Ke Samne_1994,1994,2,2.0,3,4.0
Masoom (1996 film)_1996,1996,6,3.0,7,4.0
Khel Khel Mein_1975,1975,3,2.0,5,4.0
Beiimaan Love_2016,2016,3.0,3,4.0,4
Deshwasi_1991,1991,1.0,2,5.0,7
Desh Ke Dushman_1989,1989,1.0,3,2.0,5
Safed Jhoot_1977,1977,2.0,1,4.0,4
Aankhen (1993 film)_1993,1993,5,5.0,9,5.0
Arjun Pandit (1999 film)_1999,1999,5,2.0,6,5.0
Krrish 3_2013,2013,5,3.0,8,4.0
Yeh Gulistan Hamara_1972,1972,4,1.0,9,7.0
Veerana_1988,1988,0.0,1,0.0,6
Aafat_1977,1977,1.0,2,1.0,6
Dishoom_2016,2016,6.0,3,7.0,5
Mera Saathi_1985,1985,3,2.0,5,5.0
Murder 3_2013,2013,4,0.0,7,0.0
Uljhan_2001,2001,2,2.0,3,3.0
Hadh Kar Di Aapne_2000,2000,3,4.0,5,6.0
Ek Aur Ek Gyarah_1981,1981,6,1.0,10,1.0
Gunehgar (1995 film)_1995,1995,2,2.0,5,4.0
Junoon (1992 film)_1992,1992,2,1.0,2,5.0
Yeh Saali Zindagi_2011,2011,4.0,2,7.0,6
Watan Ke Rakhwale_1987,1987,1,2.0,2,6.0
Jodi Breakers_2012,2012,3.0,2.0,3.0,2.0
Ek Kunwari Ek Kunwara_1973,1973,2.0,1,3.0,3
R... Rajkumar_2013,2013,4.0,4.0,7.0,4.0
Dhuen Ki Lakeer_1974,1974,2,1.0,5,2.0
Saajan Ka Ghar_1994,1994,2,2.0,5,9.0
Ram Teri Ganga Maili_1985,1985,2.0,1,2.0,4
Agnee (1988 film)_1988,1988,1.0,1.0,1.0,4.0
Dil Hi Dil Mein_1982,1982,7.0,2,9.0,2
Honour Killing (film)_2014,2014,3.0,1,4.0,2
Farebi_1974,1974,1,2.0,2,6.0
Gehra Zakhm_1981,1981,6,2.0,8,5.0
Ek Nari Do Roop_1973,1973,2,1.0,5,6.0
Zorro_1975,1975,1.0,0.0,1.0,0.0
Shapath_1984,1984,4,1.0,5,1.0
Dil Tera Deewana_1996,1996,1,2.0,7,5.0
Special 26_2013,2013,7,2.0,8,2.0
Paathshaala_2010,2010,1.0,0.0,1.0,0.0
Paappi Devataa_1995,1995,0.0,1,0.0,3
Guzaarish (2010 film)_2010,2010,4,2.0,4,2.0
Unees-Bees_1980,1980,3,3.0,7,3.0
Holi Ayee Re_1970,1970,4,3.0,5,4.0
Khoon Bhari Maang_1988,1988,1,2.0,2,10.0
Vaastav: The Reality_1999,1999,6,1.0,12,2.0
Mashaal_1984,1984,5,1.0,10,4.0
Chaahat (1996 film)_1996,1996,4,3.0,6,4.0
Jaanwar (1999 film)_1999,1999,4.0,4,6.0,11
Saazish (1988 film)_1988,1988,2.0,4,3.0,7
Farz Aur Kanoon_1982,1982,2,1.0,3,4.0
Mere Sartaj_1975,1975,2,1.0,2,5.0
Bombay 405 Miles_1980,1980,3,3.0,4,4.0
Bagula Bhagat_1979,1979,2,2.0,7,4.0
Immaan Dharam_1977,1977,4.0,2,8.0,2
Angaaray (1998 film)_1998,1998,5.0,3,9.0,8
Yeh Hai Mumbai Meri Jaan_1999,1999,4,2.0,8,5.0
Firaaq_2009,2009,4,1.0,4,1.0
Life Partner (film)_2009,2009,4,2.0,7,4.0
Kranti (1981 film)_1981,1981,6,1.0,11,5.0
Yudh (film)_1985,1985,3.0,5,3.0,9
Kunwara Baap (1974 film)_1974,1974,2,1.0,4,2.0
Jaaneman (1976 film)_1976,1976,6.0,3,9.0,8
Dilwaala_1986,1986,2,3.0,6,7.0
Sant Ravidas Ki Amar Kahani_1983,1983,2,1.0,3,2.0
Ganga Aur Ranga_1994,1994,0.0,1,0.0,4
Hindustan Ki Kasam_1973,1973,2,1.0,5,4.0
Sharafat Chod Di Maine_1976,1976,1.0,0.0,2.0,0.0
Farishtay_1991,1991,0.0,5.0,0.0,11.0
Jai Veeru_2009,2009,4.0,0.0,7.0,0.0
Kati Patang (1970 film)_1971,1971,3,2.0,6,3.0
Bade Dil Wala_1983,1983,2.0,1,7.0,5
Maha Shaktishaali_1994,1994,2,3.0,3,5.0
Kucch Luv Jaisaa_2011,2011,5,2.0,7,2.0
Call Girl (1974 film)_1974,1974,1,2.0,5,6.0
Meinu Ek Ladki Chaahiye_2014,2014,1.0,1,1.0,1
Bhabhi (1991 film)_1991,1991,4.0,3,4.0,6
Naam Shabana_2017,2017,1.0,3,1.0,3
Dabangg 2_2012,2012,5,2.0,6,7.0
Chashme Baddoor (2013 film)_2013,2013,2,1.0,5,2.0
Ek Anari Do Khiladi_1996,1996,2,3.0,2,3.0
Achanak (1998 film)_1998,1998,4,2.0,8,6.0
Do Khiladi_1976,1976,2,2.0,4,4.0
Luv Shuv Tey Chicken Khurana_2012,2012,6,0.0,9,0.0
Khubsoorat_1980,1980,2.0,2,3.0,5
Yeh Dooriyan_2011,2011,3.0,2,5.0,3
Paandav_1995,1995,2,4.0,5,5.0
Loveshhuda_2016,2016,3,0.0,4,0.0
Pyar Ka Mandir_1988,1988,3,2.0,4,2.0
Shatranj Ke Mohre_1974,1974,2.0,2,2.0,3
Yehi Hai Zindagi_1977,1977,2,2.0,3,3.0
Ghulam-E-Mustafa_1997,1997,3.0,2,3.0,3
Madadgaar_1987,1987,2,1.0,2,3.0
Mr Joe B. Carvalho_2014,2014,3.0,1.0,3.0,1.0
Preetam_1972,1972,2,2.0,4,2.0
Ashanti (1982 film)_1982,1982,3.0,2,3.0,4
Aulad (1987 film)_1987,1987,1.0,2.0,1.0,5.0
Billa No. 786_2000,2000,1,0.0,1,0.0
Karz (film)_1980,1980,3,3.0,7,3.0
Ghazab Tamasha_1992,1992,1,2.0,7,2.0
Do Aur Do Paanch_1980,1980,2,3.0,5,3.0
Roti (1974 film)_1974,1974,1,1.0,4,2.0
Sau Crore_1991,1991,2.0,4,3.0,7
Raja Hindustani_1996,1996,3.0,3,8.0,7
Muqaddar Ka Sikander_1978,1978,2,3.0,4,6.0
Victoria No. 203_1972,1972,2,1.0,6,2.0
Shatru_1986,1986,2.0,2,6.0,5
Phool Khile Hain Gulshan Gulshan (film)_1978,1978,4,2.0,6,2.0
Do Yaar_1972,1972,0.0,0.0,0.0,0.0
Chaarfutiya Chhokare_2014,2014,0.0,2,0.0,3
Raat Ke Gunaah_1994,1994,2.0,1,2.0,3
Paraya Dhan_1971,1971,3,2.0,5,4.0
Sham Ghansham_1998,1998,5.0,4,9.0,11
Suraag 1982 film_1982,1982,3,2.0,4,3.0
Maya Memsaab_1993,1993,2,1.0,2,5.0
Sarfarosh (1985 film)_1985,1985,3,3.0,4,4.0
Pyaara Dushman_1980,1980,1.0,2,3.0,5
Saajan Bina Suhagan_1978,1978,4,5.0,5,8.0
Chhote Sarkar (1974 film)_1974,1974,1.0,2,2.0,3
Darmiyaan_1997,1997,3.0,2,4.0,7
Gundagardi_1997,1997,4,3.0,8,5.0
Khuddar_1994,1994,3,1.0,6,5.0
Love Marriage (1984 film)_1984,1984,1.0,4.0,2.0,8.0
Barkhaa (2015 film)_2015,2015,6.0,3,7.0,3
Rangbaaz (1996 film)_1996,1996,3.0,2,8.0,3
Mera Shikar_1988,1988,1.0,1,2.0,6
Chaand Kaa Tukdaa_1994,1994,1.0,2,1.0,8
Jaal (1986 film)_1986,1986,1.0,1,1.0,2
Double Cross (1972 film)_1972,1972,1.0,1.0,4.0,6.0
Ham Sab Chor Hain (1995 film)_1995,1995,5,3.0,7,7.0
Jaan Ki Baazi_1985,1985,1.0,2.0,2.0,4.0
Uff! Yeh Mohabbat_1997,1997,4.0,3,7.0,6
Aar Ya Paar_1997,1997,8.0,5,9.0,6
Dance Dance (film)_1987,1987,1.0,1.0,1.0,5.0
Devta (1998 film)_1998,1998,2,2.0,3,2.0
Aag Ka Toofan_1993,1993,1,2.0,3,4.0
Gunda (film)_1998,1998,3.0,2,3.0,4
Daaman Aur Aag_1973,1973,2,3.0,3,4.0
Yeh Desh_1984,1984,5,2.0,5,3.0
Bandh Darwaza_1990,1990,1,2.0,2,2.0
Pardesi_1970,1970,1.0,1,1.0,4
Ilzaam_1986,1986,0.0,4,0.0,8
Chakkar Pe Chakkar_1977,1977,0.0,0.0,0.0,0.0
Joker (2011 film)_2012,2012,3.0,2,3.0,2
Ek Phool Teen Kante_1997,1997,4,2.0,5,5.0
Apmaan Ki Aag_1990,1990,1.0,2,2.0,4
Geraftaar_1985,1985,2,1.0,7,3.0
Saugandh (1991 film)_1991,1991,1.0,1.0,1.0,6.0
Ankur Arora Murder Case_2013,2013,2,1.0,2,1.0
Khiladiyon Ka Khiladi_1996,1996,4,4.0,5,5.0
Chatur Singh Two Star_2011,2011,2.0,3.0,4.0,4.0
Mehndi (1998 film)_1998,1998,2.0,4,2.0,5
Sher-E-Hindustan_1997,1997,1.0,1,2.0,1
Kahin Hai Mera Pyar_2014,2014,0.0,0.0,0.0,0.0
Jagga Jasoos_2017,2017,2,1.0,4,1.0
Yamla Pagla Deewana 2_2013,2013,8,4.0,12,8.0
Noor (film)_2017,2017,4.0,2.0,4.0,2.0
Humse Badhkar Kaun_1998,1998,3,2.0,6,2.0
Maa Beti_1987,1987,4.0,2,5.0,7
Main Tera Dushman_1989,1989,1.0,3.0,1.0,6.0
Badmashiyaan_2015,2015,4,1.0,4,1.0
Ghar Dwaar_1985,1985,0.0,0.0,0.0,0.0
Nauker (1979 film)_1979,1979,2.0,2,4.0,10
Rock Dancer_1995,1995,2.0,6,10.0,13
Jahan Tum Le Chalo_1999,1999,3,2.0,8,4.0
Chhupa Rustam_1973,1973,2,2.0,4,5.0
Rakhi Aur Rifle_1976,1976,0.0,2,0.0,8
Manzil (1979 film)_1979,1979,1.0,2,2.0,2
Indrajeet_1991,1991,4.0,2,4.0,6
Yeh Nazdeekiyan_1982,1982,0.0,2,0.0,8
Inkaar (2013 film)_2013,2013,5,2.0,7,2.0
Yugandhar (1993 film)_1993,1993,2.0,3,3.0,7
Sarkar 3_2017,2017,4.0,0.0,6.0,0.0
Jhutha Sach (film)_1984,1984,1,3.0,2,7.0
Saazish (1975 film)_1975,1975,0.0,1,0.0,6
Toote Khilone_1978,1978,3,2.0,8,4.0
Main Aurr Mrs Khanna_2009,2009,5,3.0,6,10.0
Vishnu-Devaa_1991,1991,0.0,4,0.0,6
Mardon Wali Baat_1988,1988,1.0,1,1.0,10
Do Jhoot_1975,1975,5,2.0,6,7.0
Dirty Politics (film)_2015,2015,0.0,2,0.0,2
Hathkadi_1995,1995,4.0,3,9.0,8
Shamitabh_2015,2015,2,1.0,4,1.0
Ghanchakkar (film)_2013,2013,2.0,1,4.0,1
Total Siyapaa_2014,2014,1,1.0,5,1.0
Deewana (1992 film)_1992,1992,1.0,3.0,6.0,5.0
Hum (1991 film)_1991,1991,2.0,3,5.0,7
Nishana (1995 film)_1995,1995,2.0,3,3.0,6
Jawab (1970 film)_1970,1970,2,4.0,4,7.0
Jungle (2000 film)_2000,2000,6,3.0,9,6.0
Krishna (1996 film)_1996,1996,4,2.0,5,3.0
Jeevan Dhaara_1982,1982,4,4.0,6,5.0
Warrant (1975 film)_1975,1975,1,1.0,3,2.0
Keemat (film)_1973,1973,5.0,3,7.0,5
Love (1991 film)_1991,1991,2,3.0,5,5.0
Aap Ki Khatir (1977 film)_1977,1977,3,2.0,5,4.0
Numbri Aadmi_1991,1991,1,5.0,2,13.0
Himmatvar_1996,1996,4,3.0,5,6.0
Krishna Aur Kans_2012,2012,7,3.0,10,5.0
Chhote Sarkar (1996 film)_1996,1996,2,1.0,6,6.0
Holiday: A Soldier Is Never Off Duty_2014,2014,4,2.0,6,3.0
Chupke Chupke_1975,1975,2.0,1,2.0,3
Raaj Tilak_1984,1984,2.0,4,5.0,10
Raaz Reboot_2016,2016,4,1.0,7,1.0
Banjo (2016 film)_2016,2016,2,1.0,8,1.0
Cover Story (2000 film)_2000,2000,3.0,1,5.0,3
Bhavani Junction_1985,1985,1.0,1.0,1.0,4.0
Bade Miyan Chote Miyan_1998,1998,3,5.0,10,9.0
Dhoom 3_2013,2013,3,3.0,3,3.0
Beharoopia_1971,1971,1.0,2,1.0,7
Aakhri Daku_1978,1978,1.0,2,1.0,3
Hate Story 2_2014,2014,2,2.0,6,4.0
Ladki Jawan Ho Gayi_1977,1977,3,1.0,5,5.0
F.A.L.T.U_2011,2011,0.0,0.0,0.0,0.0
Mera Jawab_1985,1985,0.0,2.0,0.0,5.0
Barfi!_2012,2012,8,3.0,12,3.0
Kabhi Na Kabhi_1998,1998,5,4.0,6,5.0
Rivaaj_1972,1972,3,4.0,5,5.0
MSG: The Messenger_2015,2015,1,0.0,8,0.0
Zabardast_1985,1985,2,1.0,5,4.0
Sewak_1975,1975,0.0,2,0.0,8
Aaj Ke Shahenshah_1990,1990,3.0,2.0,3.0,4.0
Shor (1972 film)_1972,1972,5.0,1,9.0,6
Udaan (2010 film)_2010,2010,10,0.0,16,0.0
Yaadon Ki Baaraat_1973,1973,3.0,4,7.0,7
Zakhmi Sher_1984,1984,2.0,5,2.0,5
Khamoshiyan_2015,2015,4,2.0,10,3.0
Gayatri Mahima_1977,1977,4,3.0,7,6.0
Utt Pataang_2011,2011,2,0.0,5,0.0
Memsaab (film)_1971,1971,2.0,2,3.0,8
Safar (film)_1970,1970,4.0,1,5.0,1
Jeevan Mukt_1977,1977,0.0,1,0.0,4
Shatranj (film)_1993,1993,6,2.0,9,3.0
English Babu Desi Mem_1996,1996,3.0,4,4.0,7
Mazloom_1986,1986,1.0,2.0,1.0,5.0
Kudrat_1981,1981,3,2.0,4,3.0
Biwi Ho To Aisi_1988,1988,0.0,2,0.0,6
Himmat (1996 film)_1996,1996,4,2.0,7,5.0
Bairaag_1976,1976,2.0,2,4.0,4
Army (1996 film)_1996,1996,5.0,3.0,7.0,6.0
Creature 3D_2014,2014,5,1.0,8,1.0
Santaan_1993,1993,3,3.0,6,5.0
Johny I Love You_1982,1982,2,2.0,4,4.0
Aan Baan (1972 film)_1972,1972,1.0,2,6.0,3
Zindagani_1986,1986,1.0,1,1.0,4
Ek Nai Paheli_1984,1984,3,4.0,4,9.0
Judaai (1997 film)_1997,1997,5.0,4,7.0,11
Pyar Jhukta Nahin_1985,1985,0.0,2.0,0.0,5.0
Nehle Pe Dehla_1976,1976,2,2.0,3,4.0
Johar Mehmood in Hong Kong_1971,1971,5,5.0,12,8.0
Maryada (film)_1971,1971,3,2.0,7,4.0
Veer (film)_2010,2010,5,4.0,8,6.0
Hote Hote Pyar Ho Gaya_1999,1999,3.0,4,3.0,5
8 x 10 Tasveer_2009,2009,1.0,0.0,2.0,0.0
Jaane Kahan Se Aayi Hai_2010,2010,3.0,1.0,5.0,2.0
Aaj Ki Awaz_1984,1984,2,0.0,6,0.0
Dalaal_1993,1993,3,3.0,7,5.0
Action Jackson (2014 film)_2014,2014,2.0,3.0,4.0,9.0
Yamla Pagla Deewana_2011,2011,8,5.0,9,9.0
Ustadon Ke Ustad (1998 film)_1998,1998,2.0,2.0,2.0,4.0
Mr. Bechara_1996,1996,2,4.0,4,5.0
Baaghi (2016 film)_2016,2016,5.0,4.0,5.0,4.0
Dangerous Ishq_2012,2012,1,4.0,5,8.0
Lamhaa_2010,2010,3.0,1,4.0,2
Paisa Yeh Paisa_1985,1985,1,3.0,2,5.0
Prem Granth_1996,1996,1.0,2,1.0,5
Toilet: Ek Prem Katha_2017,2017,1,1.0,2,2.0
Do Bachche Dus Haath_1972,1972,2,1.0,6,6.0
Smuggler (1996 film)_1996,1996,4,2.0,10,10.0
Aasoo Bane Angaarey_1993,1993,0.0,5,0.0,7
Kahaani_2012,2012,5.0,2,6.0,2
Inkaar (1978 film)_1977,1977,2,2.0,3,2.0
Shankar Shambhu_1976,1976,3.0,2,4.0,5
Azhar (film)_2016,2016,3.0,3.0,3.0,3.0
Aurat Aurat Aurat_1996,1996,0.0,4.0,0.0,10.0
Suhana Safar_1970,1970,1,3.0,3,3.0
Gunahon Ka Devta (1990 film)_1990,1990,2.0,4,3.0,8
Naukar Biwi Ka_1983,1983,3,1.0,5,4.0
Milenge Milenge_2010,2010,2.0,3,3.0,4
Phool Aur Angaar_1993,1993,2,0.0,2,0.0
Bittoo Boss_2012,2012,1.0,2.0,1.0,2.0
Kamaal Dhamaal Malamaal_2012,2012,4.0,5.0,5.0,6.0
Parbat Ke Us Paar_1988,1988,1.0,3,2.0,5
Meraa Dost Meraa Dushman_1984,1984,2,1.0,8,5.0
Chaar Sahibzaade: Rise of Banda Singh Bahadur_2016,2016,3,0.0,6,0.0
Kachche Dhaage_1973,1973,4,3.0,9,12.0
Irada (2017 film)_2017,2017,0.0,0.0,0.0,0.0
From Sydney with Love_2012,2012,3,2.0,6,3.0
Kahin Aar Kahin Paar_1971,1971,1.0,3,1.0,3
Inspector (1970 film)_1970,1970,2.0,1,2.0,4
Azaad (1978 film)_1978,1978,1,1.0,3,3.0
Chowkidar_1974,1974,2.0,2,4.0,4
Kali Ghata (1980 film)_1980,1980,1,2.0,3,5.0
Gharaonda_1977,1977,0.0,1.0,0.0,2.0
Choron Ka Chor_1970,1970,2.0,2,2.0,3
Chandni_1989,1989,3.0,5,4.0,8
Hu Tu Tu_1999,1999,1.0,3,2.0,11
Sangdil Sanam_1994,1994,1.0,3,1.0,8
Naamcheen_1991,1991,1.0,3.0,1.0,3.0
Rickshawala_1973,1973,0.0,0.0,0.0,0.0
Manchali (1973 film)_1973,1973,2,1.0,4,1.0
Chance Pe Dance_2010,2010,2,0.0,3,0.0
Zamane Se Poocho_1976,1976,2,2.0,5,5.0
Sanam Teri Kasam (2016 film)_2016,2016,4,2.0,5,5.0
Asha Jyoti_1984,1984,1,2.0,6,10.0
Anjaana Anjaani_2010,2010,4,3.0,4,3.0
Pagla Kahin Ka_1970,1970,2,2.0,4,3.0
Gulaab Gang_2014,2014,2,5.0,4,8.0
Aisha (film)_2010,2010,4,2.0,5,3.0
Ganwaar_1970,1970,0.0,1.0,0.0,1.0
Prem Pratigyaa_1989,1989,2.0,1,5.0,3
Rush (2012 film)_2012,2012,5,0.0,5,0.0
Sikka (1989 film)_1989,1989,2,4.0,2,5.0
Raja (1995 film)_1995,1995,1,1.0,9,9.0
Taraazu_1997,1997,4.0,3,7.0,5
Dharam Sankat Mein_2015,2015,3,2.0,8,3.0
Bank Chor_2017,2017,4,1.0,4,1.0
Achha Bura_1983,1983,2.0,4,4.0,5
Finding Fanny_2014,2014,0.0,1,0.0,2
Police Aur Mujrim_1992,1992,2,4.0,5,6.0
Tapasya (1976 film)_1976,1976,1.0,3,2.0,4
Raees (film)_2017,2017,5.0,2,5.0,2
Narsimha(1991 film)_1991,1991,3.0,3,3.0,15
Ishkq in Paris_2013,2013,2.0,3,3.0,4
Naseeb (1997 film)_1997,1997,3,3.0,6,3.0
Madras Cafe_2013,2013,2,0.0,3,0.0
Ek Second... Jo Zindagi Badal De?_2010,2010,1,0.0,2,0.0
Hifazat (1973 film)_1973,1973,1,1.0,2,6.0
Bambai Ka Babu (1996 film)_1996,1996,3,2.0,8,4.0
Aangan_1973,1973,3,2.0,3,5.0
Insaaf Main Karoonga_1985,1985,2,1.0,7,2.0
Do Fantoosh_1994,1994,2.0,3,3.0,5
Rakhi Aur Hathkadi_1972,1972,1.0,1,2.0,7
Geet (1970 film)_1970,1970,2.0,3,4.0,6
Aashiq Hoon Baharon Ka_1977,1977,1,1.0,4,2.0
Chorni_1982,1982,1.0,2,2.0,3
Khel Khilari Ka_1977,1977,5,2.0,12,11.0
Bol Radha Bol_1992,1992,4,4.0,5,4.0
Yea Toh Two Much Ho Gayaa_2016,2016,3,3.0,3,3.0
John Day (film)_2013,2013,0.0,1,0.0,1
The Gentleman (film)_1994,1994,1.0,0.0,1.0,0.0
Parichay (film)_1972,1972,2.0,2,3.0,2
Mirzya (film)_2016,2016,5,1.0,15,1.0
Parvarish_1977,1977,0.0,0.0,0.0,0.0
Sanyasi (1975 film)_1975,1975,3,2.0,6,7.0
Durgaa (1990 film)_1992,1992,0.0,2.0,0.0,2.0
Badlapur (film)_2015,2015,4.0,3.0,5.0,3.0
Tevar_2015,2015,3.0,3,5.0,6
Bhindi Baazaar Inc._2010,2010,0.0,1.0,0.0,1.0
Sitapur Ki Geeta_1987,1987,1.0,2.0,1.0,4.0
Ghulam (1998 film)_1998,1998,3,1.0,6,5.0
Singham Returns_2014,2014,3,1.0,6,2.0
Kahani Hum Sab Ki_1973,1973,0.0,1,0.0,2
Ek Mahal Ho Sapno Ka_1975,1975,2,1.0,3,2.0
Doodh Ka Karz_1990,1990,0.0,1.0,0.0,4.0
Sapne Sajan Ke_1992,1992,2.0,1,5.0,7
Teree Sang_2009,2009,4.0,2.0,5.0,2.0
Bhai Ho To Aisa_1972,1972,2,2.0,3,4.0
Rocket Singh: Salesman of the Year_2009,2009,2.0,0.0,2.0,0.0
Kasme Vaade (1978 film)_1978,1978,4,3.0,8,8.0
Hum Dono (1995 film)_1995,1995,4,3.0,10,4.0
Love in Bombay_2013,2013,2.0,1,5.0,2
Tere Naal Love Ho Gaya_2012,2012,4,4.0,9,9.0
Meri Adalat (1984 film)_1984,1984,2.0,3,2.0,5
Do Chor (1972 film)_1972,1972,1,1.0,4,5.0
Tum Haseen Main Jawaan_1970,1970,3,2.0,4,3.0
Sharafat Gayi Tel Lene_2015,2015,1,3.0,1,3.0
Bajatey Raho_2013,2013,1.0,1.0,1.0,1.0
Diya Aur Toofan(1995 film)_1995,1995,3.0,2.0,5.0,7.0
Beti No.1_2000,2000,4,3.0,7,6.0
Duniya (1984 film)_1984,1984,2,2.0,6,3.0
Albeli_1974,1974,2.0,4,2.0,4
Jay Vejay_1977,1977,1,4.0,2,9.0
Ek Baar Chale Aao_1983,1983,2.0,2,3.0,6
Main Intequam Loonga_1982,1982,1.0,1,1.0,4
Chori Mera Kaam_1975,1975,1,2.0,4,3.0
Lava (1985 film)_1985,1985,3,2.0,5,6.0
Aao Wish Karein_2009,2009,3,1.0,14,3.0
Nyaydaata_1999,1999,2,3.0,3,8.0
Cocktail (2012 film)_2012,2012,11.0,7,19.0,8
Din Dahade_1990,1990,2,2.0,4,2.0
Jeevan Ki Shatranj_1993,1993,1.0,4,1.0,6
Gehri Chaal_1973,1973,1.0,1,2.0,4
Hum Hain Kamaal Ke_1993,1993,4.0,1,8.0,10
Wake Up Sid_2009,2009,1.0,0.0,1.0,0.0
Mr. India_1987,1987,1.0,2,4.0,3
Lagaaam_1976,1976,1.0,2,2.0,7
Aurat Teri Yehi Kahani_1988,1988,1.0,2.0,2.0,8.0
Main Solah Baras Ki_1998,1998,2,3.0,7,5.0
Love Shagun_2016,2016,3.0,2,3.0,2
Saveray Wali Gaadi_1986,1986,2,2.0,4,2.0
Ek: The Power of One_2009,2009,3,2.0,4,2.0
Bobby Jasoos_2014,2014,4,2.0,5,5.0
Sher Dil_1990,1990,1.0,3.0,1.0,4.0
Dushman Duniya Ka_1996,1996,3,2.0,5,3.0
Aasmaan_1984,1984,2.0,1,4.0,5
Ae Dil Hai Mushkil_2016,2016,6,3.0,10,3.0
Nirmaan_1974,1974,2,2.0,2,2.0
Raaz 3D_2012,2012,5,1.0,5,3.0
Aahuti (1978 film)_1978,1978,4,2.0,11,7.0
Badal (2000 film)_2000,2000,4,5.0,5,9.0
Kaun Jeeta Kaun Haara_1988,1988,3.0,1.0,3.0,2.0
Always Kabhi Kabhi_2011,2011,8.0,3.0,8.0,3.0
Sanjh Ki Bela_1980,1980,2,2.0,2,3.0
Daaku Aur Jawan_1978,1978,4,3.0,7,7.0
Insaan (1982 film)_1982,1982,4,2.0,7,5.0
Mumbai Can Dance Saala_2015,2015,1.0,4,1.0,8
Dhanwan (1993 film)_1993,1993,4,3.0,8,7.0
Waqt Hamara Hai_1993,1993,2,4.0,6,9.0
Pyaar Ka Saaya_1991,1991,1,2.0,5,5.0
Dushmani: A Violent Love Story_1995,1995,3,4.0,6,6.0
Bombay by Nite_1979,1979,4,2.0,4,3.0
Mohabbat Ki Kasam_1986,1986,2.0,1.0,2.0,3.0
Gharwali Baharwali_1988,1988,4,3.0,9,5.0
Pyaar Mein Kabhi Kabhi_1999,1999,3,2.0,4,3.0
Gaddaar_1995,1995,5,3.0,9,5.0
Kaamchor_1982,1982,2,2.0,6,4.0
Maachis (1996 film)_1996,1996,5,1.0,6,5.0
Muqaddar_1996,1996,5,3.0,12,7.0
Yudhpath_1992,1992,3.0,2,3.0,2
Khiladi (1992 film)_1992,1992,4,4.0,8,6.0
Singham (2011 film)_2011,2011,2,2.0,4,3.0
Agent Vinod (1977 film)_1977,1977,4.0,2,7.0,6
Kohram_1999,1999,5.0,5,10.0,9
Khauff_2000,2000,4,5.0,5,6.0
Brahma (1994 film)_1994,1994,4,3.0,6,5.0
Aadat Se Majboor_1982,1982,0.0,1,0.0,2
Atithi Tum Kab Jaoge?_2010,2010,5,0.0,8,0.0
Fareb (1996 film)_1996,1996,3,1.0,6,4.0
Anari_1975,1975,3,1.0,5,5.0
Mujhe Insaaf Chahiye_1983,1983,2,2.0,2,5.0
Hum Se Badkar Kaun_1981,1981,5,2.0,6,4.0
Qurbani Rang Layegi_1991,1991,0.0,1,0.0,3
Seeta Aur Geeta_1972,1972,2.0,2,7.0,7
Sooryavansham (1999 film)_1999,1999,3,4.0,8,5.0
Deewane_2000,2000,4,4.0,8,7.0
Sharmeelee_1971,1971,1.0,2,4.0,4
International Khiladi_1999,1999,4,3.0,6,5.0
Woh Phir Aayegi_1988,1988,0.0,3,0.0,8
Chhoti Bahu_1971,1971,2.0,4,2.0,5
Upaasna_1971,1971,4.0,2,4.0,4
Ugly (film)_2014,2014,2,1.0,2,1.0
Mere Sajana Saath Nibhana_1992,1992,2,2.0,7,3.0
Dosti Dushmani_1986,1986,4.0,2.0,4.0,4.0
Gurudev (film)_1993,1993,2.0,4,3.0,14
Jallaad_1995,1995,4.0,4.0,4.0,5.0
Drishti (film)_1990,1990,0.0,1,0.0,4
Dil Bole Hadippa!_2009,2009,3.0,2.0,3.0,4.0
Caravan (1971 film)_1971,1971,2.0,2,3.0,7
Chandni Chowk to China_2009,2009,2,0.0,4,0.0
Tu Chor Main Sipahi_1996,1996,1,3.0,6,6.0
Aflatoon (film)_1997,1997,4,3.0,4,4.0
Kyaa Super Kool Hai Hum_2012,2012,7,0.0,9,0.0
Ponga Pandit_1975,1975,2.0,3,5.0,3
Dacait_1987,1987,2,2.0,4,4.0
Saath Saath (1982 film)_1982,1982,2.0,1,4.0,4
Fitoor_2016,2016,3,2.0,5,3.0
Apne Paraye_1980,1980,2,2.0,3,2.0
Raftaar (1975 film)_1975,1975,2.0,1,2.0,5
Gippi_2013,2013,3,1.0,3,1.0
Ishqiya_2010,2010,2,1.0,5,2.0
Prem Pujari_1970,1970,4.0,1,8.0,4
Jawab (1995 film)_1995,1995,3,3.0,5,5.0
Bang Bang!_2014,2014,3,2.0,5,2.0
Janam Kundli_1995,1995,5,3.0,7,3.0
Hum Farishte Nahin_1988,1988,1.0,1,2.0,4
Great Grand Masti_2016,2016,3.0,3,3.0,3
I Me aur Main_2013,2013,3,3.0,4,3.0
Raaste Pyar Ke_1982,1982,2,5.0,4,10.0
No One Killed Jessica_2011,2011,3,3.0,3,3.0
Daawat-E-Ishq_2014,2014,3,3.0,4,5.0
Kahte Hain Mujhko Raja_1975,1975,2,1.0,4,4.0
Begum Jaan_2017,2017,3.0,4,4.0,5
Apradhi Kaun?_1982,1982,0.0,1,0.0,1
Rehguzar_1985,1985,0.0,2.0,0.0,2.0
Paheli_1977,1977,4,5.0,7,10.0
Ek Naya Rishta_1988,1988,0.0,3,0.0,8
Naya Raasta_1970,1970,1,1.0,4,4.0
Paanch Fauladi_1988,1988,1,1.0,5,5.0
Teri Meri Kahaani_2012,2012,3.0,2.0,3.0,4.0
Khoon Ka Rishta_1981,1981,2,3.0,3,5.0
Pyar Ki Kahani_1971,1971,2,2.0,6,4.0
Shaque_1976,1976,1.0,1,1.0,3
Aap Ke Saath_1986,1986,0.0,3.0,0.0,3.0
Fiza (2000 film)_2000,2000,5,4.0,7,5.0
Sansar (1987 film)_1987,1987,2,2.0,7,7.0
Honeymoon (1992 film)_1992,1992,4,4.0,10,6.0
Titoo MBA_2014,2014,2,1.0,3,1.0
Bhishma (1996 film)_1996,1996,2,2.0,13,2.0
Aap To Aise Na The_1980,1980,1.0,1,1.0,4
Mary Kom (film)_2014,2014,3,2.0,5,2.0
Pratigyabadh_1991,1991,2,4.0,4,5.0
Dharamyudh_1988,1988,0.0,3,0.0,4
Khoon Ki Pukaar_1978,1978,1.0,2,2.0,6
Ankahee (1985 film)_1985,1985,2,1.0,5,2.0
Babu (1985 film)_1985,1985,1,2.0,7,5.0
Luckhnowi Ishq_2015,2015,3,4.0,3,7.0
Super Model (film)_2013,2013,1.0,0.0,3.0,0.0
Santan (film)_1976,1976,0.0,0.0,0.0,0.0
Vachan_1974,1974,1.0,1,3.0,8
Chhoti Si Baat_1975,1975,2,2.0,2,2.0
D-Day (2013 movie)_2013,2013,10.0,4.0,11.0,4.0
Saajan Ki Baahon Mein_1995,1995,1,2.0,6,3.0
Darr @ the Mall_2014,2014,0.0,3,0.0,5
Hahakaar_1996,1996,2,3.0,5,6.0
Karm Yodha_1992,1992,1.0,4,1.0,5
Jaani Dost_1983,1983,1,1.0,5,5.0
Ek Hasina Do Diwane_1972,1972,5,2.0,5,3.0
Chachi 420 (1997 film)_1997,1997,3,3.0,4,4.0
Aur Pyaar Ho Gaya_1997,1997,3,3.0,9,5.0
Aag Aur Daag_1970,1970,1.0,1,1.0,3
Nazrana (1987 film)_1987,1987,1.0,3,1.0,4
Aakhri Cheekh_1991,1991,0.0,1.0,0.0,1.0
Toh Baat Pakki!_2010,2010,5.0,1.0,11.0,2.0
Golmaal 3_2010,2010,4,3.0,6,8.0
Takkar (1980 film)_1980,1980,3.0,2,5.0,5
Udta Punjab_2016,2016,5,3.0,8,3.0
Taxi Chor_1980,1980,3,3.0,5,3.0
Yeh To Kamaal Ho Gaya_1982,1982,1,1.0,6,2.0
Mera Gaon Mera Desh_1971,1971,1.0,1,1.0,5
Pardes (film)_1997,1997,7.0,4,9.0,6
Param Dharam_1987,1987,2.0,3,4.0,9
Jallian Wala Bagh_1977,1977,0.0,0.0,0.0,0.0
Halaal Ki Kamai_1988,1988,1,2.0,2,4.0
Chaitali (film)_1975,1975,1,1.0,2,4.0
Awaaz De Kahan Hai_1990,1990,0.0,1.0,0.0,5.0
Aaj Ka Mahaatma_1976,1976,1,2.0,2,3.0
Swati (1986 film)_1986,1986,1,5.0,1,6.0
Aakhri Goli_1977,1977,2.0,2,2.0,3
Raajneeti_2010,2010,7,2.0,13,4.0
Aaghaaz_2000,2000,3,2.0,5,5.0
Do Chattane_1974,1974,2,1.0,9,4.0
Tumhare Liye_1978,1978,0.0,3,0.0,5
Humshakal_1992,1992,1.0,3,1.0,8
1942: A Love Story_1994,1994,2,2.0,5,3.0
Pandit Aur Pathan_1977,1977,3,1.0,17,7.0
Bazaar E Husn_2014,2014,1,3.0,4,6.0
Shaapit_2010,2010,4,3.0,8,4.0
Khoon Pasina_1977,1977,1.0,2,2.0,2
Krishan Avtaar_1993,1993,0.0,1,0.0,3
Ghulam Begam Badshah_1973,1973,2,2.0,4,5.0
Aakrosh (1980 film)_1980,1980,1,0.0,1,0.0
Nishchaiy_1992,1992,0.0,2.0,0.0,9.0
Main Azaad Hoon_1989,1989,1,0.0,6,0.0
Anari (1993 film)_1993,1993,2,2.0,7,4.0
Jaaydaad_1989,1989,0.0,3.0,0.0,4.0
Jangal Mein Mangal_1972,1972,2,2.0,4,5.0
Pukar (2000 film)_2000,2000,1.0,2.0,1.0,3.0
Ram Shastra_1995,1995,2.0,2.0,2.0,5.0
Sanam (1997 film)_1997,1997,3.0,4,5.0,7
Waqt Ki Deewar_1981,1981,3,1.0,6,4.0
Apne Apne_1987,1987,2.0,3,2.0,7
Kala Sona_1975,1975,2,1.0,2,4.0
Rowdy Rathore_2012,2012,4.0,2.0,5.0,5.0
Karmayogi (1978 film)_1978,1978,3.0,2,4.0,4
Bedardi_1993,1993,1.0,2.0,1.0,5.0
Shankar Hussain_1977,1977,1.0,1.0,2.0,4.0
Pyar Kiya Hai Pyar Karenge_1986,1986,0.0,2.0,0.0,4.0
Badrinath Ki Dulhania_2017,2017,7,6.0,9,6.0
Madhosh (1994 film)_1994,1994,2,2.0,7,5.0
Ek Bechara_1972,1972,2,2.0,3,3.0
Aarzoo_1999,1999,4,1.0,9,4.0
Gopi (1970 film)_1970,1970,2.0,1,4.0,2
I Don't Luv U_2013,2013,6.0,1,7.0,2
Maatr_2017,2017,1,0.0,2,0.0
Yeh Ishq Nahin Aasaan_1984,1984,2.0,3.0,3.0,10.0
Jurmana_1979,1979,2.0,2,2.0,4
The Don (1995 film)_1995,1995,3,2.0,4,3.0
Hasee Toh Phasee_2014,2014,3.0,3,6.0,4
Zamane Se Kya Darna_1994,1994,2.0,4,6.0,5
Dhartiputra_1993,1993,1,1.0,4,6.0
Khudai_1994,1994,2,0.0,7,0.0
Yavarum Nalam_2009,2009,3,3.0,7,4.0
Dhaai Akshar Prem Ke_2000,2000,4,1.0,9,8.0
Hukumat_1987,1987,0.0,2,0.0,7
Prem Shakti_1994,1994,1.0,2,10.0,8
Dariya Dil_1988,1988,1.0,2.0,1.0,3.0
Aaj Ke Angaare_1988,1988,0.0,1,0.0,3
Dear Zindagi_2016,2016,3.0,3,6.0,4
Stanley Ka Dabba_2011,2011,4,1.0,4,1.0
Kuch Kuch Hota Hai_1998,1998,3,2.0,7,10.0
Khaan Dost_1976,1976,3,0.0,5,0.0
Raampur Ka Lakshman_1972,1972,2.0,2,5.0,5
Baaghi (2000 film)_2000,2000,2.0,4,4.0,5
Itihaas (1987 film)_1987,1987,2.0,2,2.0,4
Cigarette Ki Tarah_2012,2012,2,3.0,3,3.0
Yaadon Ki Kasam_1985,1985,1.0,2,3.0,2
Bewakoofiyaan_2014,2014,4.0,3,5.0,3
Apradhi Kaun_2000,2000,0.0,1,0.0,1
Azaad Desh Ke Gulam_1990,1990,1.0,3.0,2.0,4.0
Housefull (2010 film)_2010,2010,4,3.0,6,9.0
Sagar Sangam_1988,1988,1,4.0,2,14.0
Jai Shiv Shankar_1990,1990,0.0,3,0.0,6
First Love Letter_1991,1991,1,3.0,5,5.0
Zara Si Zindagi_1983,1983,3,2.0,5,3.0
Apradhi (1974 film)_1974,1974,3,1.0,4,5.0
Love Games (film)_2016,2016,2.0,1.0,2.0,1.0
Daag: The Fire_1999,1999,3,3.0,5,8.0
Kangan (1971 film)_1971,1971,3.0,2,5.0,3
Doosra Aadmi_1977,1977,3,2.0,7,6.0
Mother (1999 film)_1999,1999,4.0,4,5.0,8
Murder 2_2011,2011,4.0,1.0,7.0,2.0
Talaash (2012 film)_2012,2012,4.0,2,6.0,2
Phandebaaz_1978,1978,2,2.0,6,4.0
Ustaad (film)_1989,1989,2.0,6,3.0,6
Hamrahi_1974,1974,3,1.0,5,4.0
Jaane Jigar_1998,1998,0.0,0.0,0.0,0.0
Sitam_1982,1982,0.0,1,0.0,2
Mazdoor_1983,1983,0.0,1,0.0,6
Main Krishna Hoon_2013,2013,2.0,2,2.0,2
Pratikar_1991,1991,2,5.0,2,6.0
Aankhon Aankhon Mein_1972,1972,1,3.0,4,6.0
Jamai Raja_1990,1990,1.0,4,2.0,8
Kajraare_2010,2010,0.0,2,0.0,6
Shaadi Ke Side Effects_2014,2014,8,3.0,14,3.0
Apradh_1972,1972,2,2.0,4,4.0
Kya Kehna_2000,2000,4.0,2,8.0,7
Majboor (1974 film)_1974,1974,2,2.0,4,2.0
36 Ghante_1974,1974,3.0,1,4.0,2
Aaj Ki Taaqat_1992,1992,2,3.0,2,3.0
Grand Masti_2013,2013,0.0,1.0,0.0,1.0
Desi Boyz_2011,2011,4,1.0,7,2.0
Shubh Kaamna_1983,1983,2.0,2,4.0,4
Haseena Maan Jaayegi_1999,1999,5,3.0,10,5.0
Dildaar_1977,1977,1,1.0,5,4.0
Hum Hain Khalnayak_1996,1996,5,3.0,6,5.0
3 A.M. (2014 film)_2014,2014,1.0,0.0,2.0,0.0
Jaanam Samjha Karo_1999,1999,3,2.0,5,4.0
Daraar_1987,1987,4,3.0,8,8.0
Laila (1984 film)_1984,1984,2.0,1,4.0,4
Hero Hiralal_1988,1988,1.0,2,2.0,4
Insaaf Ka Tarazu_1980,1980,1.0,2,3.0,4
Student Of The Year_2012,2012,4,4.0,6,4.0
Rascals (2011 film)_2011,2011,3,2.0,6,4.0
Kanoon Apna Apna_1988,1988,1,3.0,1,5.0
Gori Tere Pyaar Mein_2013,2013,4.0,6.0,7.0,14.0
Kaabil_2017,2017,3,1.0,6,1.0
Matru Ki Bijlee Ka Mandola_2013,2013,8,1.0,11,2.0
Prem Kaa Game_2010,2010,4.0,2.0,6.0,4.0
Do Ustad_1982,1982,0.0,3,0.0,9
Dillagi (1999 film)_1999,1999,11.0,6,16.0,9
Mr Bond_1992,1992,1.0,2.0,1.0,9.0
All The Best: Fun Begins_2009,2009,6.0,1.0,8.0,2.0
Anand (1971 film)_1971,1971,4,1.0,4,2.0
Vijaypath_1994,1994,2,3.0,5,5.0
Veeru Dada_1990,1990,1.0,3,2.0,3
Hum Aapke Dil Mein Rehte Hain_1999,1999,6,3.0,9,5.0
Daulat (1982 film)_1982,1982,0.0,0.0,0.0,0.0
Karle Pyaar Karle_2014,2014,5,2.0,6,3.0
Manzilein Aur Bhi Hain_1974,1974,0.0,1,0.0,2
Divya Shakti_1993,1993,1,3.0,5,7.0
Bezubaan_1982,1982,2,2.0,4,3.0
Aao Pyaar Karen_1983,1983,2,2.0,6,2.0
Khooni Raat_1991,1991,0.0,2,0.0,3
Trinetra (1991 film)_1991,1991,3,3.0,4,3.0
Bindiya Chamkegi_1984,1984,1.0,2,2.0,8
Raat (film)_1992,1992,2.0,1,2.0,1
Mela (2000 film)_2000,2000,10.0,5,17.0,9
Prem Rog (1982 film)_1982,1982,1,2.0,4,5.0
Jaan Pechaan_1991,1991,0.0,2,0.0,7
Dee Saturday Night_2014,2014,5,3.0,5,3.0
Samadhi (1972 film)_1972,1972,1.0,2,2.0,4
Ek Paheli_1971,1971,1.0,2,4.0,10
Gunaah (1993 film)_1993,1993,0.0,3,0.0,4
Mubarakan_2017,2017,1.0,1.0,1.0,1.0
Bin Bulaye Baraati_2011,2011,0.0,1.0,0.0,1.0
Gopi Kishan_1994,1994,2,2.0,5,5.0
Kora Kagaz_1974,1974,1,1.0,1,2.0
All Rounder (1984 film)_1984,1984,3.0,5.0,4.0,6.0
Inquilaab (1984 film)_1984,1984,1.0,1,2.0,3
Khoon Khoon_1973,1973,4.0,2,6.0,3
Dand Nayak_1998,1998,0.0,0.0,0.0,0.0
Jattu Engineer_2017,2017,1,0.0,2,0.0
Baadshah (1999 film)_1999,1999,3,1.0,6,2.0
Cheetah (1994 film)_1994,1994,2,3.0,3,5.0
Sangeet (1992 film)_1992,1992,3.0,1,7.0,10
Libaas_1988,1988,0.0,1,0.0,1
Balidaan_1971,1971,1,3.0,6,7.0
Dolly Ki Doli_2015,2015,1.0,2,1.0,2
Dhund (1973 film)_1973,1973,2.0,2,2.0,4
Rani Mera Naam_1972,1972,1.0,1,1.0,8
Bandagi_1972,1972,1,1.0,3,2.0
Dharam Kanta_1982,1982,2,1.0,4,4.0
Milap_1972,1972,3,1.0,4,4.0
Lakshmi (1982 film)_1982,1982,1.0,2,2.0,6
Zimmedaaar_1990,1990,0.0,2.0,0.0,3.0
Tarkeeb_1984,1984,4,4.0,10,6.0
Aaj Ka Goonda Raaj_1992,1992,3,3.0,5,6.0
Police Public_1990,1990,0.0,3,0.0,5
Besahara_1987,1987,1.0,1,1.0,2
Sapoot_1996,1996,3,4.0,4,6.0
Ghar Ghar Ki Kahani_1970,1970,3.0,3,4.0,4
Gang (2000 film)_2000,2000,5,4.0,9,5.0
Chhaila Babu_1977,1977,1.0,1,1.0,1
Revolver Rani_2014,2014,7.0,5,11.0,6
Aamne Samne (1982 film)_1982,1982,2.0,2,3.0,3
Naajayaz_1995,1995,3,1.0,6,5.0
Kal Aaj Aur Kal_1971,1971,3,2.0,6,4.0
Yaar Gaddar_1994,1994,2,1.0,5,3.0
Himmatwala (1998 film)_1998,1998,0.0,0.0,0.0,0.0
O Teri_2014,2014,4,1.0,7,1.0
Kachcha Chor_1977,1977,0.0,0.0,0.0,0.0
Jaanwar (1983 film)_1983,1983,1,2.0,4,2.0
Maa Kasam (1999 film)_1999,1999,1.0,2,1.0,5
Lafangey Parindey_2010,2010,2.0,2.0,2.0,2.0
Chattan Singh_1974,1974,3.0,3,4.0,7
Mohabbat Ke Dushman_1988,1988,2,1.0,3,4.0
Dil Pe Mat Le Yaar_2000,2000,6.0,2,6.0,3
Agreement (film)_1980,1980,0.0,1,0.0,4
Kick (2014 Film)_2014,2014,6.0,4.0,14.0,10.0
Jai Jwala_1972,1972,2.0,2,3.0,3
Sooper Se Ooper_2013,2013,3.0,2.0,3.0,2.0
Dil Kaa Heera_1979,1979,1.0,2,2.0,10
Maha Badmaash_1977,1977,0.0,0.0,0.0,0.0
Amiri Garibi_1990,1990,0.0,3,0.0,5
Ramu Ustad_1971,1971,1.0,2,2.0,7
Bawandar_2000,2000,0.0,2,0.0,4
Mere Sajna_1975,1975,1.0,2,2.0,8
Aiyyaa_2012,2012,2.0,5.0,2.0,5.0
Pyaasa Sawan_1981,1981,2.0,2,4.0,4
Barsaat (1995 film)_1995,1995,2,3.0,7,5.0
Aarakshan_2011,2011,6,2.0,10,4.0
Aap Beati_1976,1976,3,4.0,6,5.0
Veergati_1995,1995,3,2.0,5,3.0
Shehzaade_1989,1989,2,4.0,2,6.0
Coolie No. 1 (1995 film)_1995,1995,3,3.0,7,5.0
Adalat (1976 film)_1976,1976,5,1.0,5,1.0
Kala Suraj_1985,1985,1.0,1.0,1.0,2.0
Dulhan Banoo Main Teri_1999,1999,3.0,4,4.0,8
Aaj Ka M.L.A. Ram Avtar_1984,1984,3,1.0,9,5.0
Shanakht_1989,1989,1,0.0,1,0.0
Lashkar (film)_1989,1989,0.0,1.0,0.0,1.0
Aadamkhor_1986,1986,1,0.0,2,0.0
Do Boond Pani_1971,1971,2.0,2,2.0,2
NH10_2015,2015,3.0,4,5.0,5
Anth_1993,1993,4,4.0,5,6.0
Ishq Par Zor Nahin_1970,1970,2.0,2,3.0,6
Insaaf (1973 film)_1973,1973,2,2.0,4,8.0
Joru Ka Ghulam (2000 film)_2000,2000,5,3.0,7,4.0
Delhi-6_2009,2009,12,5.0,13,7.0
Jigarwala_1991,1991,0.0,2.0,0.0,6.0
Farishta Ya Qatil_1977,1977,4,5.0,6,5.0
Ayaash_1982,1982,3,1.0,3,2.0
Ki & Ka_2016,2016,4.0,3.0,4.0,3.0
Jaagruti_1992,1992,6,5.0,10,10.0
Apna Bana Lo_1982,1982,1,2.0,2,5.0
Dard Ka Rishta_1982,1982,0.0,1,0.0,2
Zindagi Tere Naam_2012,2012,3.0,2,4.0,6
Half Girlfriend (film)_2017,2017,5,3.0,7,4.0
Sabse Bada Khiladi_1995,1995,3,1.0,7,2.0
Tahqiqaat_1993,1993,1.0,4,1.0,5
Aladin (2009 film)_2009,2009,7,3.0,12,5.0
Hindi Medium (film)_2017,2017,4,1.0,4,1.0
Daulat Ki Jung_1992,1992,1.0,2,3.0,5
Himmatwala (1983 film)_1983,1983,2,2.0,5,4.0
Kurbaan (2009 film)_2009,2009,4,2.0,4,2.0
Department (film)_2012,2012,3.0,1.0,4.0,1.0
No Problem (2010 film)_2010,2010,3.0,3,5.0,7
Sirf Tum (1999 film)_1999,1999,4.0,3,5.0,5
Deedar-E-Yaar_1982,1982,2,2.0,5,4.0
Yeh Jawaani Hai Deewani_2013,2013,6,4.0,9,5.0
Jaan Tere Naam_1992,1992,2,3.0,9,4.0
Bheegi Palkein_1982,1982,2,3.0,4,5.0
Kaala Patthar (1979 film)_1979,1979,3,3.0,6,6.0
Anokhi Pehchan_1972,1972,1.0,4,1.0,5
Shri Krishna Leela_1971,1971,1.0,2,1.0,7
Mera Desh Mera Dharam_1973,1973,2,2.0,4,7.0
Zameen Aasmaan (1984 film)_1984,1984,2.0,2,3.0,4
Kab? Kyoon? Aur Kahan?_1970,1970,1,3.0,2,4.0
Balak Dhruv_1974,1974,1,2.0,2,7.0
Haath Ki Safai_1974,1974,3,2.0,4,4.0
Agneekaal_1990,1990,4.0,2.0,4.0,2.0
Kabzaa_1988,1988,1.0,3,1.0,3
Pehchaan (1993 film)_1993,1993,3,3.0,4,4.0
Phaansi_1978,1978,1.0,1,2.0,1
Darling Darling (1977 film)_1977,1977,2,1.0,12,4.0
Mohra_1994,1994,3,3.0,7,7.0
Dilwale Dulhania Le Jayenge_1995,1995,3.0,4,5.0,7
Maine Pyar Kiya_1989,1989,2,3.0,10,11.0
Faasle_1985,1985,1,4.0,4,10.0
Zid (2014 film)_2014,2014,1.0,1,2.0,3
Bol Bachchan_2012,2012,5,2.0,10,6.0
Bullet (1976 film)_1976,1976,1.0,2,3.0,6
Anurodh_1977,1977,2,0.0,6,0.0
Loha (1987 film)_1987,1987,2.0,3,2.0,11
Magroor_1979,1979,4,3.0,4,4.0
Bawarchi_1972,1972,3,3.0,4,5.0
Mere Humsafar_1970,1970,2,2.0,2,4.0
Daulat Ke Dushman_1983,1983,2,2.0,8,4.0
Andhera_1980,1980,0.0,1,0.0,8
100 Days (1991 film)_1991,1991,1,3.0,3,8.0
Sparsh (film)_1980,1980,1,0.0,1,0.0
Badnam Basti_1971,1971,1.0,0.0,2.0,0.0
Tan-Badan_1986,1986,2.0,2,5.0,5
Rootha Na Karo_1970,1970,2,1.0,5,3.0
Dil Daulat Duniya_1972,1972,2,3.0,5,5.0
Shool_1999,1999,2.0,2,4.0,3
Chor Ho To Aisa_1978,1978,4.0,1.0,4.0,2.0
Ajab Prem Ki Ghazab Kahani_2009,2009,5,2.0,9,5.0
Anubhav_1971,1971,1.0,1,1.0,3
Adventures of Tarzan_1985,1985,0.0,2.0,0.0,4.0
Raju Ban Gaya Gentleman_1992,1992,3,2.0,9,7.0
Door Ka Raahi_1971,1971,3,1.0,7,1.0
Ab Kya Hoga_1977,1977,0.0,2,0.0,8
Lakhon Mein Ek_1971,1971,3,2.0,6,10.0
Khwab_1980,1980,2,1.0,3,2.0
Apna Khoon_1978,1978,1.0,1,4.0,12
Kartavya (1995 film)_1995,1995,3.0,2,9.0,9
Aakhri Nishchay_1988,1988,1.0,1,2.0,3
Aadmi (1993 film)_1993,1993,3,2.0,5,5.0
Aurangzeb (film)_2013,2013,0.0,0.0,0.0,0.0
Hamari Bahu Alka_1982,1982,2,5.0,3,10.0
Nirdosh_1973,1973,2,1.0,3,6.0
Rishta Kagaz Ka_1983,1983,1.0,2,2.0,4
Hum Tum Pe Marte Hain_1999,1999,2.0,3,10.0,4
Hanste Khelte (1984 film)_1984,1984,2,2.0,5,2.0
Elaan (1994 film)_1994,1994,1,3.0,5,5.0
Lal dupatta malmal ka (film)_1989,1989,3.0,1,6.0,8
Deewaar (1975 film)_1975,1975,2,2.0,2,2.0
Yugpurush_1998,1998,2,2.0,5,2.0
Hum Tere Ashiq Hain_1979,1979,2.0,1,4.0,5
Daava_1997,1997,2,3.0,6,4.0
Ek Ladki Badnaam Si_1987,1987,1.0,1,1.0,4
Alaap_1977,1977,3.0,1.0,8.0,2.0
Aadmi Khilona Hai_1993,1993,3,2.0,3,6.0
Gupt: The Hidden Truth_1997,1997,2.0,3,5.0,8
Paapi_1977,1977,2.0,1,3.0,4
Lootera_2013,2013,3.0,2,7.0,2
Abdullah (1980 film)_1980,1980,4,2.0,4,3.0
Hera Pheri (1976 film)_1976,1976,2,2.0,5,5.0
Mujhse Fraaandship Karoge_2011,2011,4,2.0,7,4.0
Virasat (1997 film)_1997,1997,4,4.0,5,6.0
Baar Baar Dekho_2016,2016,6.0,3,7.0,4
Phas Gaye Re Obama_2010,2010,1.0,2.0,2.0,2.0
Khud-daar (1982 film)_1982,1982,1,2.0,6,5.0
Angaara_1996,1996,3.0,3.0,8.0,6.0
Trimurti (film)_1995,1995,2,2.0,4,4.0
Dum Laga Ke Haisha_2015,2015,4,3.0,6,3.0
Prince - It's Showtime_2010,2010,2,2.0,12,6.0
Khuda Gawah_1992,1992,2.0,3,2.0,8
Aaj Ka Daur_1985,1985,2.0,2,4.0,4
Bade Ghar Ki Beti_1989,1989,2,3.0,3,6.0
Zordaar_1996,1996,1,2.0,5,3.0
Dharam Veer (film)_1977,1977,4,2.0,7,3.0
Mard (1985 film)_1985,1985,2.0,2,2.0,3
Kali Raat_1977,1977,1.0,3,1.0,6
Badle Ki Aag_1982,1982,3,6.0,6,8.0
Band Baaja Baaraat_2010,2010,5.0,4.0,6.0,6.0
Jurm Aur Sazaa_1974,1974,2,3.0,5,8.0
Vaade Iraade_1994,1994,3,3.0,4,3.0
Bikhare Moti_1971,1971,2,2.0,3,2.0
Karm_1977,1977,4,2.0,7,4.0
Man Pasand_1980,1980,2,1.0,3,1.0
Bhagyawan_1993,1993,3.0,4,3.0,5
Aadmi Aur Apsara_1991,1991,1,4.0,3,6.0
Andaz Apna Apna_1994,1994,2,3.0,4,3.0
Maha Shaktimaan_1985,1985,1,2.0,1,3.0
Wajah Tum Ho_2016,2016,4,1.0,7,2.0
Professor Pyarelal_1981,1981,2,1.0,3,4.0
Haisiyat_1984,1984,3,5.0,6,6.0
Aulad Ki Khatir_1990,1990,1.0,1,1.0,1
Policewala Gunda_1995,1995,2,3.0,4,4.0
Koyla_1997,1997,3.0,3,5.0,5
Ravan Raaj: A True Story_1995,1995,4,4.0,5,4.0
Bhavna_1984,1984,2.0,5,3.0,10
Jal Bin Machhli Nritya Bin Bijli_1971,1971,1,1.0,2,5.0
Ghar Ki Izzat_1994,1994,2.0,2,3.0,9
Do Premee_1980,1980,3.0,3,6.0,4
Nai Duniya Naye Log_1973,1973,2.0,2,4.0,4
Anand Aur Anand_1984,1984,2,2.0,7,2.0
Chal Mere Bhai_2000,2000,8,4.0,12,8.0
Chehre Pe Chehra_1981,1981,2.0,1.0,3.0,4.0
Natak_1975,1975,1.0,2,2.0,8
Ek Tera Saath_2016,2016,5.0,2,6.0,5
Namkeen (1982 film)_1982,1982,1.0,3,2.0,8
Ameer Aadmi Gharib Aadmi_1985,1985,2.0,4,3.0,9
Oh My God (2012 film)_2012,2012,9.0,1.0,11.0,2.0
London Dreams_2009,2009,6,0.0,9,0.0
Bhrashtachar_1989,1989,2,3.0,2,4.0
Khoobsurat (2014 film)_2014,2014,2.0,6,2.0,7
Woh Saat Din_1983,1983,2.0,4,3.0,9
Bepanaah_1985,1985,4.0,1,5.0,3
Pyar Ki Jeet (1987 film)_1987,1987,1.0,1,1.0,10
Gangs of Wasseypur  Part 2_2012,2012,3.0,3,3.0,5
Reshma Aur Shera_1971,1971,1.0,2,4.0,8
G Kutta Se_2017,2017,0.0,0.0,0.0,0.0
Dahleez_1986,1986,1,1.0,5,3.0
Tere Pyar Mein_1978,1978,1.0,2.0,2.0,8.0
Taaqat (1995 film)_1995,1995,2,3.0,7,6.0
Ungli_2014,2014,2,2.0,3,2.0
Shiva Ka Insaaf_1985,1985,1.0,1,2.0,6
Rang (1993 film)_1993,1993,2,1.0,6,7.0
Baghavat_1982,1982,2.0,2,3.0,5
Joshilaay_1989,1989,3.0,2,3.0,5
Bhai-Bhai_1970,1970,1.0,2,3.0,3
Chennai Express_2013,2013,7,8.0,8,8.0
Shalimar (1978 film)_1978,1978,2,3.0,3,3.0
Josh (2000 film)_2000,2000,6.0,1.0,8.0,2.0
Manoranjan (1974 film)_1974,1974,2,3.0,3,5.0
Aadharshila_1982,1982,3,2.0,3,4.0
Chetna_1970,1970,0.0,1,0.0,3
Game (2011 film)_2011,2011,5,4.0,5,6.0
Ghaath_2000,2000,10.0,5,11.0,8
Inspector Dhanush_1991,1991,2.0,2,5.0,10
Paying Guests_2009,2009,2,2.0,2,3.0
Bewafai_1985,1985,1,2.0,4,16.0
Dushmun (1971 film)_1971,1971,1.0,1,2.0,3
Patita (1980 film)_1980,1980,1,1.0,2,3.0
Dekha Pyar Tumhara_1985,1985,3.0,2,5.0,4
Ishq Forever_2016,2016,6,3.0,9,7.0
Bundal Baaz_1976,1976,3,2.0,5,3.0
Do Dishayen_1982,1982,0.0,2,0.0,2
Coffee Bloom_2015,2015,2,1.0,2,1.0
MSG: The Warrior Lion Heart_2016,2016,1,0.0,2,0.0
Sukhmani  Hope for Life_2010,2010,3,2.0,11,4.0
Hasina Aur Nagina_1996,1996,1.0,2.0,1.0,6.0
Aag Ke Sholay_1988,1988,0.0,3,0.0,11
Dil Ka Sathi Dil_1982,1982,2,1.0,5,2.0
Mama Bhanja_1977,1977,2.0,3,2.0,5
Raaz  The Mystery Continues_2009,2009,5,1.0,11,1.0
Daddy Cool (2009 Hindi film)_2009,2009,0.0,1.0,0.0,2.0
Mela (1971 film)_1971,1971,2,2.0,5,5.0
Lorie (film)_1984,1984,0.0,4,0.0,9
Sardari Begum_1996,1996,0.0,2,0.0,8
Maa (1976 film)_1976,1976,2,2.0,5,5.0
Zakhmi Dil (1994 film)_1994,1994,2.0,3,4.0,6
M.S. Dhoni: The Untold Story_2016,2016,4.0,2.0,5.0,2.0
Anubhav (1986 film)_1986,1986,2,2.0,2,2.0
Geetanjali (1993 film)_1993,1993,2.0,3,4.0,6
Hiraasat_1987,1987,1.0,2,3.0,4
Paanch Ghantey Mien Paanch Crore_2012,2012,1,1.0,1,1.0
Dharam Sankat_1991,1991,1.0,3,1.0,5
Khatta Meetha (1978 film)_1978,1978,2,3.0,6,5.0
Aankh Micholi_1972,1972,1.0,2,2.0,3
I Hate Luv Storys_2010,2010,5.0,4.0,7.0,5.0
Jeena Marna Tere Sang_1992,1992,2,1.0,2,9.0
Jai Vikraanta_1995,1995,2,4.0,2,6.0
Man Ki Aankhen_1970,1970,2,3.0,4,8.0
Maximum (film)_2012,2012,3.0,2.0,3.0,2.0
Heropanti_2014,2014,1.0,0.0,3.0,0.0
Haathi Mere Saathi_1971,1971,2,1.0,6,3.0
Zamana (1985 film)_1985,1985,2,1.0,8,1.0
Hoshiyar_1985,1985,3,1.0,5,5.0
Badmaash Company_2010,2010,6,1.0,7,1.0
Adharm (1992 film)_1992,1992,2.0,3,2.0,5
Shaan (film)_1980,1980,3,4.0,6,8.0
Qatil_1988,1988,0.0,3,0.0,4
Yaariyan (2014 film)_2014,2014,10,2.0,25,4.0
Humjoli_1970,1970,3,3.0,7,5.0
Khushboo (1975 film)_1975,1975,1.0,2,1.0,3
Aar Paar (1985 film)_1985,1985,4.0,2,8.0,5
Jaan Ki Kasam_1991,1991,2,1.0,4,4.0
Aagman_1982,1982,1,1.0,1,5.0
Patthar Ke Phool_1991,1991,1.0,2,6.0,7
Truck Driver (1970 film)_1970,1970,1.0,4,3.0,8
Doosri Sita_1974,1974,1.0,2,1.0,3
Shahenshah (film)_1988,1988,1,2.0,2,3.0
Thanedaar_1990,1990,2.0,5,2.0,9
Haathkadi_1982,1982,4.0,3,9.0,8
Bhola Bhala_1978,1978,1,2.0,3,3.0
Mirza Juuliet_2017,2017,1.0,1,2.0,2
Janata Havaldar_1979,1979,0.0,3,0.0,3
Agnichakra_1997,1997,3.0,5,5.0,7
Hello Brother (1999 film)_1999,1999,5,2.0,10,9.0
Teri Kasam_1982,1982,0.0,2,0.0,7
Angaar_1980,1980,2,2.0,3,3.0
Kali Basti_1985,1985,3,2.0,4,2.0
Tum Mere Ho_1990,1990,1.0,3,4.0,3
Phir Bhi_1971,1971,3,0.0,6,0.0
Gopichand Jasoos_1982,1982,0.0,3,0.0,7
Luv U Alia_2016,2016,3,2.0,3,2.0
Gangaa Jamunaa Saraswathi_1988,1988,3,2.0,4,5.0
City Lights (2014 film)_2014,2014,4,1.0,6,1.0
Tezz_2012,2012,3,2.0,6,5.0
English Vinglish_2012,2012,2.0,4,4.0,5
Awaaz_1984,1984,2,1.0,12,8.0
Jis Desh Mein Ganga Rehta Hain_2000,2000,4,4.0,6,4.0
Border (1997 film)_1997,1997,4,2.0,5,2.0
Khal-Naaikaa_1993,1993,0.0,3,0.0,7
Maalamaal_1988,1988,3.0,1.0,11.0,2.0
Nadiya Ke Paar (1982 film)_1982,1982,1.0,2,1.0,5
Housefull 3_2016,2016,6.0,4.0,7.0,4.0
7 Khoon Maaf_2011,2011,5.0,2,5.0,5
Chal Chalein_2009,2009,4,4.0,11,5.0
Bhago Bhut Aaya_1985,1985,0.0,3,0.0,5
Anokha_1975,1975,4,1.0,8,2.0
Hifazat (1987 film)_1987,1987,3,2.0,3,4.0
Sadak_1991,1991,2,1.0,7,10.0
Soldier (1998 Indian film)_1998,1998,2,2.0,6,5.0
Mera Faisla_1984,1984,2.0,1.0,2.0,3.0
Saathi (1991 film)_1991,1991,3,1.0,6,4.0
Pyaar Koi Khel Nahin_1999,1999,3.0,3,5.0,5
Aag Ka Gola_1990,1990,1.0,3,1.0,3
Chatpati_1983,1983,2.0,2,3.0,7
Parampara (1992 film)_1992,1992,4.0,3,4.0,7
Aao Pyaar Karen (1994 film)_1994,1994,2,2.0,6,2.0
Behen Hogi Teri_2017,2017,4,3.0,4,6.0
Do Waqt Ki Roti_1988,1988,0.0,3,0.0,7
Jannat 2_2012,2012,7,0.0,14,0.0
Justice Chaudhury_1983,1983,1,2.0,6,5.0
Nishana (1980 film)_1980,1980,2.0,3,5.0,6
Holi (1984 film)_1984,1984,1,0.0,4,0.0
Dabangg_2010,2010,6,2.0,11,4.0
Shiva (1990 film)_1990,1990,3,2.0,4,4.0
Damadamm!_2011,2011,2.0,4.0,2.0,5.0
Saazish (1998 film)_1998,1998,3.0,2,4.0,2
Hasti_1993,1993,4,3.0,6,5.0
Bobby (1973 film)_1973,1973,3.0,1,6.0,4
Udhaar Ki Zindagi_1994,1994,3.0,4,6.0,6
Purana Mandir_1984,1984,1.0,2,1.0,4
Dus Numbri_1976,1976,3,2.0,6,4.0
Zaalim_1994,1994,3,1.0,4,2.0
Paramaatma (1994 film)_1994,1994,4,1.0,12,3.0
Bada Kabutar_1973,1973,1.0,1,2.0,8
Apnapan_1977,1977,2.0,3,3.0,5
Kayda Kanoon_1993,1993,3,4.0,7,7.0
Ek Main Aur Ekk Tu_2012,2012,7,3.0,8,7.0
Sanjog (1985 film)_1985,1985,2.0,4,2.0,6
Kahani Ek Chor Ki_1981,1981,3,2.0,4,4.0
Andolan (1995 film)_1995,1995,3,2.0,8,7.0
Naach Uthe Sansaar_1976,1976,1,1.0,6,2.0
Chor Ke Ghar Chor_1978,1978,2.0,2,4.0,2
Kab Tak Chup Rahungi_1988,1988,0.0,3.0,0.0,9.0
Angoor (1982 film)_1982,1982,1.0,1,1.0,2
Mere Dad Ki Maruti_2013,2013,6.0,1.0,6.0,1.0
Hera Pheri (2000 film)_2000,2000,5,3.0,9,5.0
Kasam Paida Karne Wale Ki_1984,1984,0.0,2,0.0,11
Parde Ke Peechey_1971,1971,1.0,4,4.0,11
Lal Baadshah_1999,1999,3,4.0,6,7.0
Ishaqzaade_2012,2012,3,3.0,3,6.0
Maa Aur Mamta_1970,1970,2,2.0,4,4.0
Satyamev Jayate (1987 film)_1987,1987,2,2.0,2,3.0
Begunaah_1991,1991,2,3.0,4,5.0
Zakhmi Sipahi_1992,1992,2,1.0,3,2.0
Adha Din Adhi Raat_1977,1977,2.0,2,3.0,4
Guddu_1995,1995,2,2.0,11,3.0
Yeh Faasley_2011,2011,1.0,1,2.0,2
Yamraaj (film)_1998,1998,4.0,3.0,4.0,3.0
Bandhan (1998 film)_1998,1998,3.0,3,6.0,5
Ahsaas_1979,1979,2,2.0,9,4.0
Tarana (1979 film)_1979,1979,2,3.0,2,7.0
Dedh Ishqiya_2014,2014,6,2.0,7,3.0
Heera-Moti_1979,1979,2,1.0,5,1.0
Blood Money (2012 film)_2012,2012,2,0.0,5,0.0
Happy New Year (2014 film)_2014,2014,10.0,5.0,18.0,8.0
Johny Mera Naam_1970,1970,1.0,3.0,3.0,5.0
Krantiveer_1994,1994,3,6.0,6,7.0
Parasmani_1992,1992,1.0,2,1.0,6
Mera Rakshak_1978,1978,0.0,1,0.0,2
Kai Po Che!_2013,2013,1,2.0,2,3.0
Des Pardes (1978 film)_1978,1978,1,3.0,5,4.0
Khwaabb_2014,2014,3,1.0,3,1.0
Souten_1983,1983,1,3.0,4,5.0
Jaanoo_1985,1985,0.0,2.0,0.0,6.0
Issaq (2013 film)_2013,2013,8,3.0,11,3.0
Hisss_2010,2010,4,3.0,6,4.0
Pyasa Shaitan_1984,1984,1.0,2.0,2.0,2.0
Waiting (2016 film)_2016,2016,3,2.0,4,3.0
Raja Babu (film)_1994,1994,4.0,2,4.0,5
Sweetiee Weds NRI_2017,2017,4.0,2.0,6.0,5.0
Aag (1994 film)_1994,1994,4,1.0,6,3.0
Kismat (1995 film)_1995,1995,3,3.0,5,5.0
I Love You (1992 film)_1992,1992,4,2.0,9,5.0
Moojrim_1970,1970,0.0,0.0,0.0,0.0
Return of Jewel Thief_1996,1996,5,3.0,6,6.0
Meraa Ghar Mere Bachche_1985,1985,1.0,4,1.0,4
Ek Baap Chhe Bete_1978,1978,2.0,0.0,5.0,0.0
Gair (film)_1999,1999,3,4.0,6,5.0
Dav Pech_1989,1989,2,3.0,6,4.0
Kala Dhanda Goray Log_1986,1986,0.0,2.0,0.0,2.0
Sachin: A Billion Dreams_2017,2017,3,0.0,3,0.0
Kasak (1992 film)_1992,1992,1.0,4,1.0,14
Ganga Tera Pani Amrit_1971,1971,1.0,1,1.0,3
Pyaar Mohabbat_1988,1988,1.0,3.0,1.0,5.0
Naseeb (1981 film)_1981,1981,5,4.0,8,6.0
Kasauti_1974,1974,2,2.0,3,5.0
Bodyguard (2011 Hindi film)_2011,2011,4,2.0,8,6.0
Rakhwala_1989,1989,1,2.0,4,5.0
Dulha Mil Gaya_2010,2010,4,4.0,6,10.0
Sanjog (1971 film)_1971,1971,2,2.0,6,3.0
Nasihat_1986,1986,3,4.0,15,13.0
Dilliwali Zaalim Girlfriend_2015,2015,5,2.0,6,3.0
Yes Boss (film)_1997,1997,3,1.0,6,3.0
Do Phool_1973,1973,1.0,3,2.0,6
Dil Diwana_1974,1974,2,1.0,7,5.0
Shri Ram Vanvas_1977,1977,3.0,1,6.0,12
Superman (1987 film)_1987,1987,0.0,1,0.0,2
Chauraha_1994,1994,1.0,4.0,1.0,5.0
Dafaa 302_1975,1975,2,3.0,4,7.0
Tohfa Mohabbat Ka_1988,1988,0.0,4,0.0,11
Zahreelay_1990,1990,0.0,3,0.0,5
Ghar Parivar_1991,1991,3,3.0,4,5.0
Rupaye Dus Karod_1991,1991,2,5.0,3,10.0
Pehla Nasha_1993,1993,0.0,2,0.0,4
Judaai (1980 film)_1980,1980,2,4.0,5,6.0
Ajnabi Saaya_1998,1998,1,3.0,4,8.0
Vardi (film)_1989,1989,2,3.0,3,3.0
Badalte Rishtey_1978,1978,3,3.0,6,4.0
Dhobi Ghat (film)_2011,2011,2,0.0,3,0.0
Bombay to Goa_1972,1972,0.0,1,0.0,2
Himalay Se Ooncha_1975,1975,1,1.0,2,4.0
Ashray_1983,1983,3,2.0,4,3.0
Agni Sakshi (1996 film)_1996,1996,4,2.0,4,5.0
Deewana Hoon Pagal Nahi_1998,1998,5,3.0,8,6.0
China Gate (1998 film)_1998,1998,0.0,0.0,0.0,0.0
Chaahat (1971 film)_1971,1971,2.0,2,2.0,4
Do Hanso Ka Joda_1992,1992,2,1.0,4,1.0
Drohi (1992 film)_1992,1992,2,0.0,8,0.0
2 States (film)_2014,2014,7.0,3,8.0,3
Main Tere Liye_1988,1988,2.0,2,3.0,4
Wazir (film)_2016,2016,5,1.0,7,1.0
Dil Se Mile Dil_1978,1978,2,2.0,2,2.0
Jolly LLB_2013,2013,4,1.0,5,2.0
Kaala Samrajya_1999,1999,3.0,2.0,5.0,4.0
Sherni_1988,1988,0.0,3,0.0,4
Karm Yudh (1985 film)_1985,1985,1.0,3.0,1.0,5.0
Sanyasi Mera Naam_1999,1999,2.0,1.0,5.0,3.0
Aansoo Aur Muskan_1970,1970,3,2.0,3,3.0
Thodi Thodi Si Manmaaniyan_2017,2017,2.0,0.0,2.0,0.0
Trishul (1978 film)_1978,1978,4.0,2,8.0,7
Ab To Aaja Saajan Mere_1994,1994,0.0,0.0,0.0,0.0
Chunaoti_1980,1980,1.0,3,1.0,4
Mazdoor Zindabaad_1976,1976,3,2.0,7,5.0
Bekaraar_1983,1983,3.0,2,4.0,5
Kohraam_1991,1991,2.0,5.0,3.0,9.0
Mad About Dance_2014,2014,3,0.0,5,0.0
Life Mein Twist Hai_2014,2014,2,1.0,3,1.0
Do Anjaane_1976,1976,1.0,1,2.0,2
Batwara_1989,1989,1.0,4,1.0,11
Silsila (1981 film)_1981,1981,3,2.0,7,7.0
Izzat (1991 film)_1991,1991,2.0,2.0,2.0,2.0
Parivaar (1987 film)_1987,1987,3,3.0,4,10.0
Saheb Biwi Aur Gangster Returns_2013,2013,2.0,2.0,2.0,2.0
Son Of Sardaar_2012,2012,7,1.0,12,1.0
Himmat Aur Mehanat_1987,1987,1.0,1.0,2.0,5.0
Mera Naam Joker_1970,1970,4,1.0,6,1.0
Crook (film)_2010,2010,5.0,2.0,6.0,3.0
Aag Hi Aag_1987,1987,1.0,2,1.0,6
Sapnon Ka Mandir_1991,1991,0.0,4.0,0.0,5.0
Jai Jawaan Jai Kisaan (Film)_2015,2015,2,0.0,2,0.0
Race 2_2013,2013,6,5.0,21,10.0
Kabhi Haan Kabhi Naa_1993,1993,2,3.0,6,5.0
Qayamat_1983,1983,0.0,1,0.0,4
Gopalaa_1994,1994,1,4.0,3,7.0
Kambakkht Ishq_2009,2009,3.0,4.0,3.0,6.0
Tejaa_1990,1990,0.0,3,0.0,6
Ek Hi Raasta (1993 film)_1993,1993,3,2.0,5,2.0
Zehreela Insaan_1974,1974,2,2.0,3,2.0
Khuda Kasam (1981 film)_1981,1981,1.0,3,3.0,10
Do Sholay_1977,1977,1,1.0,6,2.0
Harjaee_1981,1981,2,2.0,6,3.0
Be-Imaan (1972 film)_1972,1972,4,3.0,6,5.0
Disco Dancer (1982 film)_1982,1982,3,4.0,5,4.0
Jaani Dushman_1979,1979,2,3.0,3,3.0
Gaman_1978,1978,2.0,2,2.0,2
Hum Hain Rahi Pyar Ke_1993,1993,1,2.0,4,5.0
Zakhm (1989 film)_1989,1989,1,2.0,3,5.0
Major Saab_1998,1998,4,3.0,7,4.0
Aur Ek Prem Kahani_1996,1996,2.0,1,2.0,3
Anjane Mein_1978,1978,1,3.0,4,5.0
Pasand Apni Apni_1983,1983,1.0,1,1.0,4
Surakshaa_1979,1979,3,3.0,7,3.0
Hind Ka Napak Ko Jawab: MSG Lion Heart 2_2017,2017,2,0.0,5,0.0
Sadma_1983,1983,3,2.0,6,4.0
Banjaran_1991,1991,2.0,4,2.0,9
Sohni Mahiwal (1984 film)_1984,1984,0.0,2.0,0.0,6.0
Nasha (film)_2013,2013,2,3.0,2,3.0
Jeene Do_1990,1990,1.0,3.0,2.0,6.0
Dil Ka Raja_1972,1972,2,1.0,9,4.0
Jaise Ko Taisa_1973,1973,1,2.0,5,4.0
Biwi No.1_1999,1999,7,4.0,9,6.0
Adhikar (1971 film)_1971,1971,3,1.0,4,3.0
Main Tulsi Tere Aangan Ki_1978,1978,1.0,5,1.0,8
Prahaar: The Final Attack_1991,1991,2,2.0,3,2.0
Hum Hain Bemisaal_1994,1994,3,3.0,3,4.0
Pyar Ka Karz_1990,1990,1.0,4,5.0,9
Mukti (1977 film)_1977,1977,3,2.0,5,3.0
Aashiqui.in_2011,2011,1,0.0,15,0.0
Shehzada_1972,1972,3,1.0,9,5.0
Madam X (1994 film)_1994,1994,1.0,2,2.0,6
Youngistaan_2014,2014,3,1.0,5,2.0
ChaalBaaz_1989,1989,3.0,2.0,4.0,7.0
Dil Hi To Hai_1992,1992,2.0,5,7.0,7
Swarg_1990,1990,1.0,2.0,1.0,4.0
Jyoti (1981 film)_1981,1981,1.0,1,1.0,4
Mausam (1976 film)_1975,1975,0.0,2.0,0.0,4.0
Main Aur Mera Haathi_1981,1981,1,2.0,3,3.0
Loafer (1996 film)_1996,1996,2,3.0,6,5.0
Teesri Aankh_1982,1982,3,3.0,6,6.0
Kartoos_1999,1999,3,1.0,9,2.0
Prem (film)_1995,1995,0.0,1,0.0,7
Umar Qaid_1975,1975,4.0,2,4.0,5
Inteqam_2001,2001,1.0,1,2.0,6
Roohi (1981 Film)_1981,1981,0.0,1,0.0,2
Aakrosh (2010 film)_2010,2010,4.0,2,4.0,4
Do Chehere_1977,1977,4,3.0,5,9.0
Jheel Ke Us Paar_1973,1973,1.0,2,2.0,5
Balwaan_1992,1992,2.0,2,2.0,4
Bbuddah... Hoga Terra Baap_2011,2011,3,2.0,6,2.0
Diljalaa_1987,1987,1.0,2,3.0,4
Mr. Azaad_1994,1994,4,2.0,9,5.0
Choron Ki Baaraat_1980,1980,3,1.0,4,2.0
Mumbai 125 KM 3D_2014,2014,2,2.0,2,2.0
Shortcut Safari_2016,2016,3,1.0,4,1.0
Zilla Ghaziabad_2013,2013,3,3.0,4,3.0
Ek Khiladi Bawan Pattey_1972,1972,0.0,1,0.0,8
Sangram (1993 film)_1993,1993,1.0,3,4.0,8
Aaj Ka Dada_1985,1985,1,2.0,4,3.0
Aadmi Sadak Ka_1977,1977,3,2.0,5,2.0
Do Nambar Ke Amir_1974,1974,1.0,1,1.0,4
Angaare_1977,1977,2,2.0,5,5.0
Darr (1993 film)_1993,1993,4,4.0,5,8.0
Iski Topi Uske Sarr_1998,1998,5,2.0,6,2.0
Ram Aur Shyam_1996,1996,1,0.0,2,0.0
Abodh_1984,1984,2.0,1,5.0,9
The Legend of Michael Mishra_2016,2016,1.0,1.0,1.0,1.0
Aatish: Feel the Fire_1994,1994,3,3.0,8,7.0
Fareb_1983,1983,3.0,2,6.0,5
Sitara (film)_1980,1980,0.0,3,0.0,10
Purab Aur Paschim_1970,1970,4,2.0,9,2.0
Henna (film)_1991,1991,3.0,1,5.0,6
Ankhon Dekhi_2014,2014,2,0.0,4,0.0
Jawan Mohabbat_1971,1971,1.0,2,6.0,4
Awam (film)_1987,1987,1.0,1,2.0,2
Swarg Jaisaa Ghar_1991,1991,2.0,4,3.0,8
Jeene Nahi Doonga_1984,1984,0.0,3,0.0,7
Ustadi Ustad Se_1981,1981,0.0,0.0,0.0,0.0
Kaarnama_1990,1990,0.0,3,0.0,7
Dil (1990 film)_1990,1990,2,3.0,6,6.0
Gaai Aur Gori_1973,1973,1,2.0,4,6.0
Diwangi Ne Had Kar Di_2010,2010,2.0,2,3.0,3
Sonali Cable_2014,2014,2,2.0,4,2.0
Not a Love Story (2011 film)_2011,2011,0.0,1,0.0,1
Purani Haveli (film)_1989,1989,1.0,1,4.0,2
Jeevan Jyoti (1976 film)_1976,1976,1.0,3,2.0,5
Prem Deewane_1992,1992,3,4.0,6,8.0
Kishen Kanhaiya_1990,1990,1.0,4,1.0,7
Kshatriya (film)_1993,1993,0.0,4.0,0.0,4.0
Ishq Ishq Ishq_1974,1974,1,1.0,7,5.0
Insaniyat Ke Dushman_1987,1987,1,1.0,3,3.0
Teen Thay Bhai_2011,2011,3,0.0,13,0.0
Sanam Teri Kasam (1982 film)_1982,1982,2.0,1,9.0,4
Elaan (1971 film)_1971,1971,1.0,3,1.0,7
Daud (film)_1997,1997,7,4.0,7,6.0
Kaminey_2009,2009,7,2.0,12,4.0
Delhi Safari_2012,2012,3,3.0,5,3.0
Aakhree Raasta (1986 film)_1986,1986,0.0,2,0.0,4
Raaste Kaa Patthar_1972,1972,2,1.0,4,6.0
Aaj Ka Arjun_1990,1990,2.0,4.0,2.0,8.0
Aakraman_1975,1975,2,2.0,6,2.0
Aashiana_1974,1974,2.0,1,5.0,2
Saheb Biwi Aur Gangster_2011,2011,4.0,2.0,4.0,2.0
Aunty No. 1_1998,1998,2,3.0,4,5.0
Happy Ending (film)_2014,2014,5.0,3,5.0,3
Kaun Sachcha Kaun Jhootha_1997,1997,1,1.0,3,1.0
A Flying Jatt_2016,2016,5.0,3.0,6.0,3.0
Khatta Meetha (2010 film)_2010,2010,5,2.0,7,3.0
Gangvaa_1984,1984,2.0,2,4.0,3
Jhoota Kahin Ka_1979,1979,2,1.0,5,5.0
Ghar Ki Laaj_1993,1993,3.0,1,6.0,2
Chandra Mukhi_1993,1993,3,3.0,6,5.0
Jai Bangladesh_1971,1971,2.0,4,4.0,8
Cinema Cinema_1979,1979,0.0,0.0,0.0,0.0
